player_name,opponent,match_date,tournament,category,round,lp,lo,three_dart_average,opponent_avg
Luke Littler,Jonny Clayton,2026-09-20,World Series of Darts Finals,MJ,Quarter Final,4.0,10.0,95.85,96.13
Luke Littler,Nathan Aspinall,2026-09-19,World Series of Darts Finals,MJ,Last 16,10.0,9.0,98.07,94.52
Luke Littler,Danny Noppert,2026-09-18,World Series of Darts Finals,MJ,Last 32,6.0,4.0,98.2,91.76
Luke Littler,Luke Humphries,2026-09-06,European Tour,ET,Final,8.0,6.0,95.25,94.81
Luke Littler,Michael van Gerwen,2026-09-06,European Tour,ET,Semi Final,7.0,3.0,106.64,83.53
Luke Littler,Danny Noppert,2026-09-06,European Tour,ET,Quarter Final,6.0,0.0,102.48,88.78
Luke Littler,Krzysztof Ratajski,2026-09-06,European Tour,ET,Last 16,6.0,3.0,99.21,99.61
Luke Littler,Niko Springer,2026-09-05,European Tour,ET,Last 32,6.0,4.0,108.59,98.56
Luke Littler,Brendan Dolan,2026-08-26,Players Championship,PT,Semi Final,4.0,7.0,96.42,97.63
Luke Littler,Krzysztof Ratajski,2026-08-26,Players Championship,PT,Quarter Final,6.0,4.0,100.65,99.99
Luke Humphries,Dirk van Duijvenbode,2026-09-19,World Series of Darts Finals,MJ,Last 16,9.0,10.0,99.1,101.14
Luke Humphries,Jermaine Wattimena,2026-09-17,World Series of Darts Finals,MJ,Last 32,6.0,4.0,98.43,92.61
Luke Humphries,Luke Littler,2026-09-06,European Tour,ET,Final,6.0,8.0,94.81,95.25
Luke Humphries,Gerwyn Price,2026-09-06,European Tour,ET,Semi Final,7.0,4.0,97.41,102.16
Luke Humphries,William O&#039;Connor,2026-09-06,European Tour,ET,Quarter Final,6.0,3.0,91.54,84.67
Luke Humphries,Andrew Gilding,2026-09-06,European Tour,ET,Last 16,6.0,3.0,93.93,93.64
Luke Humphries,Beau Greaves,2026-09-05,European Tour,ET,Last 32,6.0,2.0,108.98,98.85
Luke Humphries,Dirk van Duijvenbode,2026-08-29,European Tour,ET,Last 32,3.0,6.0,92.67,98.34
Luke Humphries,Brendan Dolan,2026-08-26,Players Championship,PT,Final,8.0,6.0,93.88,87.31
Luke Humphries,Mike De Decker,2026-08-26,Players Championship,PT,Semi Final,7.0,4.0,99.97,91.68
Gerwyn Price,Ross Smith,2026-09-20,World Series of Darts Finals,MJ,Final,5.0,11.0,97.28,103.89
Gerwyn Price,Jonny Clayton,2026-09-20,World Series of Darts Finals,MJ,Semi Final,11.0,7.0,104.07,95.62
Gerwyn Price,James Wade,2026-09-20,World Series of Darts Finals,MJ,Quarter Final,10.0,7.0,103.86,96.58
Gerwyn Price,Jim Long,2026-09-19,World Series of Darts Finals,MJ,Last 16,10.0,5.0,97.91,88.73
Gerwyn Price,Brody Klinge,2026-09-18,World Series of Darts Finals,MJ,Last 32,6.0,4.0,98.98,96.78
Gerwyn Price,Ross Smith,2026-09-13,European Tour,ET,Last 16,5.0,6.0,92.29,92.37
Gerwyn Price,Bradley Brooks,2026-09-12,European Tour,ET,Last 32,6.0,3.0,103.52,94.01
Gerwyn Price,Luke Humphries,2026-09-06,European Tour,ET,Semi Final,4.0,7.0,102.16,97.41
Gerwyn Price,Ross Smith,2026-09-06,European Tour,ET,Quarter Final,6.0,4.0,100.5,97.55
Gerwyn Price,Cameron Menzies,2026-09-06,European Tour,ET,Last 16,6.0,1.0,89.39,76.18
Gary Anderson,Cameron Menzies,2026-09-05,European Tour,ET,Last 32,3.0,6.0,84.63,95.82
Gary Anderson,Ross Smith,2026-08-30,European Tour,ET,Final,2.0,8.0,90.5,101.01
Gary Anderson,Nathan Aspinall,2026-08-30,European Tour,ET,Semi Final,7.0,6.0,89.05,96.87
Gary Anderson,Gian van Veen,2026-08-30,European Tour,ET,Quarter Final,6.0,5.0,101.45,99.79
Gary Anderson,Stephen Bunting,2026-08-30,European Tour,ET,Last 16,6.0,5.0,97.36,95.01
Gary Anderson,Krzysztof Ratajski,2026-08-29,European Tour,ET,Last 32,6.0,2.0,105.27,88.26
Gary Anderson,Dirk van Duijvenbode,2026-07-23,World Matchplay,MJ,Quarter Final,13.0,16.0,101.32,101.49
Gary Anderson,Jonny Clayton,2026-07-21,World Matchplay,MJ,Last 16,11.0,7.0,98.13,97.72
Gary Anderson,Ryan Joyce,2026-07-19,World Matchplay,MJ,Last 32,10.0,2.0,109.96,95.49
Gary Anderson,Gian van Veen,2026-07-07,Players Championship,PT,Last 64,4.0,6.0,93.43,100.21
Chris Dobey,Karel Sedláček,2026-09-23,Players Championship,PT,Quarter Final,5.0,6.0,97.41,88.56
Chris Dobey,Dirk van Duijvenbode,2026-09-23,Players Championship,PT,Last 16,6.0,3.0,102.35,88.64
Chris Dobey,Charlie Manby,2026-09-23,Players Championship,PT,Last 32,6.0,2.0,98.85,92.38
Chris Dobey,Arno Merk,2026-09-23,Players Championship,PT,Last 64,6.0,1.0,92.78,79.0
Chris Dobey,Gilbert van der Meijden,2026-09-23,Players Championship,PT,Last 128,6.0,5.0,98.56,90.55
Chris Dobey,Gian van Veen,2026-09-22,Players Championship,PT,Quarter Final,5.0,6.0,100.32,95.69
Chris Dobey,Josh Rock,2026-09-22,Players Championship,PT,Last 16,6.0,3.0,106.62,96.61
Chris Dobey,Maik Kuivenhoven,2026-09-22,Players Championship,PT,Last 32,6.0,1.0,106.09,93.37
Chris Dobey,Wesley Plaisier,2026-09-22,Players Championship,PT,Last 64,6.0,0.0,112.73,90.5
Chris Dobey,Cam Crabtree,2026-09-22,Players Championship,PT,Last 128,6.0,0.0,103.66,98.5
Wessel Nijman,Kai Gotthardt,2026-09-23,Players Championship,PT,Last 64,5.0,6.0,98.09,100.16
Wessel Nijman,David Sharp,2026-09-23,Players Championship,PT,Last 128,6.0,3.0,102.98,90.81
Wessel Nijman,Cameron Menzies,2026-09-22,Players Championship,PT,Last 16,4.0,6.0,99.06,93.04
Wessel Nijman,Keane Barry,2026-09-22,Players Championship,PT,Last 32,6.0,3.0,102.97,98.24
Wessel Nijman,Viktor Tingstrom,2026-09-22,Players Championship,PT,Last 64,6.0,3.0,106.3,100.02
Wessel Nijman,Nathan Potter,2026-09-22,Players Championship,PT,Last 128,6.0,2.0,106.83,89.42
Wessel Nijman,James Wade,2026-09-19,World Series of Darts Finals,MJ,Last 16,7.0,10.0,98.47,101.4
Wessel Nijman,Simon Whitlock,2026-09-18,World Series of Darts Finals,MJ,Last 32,6.0,4.0,98.25,85.78
Wessel Nijman,Danny Noppert,2026-09-13,European Tour,ET,Last 16,4.0,6.0,97.02,100.13
Wessel Nijman,Sebastian Bialecki,2026-09-12,European Tour,ET,Last 32,6.0,4.0,92.49,92.73
Michael van Gerwen,Scott Williams,2026-09-23,Players Championship,PT,Quarter Final,2.0,6.0,91.17,94.01
Michael van Gerwen,Brendan Dolan,2026-09-23,Players Championship,PT,Last 16,6.0,1.0,96.97,80.41
Michael van Gerwen,Jimmy van Schie,2026-09-23,Players Championship,PT,Last 32,6.0,4.0,107.47,95.23
Michael van Gerwen,Ian White,2026-09-23,Players Championship,PT,Last 64,6.0,3.0,87.97,86.18
Michael van Gerwen,Benjamin Pratnemer,2026-09-23,Players Championship,PT,Last 128,6.0,5.0,96.49,95.62
Michael van Gerwen,Benjamin Pratnemer,2026-09-22,Players Championship,PT,Last 128,3.0,6.0,89.53,83.81
Michael van Gerwen,Daryl Gurney,2026-09-17,World Series of Darts Finals,MJ,Last 32,5.0,6.0,96.2,97.7
Michael van Gerwen,Damon Heta,2026-09-12,European Tour,ET,Last 32,5.0,6.0,85.66,92.83
Michael van Gerwen,Luke Littler,2026-09-06,European Tour,ET,Semi Final,3.0,7.0,83.53,106.64
Michael van Gerwen,Jonny Clayton,2026-09-06,European Tour,ET,Quarter Final,6.0,3.0,97.79,88.84
Gian van Veen,Cameron Menzies,2026-09-22,Players Championship,PT,Final,4.0,8.0,89.16,96.77
Gian van Veen,William O&#039;Connor,2026-09-22,Players Championship,PT,Semi Final,7.0,5.0,95.32,92.69
Gian van Veen,Chris Dobey,2026-09-22,Players Championship,PT,Quarter Final,6.0,5.0,95.69,100.32
Gian van Veen,Nathan Aspinall,2026-09-22,Players Championship,PT,Last 16,6.0,5.0,100.79,104.18
Gian van Veen,Darius Labanauskas,2026-09-22,Players Championship,PT,Last 32,6.0,4.0,104.78,94.37
Gian van Veen,Daniel Klose,2026-09-22,Players Championship,PT,Last 64,6.0,2.0,92.83,79.97
Gian van Veen,Tommy Morris,2026-09-22,Players Championship,PT,Last 128,6.0,1.0,97.86,88.02
Gian van Veen,Ross Smith,2026-09-20,World Series of Darts Finals,MJ,Semi Final,8.0,11.0,85.84,90.77
Gian van Veen,Dirk van Duijvenbode,2026-09-20,World Series of Darts Finals,MJ,Quarter Final,10.0,8.0,95.04,94.15
Gian van Veen,Karel Sedláček,2026-09-19,World Series of Darts Finals,MJ,Last 16,10.0,7.0,101.52,103.3
Ross Smith,Gerwyn Price,2026-09-20,World Series of Darts Finals,MJ,Final,11.0,5.0,103.89,97.28
Ross Smith,Gian van Veen,2026-09-20,World Series of Darts Finals,MJ,Semi Final,11.0,8.0,90.77,85.84
Ross Smith,Josh Rock,2026-09-20,World Series of Darts Finals,MJ,Quarter Final,10.0,7.0,97.54,94.49
Ross Smith,Daryl Gurney,2026-09-19,World Series of Darts Finals,MJ,Last 16,10.0,5.0,100.3,94.57
Ross Smith,Kevin Doets,2026-09-17,World Series of Darts Finals,MJ,Last 32,6.0,3.0,102.98,95.9
Ross Smith,James Wade,2026-09-13,European Tour,ET,Final,4.0,8.0,94.82,95.5
Ross Smith,Gian van Veen,2026-09-13,European Tour,ET,Semi Final,7.0,6.0,94.31,92.89
Ross Smith,Ryan Joyce,2026-09-13,European Tour,ET,Quarter Final,6.0,5.0,90.42,86.26
Ross Smith,Gerwyn Price,2026-09-13,European Tour,ET,Last 16,6.0,5.0,92.37,92.29
Ross Smith,Jeffrey de Graaf,2026-09-12,European Tour,ET,Last 32,6.0,2.0,100.21,92.46
Nathan Aspinall,Karel Sedláček,2026-09-23,Players Championship,PT,Last 16,3.0,6.0,82.13,91.18
Nathan Aspinall,Adam Paxton,2026-09-23,Players Championship,PT,Last 32,6.0,3.0,90.59,83.59
Nathan Aspinall,Archie Self,2026-09-23,Players Championship,PT,Last 64,6.0,3.0,96.8,86.19
Nathan Aspinall,Mervyn King,2026-09-23,Players Championship,PT,Last 128,6.0,2.0,93.14,82.2
Nathan Aspinall,Gian van Veen,2026-09-22,Players Championship,PT,Last 16,5.0,6.0,104.18,100.79
Nathan Aspinall,Daryl Gurney,2026-09-22,Players Championship,PT,Last 32,6.0,4.0,103.07,90.92
Nathan Aspinall,Bradley Brooks,2026-09-22,Players Championship,PT,Last 64,6.0,2.0,102.21,92.76
Nathan Aspinall,Mike De Decker,2026-09-22,Players Championship,PT,Last 128,6.0,5.0,93.11,88.24
Nathan Aspinall,Luke Littler,2026-09-19,World Series of Darts Finals,MJ,Last 16,9.0,10.0,94.52,98.07
Nathan Aspinall,Raymond Smith,2026-09-18,World Series of Darts Finals,MJ,Last 32,6.0,4.0,95.46,89.9
Kevin Doets,Steve Lennon,2026-09-23,Players Championship,PT,Last 16,4.0,6.0,96.35,94.4
Kevin Doets,Mickey Mansell,2026-09-23,Players Championship,PT,Last 32,6.0,2.0,92.3,78.87
Kevin Doets,Lewis Pride,2026-09-23,Players Championship,PT,Last 64,6.0,4.0,91.9,93.12
Kevin Doets,Rhys Griffin,2026-09-23,Players Championship,PT,Last 128,6.0,2.0,82.37,77.96
Kevin Doets,Cameron Menzies,2026-09-22,Players Championship,PT,Semi Final,5.0,7.0,99.54,91.32
Kevin Doets,Jermaine Wattimena,2026-09-22,Players Championship,PT,Quarter Final,6.0,2.0,104.63,90.61
Kevin Doets,Cristo Reyes,2026-09-22,Players Championship,PT,Last 16,6.0,5.0,92.56,92.93
Kevin Doets,Henry Coates,2026-09-22,Players Championship,PT,Last 32,6.0,4.0,113.9,105.8
Kevin Doets,Kai Gotthardt,2026-09-22,Players Championship,PT,Last 64,6.0,2.0,92.02,87.73
Kevin Doets,Jeffrey Sparidaans,2026-09-22,Players Championship,PT,Last 128,6.0,0.0,99.1,86.28
Dirk van Duijvenbode,Chris Dobey,2026-09-23,Players Championship,PT,Last 16,3.0,6.0,88.64,102.35
Dirk van Duijvenbode,Tom Sykes,2026-09-23,Players Championship,PT,Last 32,6.0,2.0,96.94,90.96
Dirk van Duijvenbode,Michael Smith,2026-09-23,Players Championship,PT,Last 64,6.0,3.0,88.33,80.29
Dirk van Duijvenbode,Viktor Tingstrom,2026-09-23,Players Championship,PT,Last 128,6.0,1.0,83.78,74.39
Dirk van Duijvenbode,Adam Gawlas,2026-09-22,Players Championship,PT,Last 64,5.0,6.0,93.84,91.13
Dirk van Duijvenbode,Filip Bereza,2026-09-22,Players Championship,PT,Last 128,6.0,2.0,82.0,76.12
Dirk van Duijvenbode,Gian van Veen,2026-09-20,World Series of Darts Finals,MJ,Quarter Final,8.0,10.0,94.15,95.04
Dirk van Duijvenbode,Luke Humphries,2026-09-19,World Series of Darts Finals,MJ,Last 16,10.0,9.0,101.14,99.1
Dirk van Duijvenbode,Viktor Tingstrom,2026-09-17,World Series of Darts Finals,MJ,Last 32,6.0,4.0,93.96,87.18
Dirk van Duijvenbode,Brendan Dolan,2026-09-11,European Tour,ET,Last 48 (Premier),3.0,6.0,87.78,80.56
Stephen Bunting,Josh Rock,2026-09-17,World Series of Darts Finals,MJ,Last 32,5.0,6.0,101.1,102.04
Stephen Bunting,Nathan Aspinall,2026-09-13,European Tour,ET,Last 16,4.0,6.0,87.29,93.37
Stephen Bunting,Brendan Dolan,2026-09-12,European Tour,ET,Last 32,6.0,5.0,95.19,101.76
Stephen Bunting,Luke Woodhouse,2026-09-05,European Tour,ET,Last 32,4.0,6.0,103.23,105.3
Stephen Bunting,Gary Anderson,2026-08-30,European Tour,ET,Last 16,5.0,6.0,95.01,97.36
Stephen Bunting,Jonas Masalin,2026-08-29,European Tour,ET,Last 32,6.0,1.0,97.86,88.88
Stephen Bunting,James Wade,2026-08-22,World Series of Darts,WS,Quarter Final,5.0,6.0,95.6,98.57
Stephen Bunting,Mal Cuming,2026-08-21,World Series of Darts,WS,Last 16,6.0,3.0,89.01,87.35
Stephen Bunting,Raymond Smith,2026-08-14,World Series of Darts,WS,Last 16,2.0,6.0,99.3,99.81
Stephen Bunting,Josh Rock,2026-07-21,World Matchplay,MJ,Last 16,6.0,11.0,82.9,91.18
Jonny Clayton,Gerwyn Price,2026-09-20,World Series of Darts Finals,MJ,Semi Final,7.0,11.0,95.62,104.07
Jonny Clayton,Luke Littler,2026-09-20,World Series of Darts Finals,MJ,Quarter Final,10.0,4.0,96.13,95.85
Jonny Clayton,Motomu Sakai,2026-09-19,World Series of Darts Finals,MJ,Last 16,10.0,8.0,90.82,90.75
Jonny Clayton,Maik Kuivenhoven,2026-09-18,World Series of Darts Finals,MJ,Last 32,6.0,3.0,89.37,86.31
Jonny Clayton,Michael van Gerwen,2026-09-06,European Tour,ET,Quarter Final,3.0,6.0,88.84,97.79
Jonny Clayton,Keane Barry,2026-09-06,European Tour,ET,Last 16,6.0,4.0,96.94,98.25
Jonny Clayton,Damon Heta,2026-09-05,European Tour,ET,Last 32,6.0,2.0,93.83,85.55
Jonny Clayton,Ross Smith,2026-08-30,European Tour,ET,Last 16,4.0,6.0,96.85,92.83
Jonny Clayton,Laszlo Kadar,2026-08-29,European Tour,ET,Last 32,6.0,3.0,92.79,85.43
Jonny Clayton,Brody Klinge,2026-08-22,World Series of Darts,WS,Semi Final,5.0,7.0,98.89,101.59
Rob Cross,Ryan Searle,2026-09-17,World Series of Darts Finals,MJ,Last 32,2.0,6.0,98.14,97.59
Rob Cross,James Wade,2026-09-13,European Tour,ET,Last 16,5.0,6.0,96.33,101.59
Rob Cross,Martin Schindler,2026-09-12,European Tour,ET,Last 32,6.0,4.0,92.98,84.67
Rob Cross,Cristo Reyes,2026-09-11,European Tour,ET,Last 48 (Premier),6.0,3.0,104.64,102.68
Rob Cross,Keane Barry,2026-09-04,European Tour,ET,Last 48 (Premier),4.0,6.0,86.12,89.73
Rob Cross,Dirk van Duijvenbode,2026-08-30,European Tour,ET,Last 16,4.0,6.0,91.38,98.94
Rob Cross,Luke Woodhouse,2026-08-29,European Tour,ET,Last 32,6.0,5.0,100.54,100.12
Rob Cross,Beau Greaves,2026-08-28,European Tour,ET,Last 48 (Premier),6.0,5.0,101.9,104.88
Rob Cross,Kevin Doets,2026-08-25,Players Championship,PT,Last 16,3.0,6.0,85.43,82.33
Rob Cross,Martin Schindler,2026-08-25,Players Championship,PT,Last 32,6.0,5.0,99.43,100.26
James Wade,Gerwyn Price,2026-09-20,World Series of Darts Finals,MJ,Quarter Final,7.0,10.0,96.58,103.86
James Wade,Wessel Nijman,2026-09-19,World Series of Darts Finals,MJ,Last 16,10.0,7.0,101.4,98.47
James Wade,Damon Heta,2026-09-18,World Series of Darts Finals,MJ,Last 32,6.0,5.0,92.47,88.41
James Wade,Ross Smith,2026-09-13,European Tour,ET,Final,8.0,4.0,95.5,94.82
James Wade,Damon Heta,2026-09-13,European Tour,ET,Semi Final,7.0,4.0,97.5,94.0
James Wade,Danny Noppert,2026-09-13,European Tour,ET,Quarter Final,6.0,0.0,99.1,94.21
James Wade,Rob Cross,2026-09-13,European Tour,ET,Last 16,6.0,5.0,101.59,96.33
James Wade,Jim Long,2026-09-12,European Tour,ET,Last 32,6.0,2.0,96.77,96.71
James Wade,Brody Klinge,2026-08-22,World Series of Darts,WS,Final,8.0,5.0,101.62,104.56
James Wade,Gerwyn Price,2026-08-22,World Series of Darts,WS,Semi Final,7.0,4.0,101.27,94.17
Danny Noppert,Scott Williams,2026-09-23,Players Championship,PT,Last 64,5.0,6.0,101.83,99.08
Danny Noppert,Adam Warner,2026-09-23,Players Championship,PT,Last 128,6.0,4.0,98.58,87.81
Danny Noppert,Jeffrey de Graaf,2026-09-22,Players Championship,PT,Last 16,4.0,6.0,94.96,97.14
Danny Noppert,Beau Greaves,2026-09-22,Players Championship,PT,Last 32,6.0,4.0,97.45,94.96
Danny Noppert,Lukas Wenig,2026-09-22,Players Championship,PT,Last 64,6.0,4.0,98.41,87.83
Danny Noppert,Jimmy van Schie,2026-09-22,Players Championship,PT,Last 128,6.0,5.0,106.74,102.33
Danny Noppert,Luke Littler,2026-09-18,World Series of Darts Finals,MJ,Last 32,4.0,6.0,91.76,98.2
Danny Noppert,James Wade,2026-09-13,European Tour,ET,Quarter Final,0.0,6.0,94.21,99.1
Danny Noppert,Wessel Nijman,2026-09-13,European Tour,ET,Last 16,6.0,4.0,100.13,97.02
Danny Noppert,Chris Landman,2026-09-12,European Tour,ET,Last 32,6.0,2.0,97.71,89.12
Ryan Searle,Josh Rock,2026-09-19,World Series of Darts Finals,MJ,Last 16,7.0,10.0,90.6,95.11
Ryan Searle,Rob Cross,2026-09-17,World Series of Darts Finals,MJ,Last 32,6.0,2.0,97.59,98.14
Ryan Searle,Chris Dobey,2026-09-13,European Tour,ET,Last 16,5.0,6.0,87.97,87.58
Ryan Searle,Andy Baetens,2026-09-12,European Tour,ET,Last 32,6.0,2.0,95.52,88.33
Ryan Searle,William O&#039;Connor,2026-09-05,European Tour,ET,Last 32,4.0,6.0,91.81,91.54
Ryan Searle,Danny Noppert,2026-08-30,European Tour,ET,Last 16,4.0,6.0,97.19,93.32
Ryan Searle,Niko Springer,2026-08-29,European Tour,ET,Last 32,6.0,4.0,97.31,94.23
Ryan Searle,Mickey Mansell,2026-08-25,Players Championship,PT,Last 16,5.0,6.0,89.17,96.4
Ryan Searle,Adam Gawlas,2026-08-25,Players Championship,PT,Last 32,6.0,5.0,98.87,92.15
Ryan Searle,Justin Hood,2026-08-25,Players Championship,PT,Last 64,6.0,5.0,98.66,96.09
Josh Rock,Mario Vandenbogaerde,2026-09-23,Players Championship,PT,Last 128,1.0,6.0,89.51,95.86
Josh Rock,Chris Dobey,2026-09-22,Players Championship,PT,Last 16,3.0,6.0,96.61,106.62
Josh Rock,Sebastian Bialecki,2026-09-22,Players Championship,PT,Last 32,6.0,1.0,99.06,93.29
Josh Rock,Brendan Dolan,2026-09-22,Players Championship,PT,Last 64,6.0,5.0,93.89,86.35
Josh Rock,Alan Soutar,2026-09-22,Players Championship,PT,Last 128,6.0,2.0,100.13,93.89
Josh Rock,Ross Smith,2026-09-20,World Series of Darts Finals,MJ,Quarter Final,7.0,10.0,94.49,97.54
Josh Rock,Ryan Searle,2026-09-19,World Series of Darts Finals,MJ,Last 16,10.0,7.0,95.11,90.6
Josh Rock,Stephen Bunting,2026-09-17,World Series of Darts Finals,MJ,Last 32,6.0,5.0,102.04,101.1
Josh Rock,Ryan Joyce,2026-09-12,European Tour,ET,Last 32,3.0,6.0,92.91,93.09
Josh Rock,William O&#039;Connor,2026-09-06,European Tour,ET,Last 16,5.0,6.0,93.57,93.43
Luke Woodhouse,Niels Zonneveld,2026-09-23,Players Championship,PT,Last 16,4.0,6.0,93.79,99.76
Luke Woodhouse,Keane Barry,2026-09-23,Players Championship,PT,Last 32,6.0,5.0,101.09,97.42
Luke Woodhouse,Leon Weber,2026-09-23,Players Championship,PT,Last 64,6.0,1.0,95.32,74.06
Luke Woodhouse,Justin Hood,2026-09-23,Players Championship,PT,Last 128,6.0,4.0,102.93,100.85
Luke Woodhouse,Ritchie Edhouse,2026-09-22,Players Championship,PT,Last 128,5.0,6.0,97.41,99.94
Luke Woodhouse,Damon Heta,2026-09-13,European Tour,ET,Last 16,3.0,6.0,102.97,101.38
Luke Woodhouse,William O&#039;Connor,2026-09-12,European Tour,ET,Last 32,6.0,3.0,98.63,95.7
Luke Woodhouse,Danny Noppert,2026-09-06,European Tour,ET,Last 16,5.0,6.0,97.99,97.12
Luke Woodhouse,Stephen Bunting,2026-09-05,European Tour,ET,Last 32,6.0,4.0,105.3,103.23
Luke Woodhouse,Connor Scutt,2026-09-04,European Tour,ET,Last 48 (Premier),6.0,4.0,104.3,97.4
Jermaine Wattimena,Scott Williams,2026-09-23,Players Championship,PT,Semi Final,4.0,7.0,90.25,99.95
Jermaine Wattimena,Steve Lennon,2026-09-23,Players Championship,PT,Quarter Final,6.0,5.0,96.06,97.56
Jermaine Wattimena,Martin Schindler,2026-09-23,Players Championship,PT,Last 16,6.0,5.0,96.63,96.25
Jermaine Wattimena,Adam Gawlas,2026-09-23,Players Championship,PT,Last 32,6.0,2.0,101.92,90.21
Jermaine Wattimena,Marvin van Velzen,2026-09-23,Players Championship,PT,Last 64,6.0,4.0,103.74,95.98
Jermaine Wattimena,Jim Long,2026-09-23,Players Championship,PT,Last 128,6.0,4.0,98.07,94.34
Jermaine Wattimena,Kevin Doets,2026-09-22,Players Championship,PT,Quarter Final,2.0,6.0,90.61,104.63
Jermaine Wattimena,Callan Rydz,2026-09-22,Players Championship,PT,Last 16,6.0,3.0,100.86,99.37
Jermaine Wattimena,Ricardo Pietreczko,2026-09-22,Players Championship,PT,Last 32,6.0,3.0,106.74,93.74
Jermaine Wattimena,Jeffrey de Zwaan,2026-09-22,Players Championship,PT,Last 64,6.0,3.0,100.56,93.58
Damon Heta,Karel Sedláček,2026-09-23,Players Championship,PT,Last 32,1.0,6.0,97.37,105.52
Damon Heta,Darius Labanauskas,2026-09-23,Players Championship,PT,Last 64,6.0,3.0,93.51,86.87
Damon Heta,Dominik Gruellich,2026-09-23,Players Championship,PT,Last 128,6.0,2.0,99.36,97.59
Damon Heta,Callan Rydz,2026-09-22,Players Championship,PT,Last 128,5.0,6.0,100.14,104.13
Damon Heta,James Wade,2026-09-18,World Series of Darts Finals,MJ,Last 32,5.0,6.0,88.41,92.47
Damon Heta,James Wade,2026-09-13,European Tour,ET,Semi Final,4.0,7.0,94.0,97.5
Damon Heta,Nathan Aspinall,2026-09-13,European Tour,ET,Quarter Final,6.0,5.0,92.67,99.2
Damon Heta,Luke Woodhouse,2026-09-13,European Tour,ET,Last 16,6.0,3.0,101.38,102.97
Damon Heta,Michael van Gerwen,2026-09-12,European Tour,ET,Last 32,6.0,5.0,92.83,85.66
Damon Heta,Beau Greaves,2026-09-11,European Tour,ET,Last 48 (Premier),6.0,5.0,90.62,92.96
Niels Zonneveld,Karel Sedláček,2026-09-23,Players Championship,PT,Semi Final,2.0,7.0,97.07,95.96
Niels Zonneveld,Raymond van Barneveld,2026-09-23,Players Championship,PT,Quarter Final,6.0,4.0,93.06,83.56
Niels Zonneveld,Luke Woodhouse,2026-09-23,Players Championship,PT,Last 16,6.0,4.0,99.76,93.79
Niels Zonneveld,Sebastian Bialecki,2026-09-23,Players Championship,PT,Last 32,6.0,5.0,96.53,95.23
Niels Zonneveld,Stephen Rosney,2026-09-23,Players Championship,PT,Last 64,6.0,1.0,98.51,87.71
Niels Zonneveld,Sietse Lap,2026-09-23,Players Championship,PT,Last 128,6.0,2.0,106.47,95.33
Niels Zonneveld,Scott Williams,2026-09-22,Players Championship,PT,Last 64,4.0,6.0,98.32,100.14
Niels Zonneveld,Christian Kist,2026-09-22,Players Championship,PT,Last 128,6.0,1.0,92.89,91.53
Niels Zonneveld,Chris Dobey,2026-09-12,European Tour,ET,Last 32,1.0,6.0,82.11,86.85
Niels Zonneveld,Petr Tous,2026-09-11,European Tour,ET,Last 48 (Premier),6.0,3.0,98.24,84.7
Krzysztof Ratajski,Cam Crabtree,2026-09-23,Players Championship,PT,Last 128,3.0,6.0,95.89,95.17
Krzysztof Ratajski,Martijn Dragt,2026-09-22,Players Championship,PT,Last 128,4.0,6.0,94.14,98.18
Krzysztof Ratajski,Kevin Doets,2026-09-12,European Tour,ET,Last 32,5.0,6.0,93.49,93.27
Krzysztof Ratajski,Luke Littler,2026-09-06,European Tour,ET,Last 16,3.0,6.0,99.61,99.21
Krzysztof Ratajski,Jermaine Wattimena,2026-09-05,European Tour,ET,Last 32,6.0,2.0,101.53,95.41
Krzysztof Ratajski,Adam Gawlas,2026-09-04,European Tour,ET,Last 48 (Premier),6.0,2.0,92.74,88.24
Krzysztof Ratajski,Gary Anderson,2026-08-29,European Tour,ET,Last 32,2.0,6.0,88.26,105.27
Krzysztof Ratajski,Callan Rydz,2026-08-28,European Tour,ET,Last 48 (Premier),6.0,5.0,92.57,94.82
Krzysztof Ratajski,Luke Littler,2026-08-26,Players Championship,PT,Quarter Final,4.0,6.0,99.99,100.65
Krzysztof Ratajski,Greg Ritchie,2026-08-26,Players Championship,PT,Last 16,6.0,2.0,91.78,89.4
Justin Hood,Maik Kuivenhoven,2026-09-24,European Tour Card Holder Qualifier,Q,Quarter Final,5.0,6.0,91.25,90.24
Justin Hood,Luke Woodhouse,2026-09-23,Players Championship,PT,Last 128,4.0,6.0,100.85,102.93
Justin Hood,Ted Evetts,2026-09-22,Players Championship,PT,Last 128,1.0,6.0,84.21,92.13
Justin Hood,Owen Bates,2026-08-26,Players Championship,PT,Last 16,1.0,6.0,94.28,103.57
Justin Hood,Ryan Joyce,2026-08-26,Players Championship,PT,Last 32,6.0,1.0,100.7,87.54
Justin Hood,Jeffrey de Zwaan,2026-08-26,Players Championship,PT,Last 64,6.0,3.0,88.96,88.15
Justin Hood,Tommy Morris,2026-08-26,Players Championship,PT,Last 128,6.0,5.0,92.01,85.18
Justin Hood,Ryan Searle,2026-08-25,Players Championship,PT,Last 64,5.0,6.0,96.09,98.66
Justin Hood,Shane McGuirk,2026-08-25,Players Championship,PT,Last 128,6.0,4.0,99.63,93.17
Justin Hood,Owen Bates,2026-08-24,World Series Finals Tour Card Qualifier,Q,Semi Final,4.0,6.0,88.29,87.22
Cristo Reyes,Tom Sykes,2026-09-23,Players Championship,PT,Last 128,3.0,6.0,99.32,103.97
Cristo Reyes,Kevin Doets,2026-09-22,Players Championship,PT,Last 16,5.0,6.0,92.93,92.56
Cristo Reyes,Adam Gawlas,2026-09-22,Players Championship,PT,Last 32,6.0,1.0,94.35,77.94
Cristo Reyes,Gilbert van der Meijden,2026-09-22,Players Championship,PT,Last 64,6.0,2.0,106.82,81.98
Cristo Reyes,Ian White,2026-09-22,Players Championship,PT,Last 128,6.0,1.0,110.59,93.41
Cristo Reyes,Rob Cross,2026-09-11,European Tour,ET,Last 48 (Premier),3.0,6.0,102.68,104.64
Cristo Reyes,Callan Rydz,2026-09-04,European Tour,ET,Last 48 (Premier),1.0,6.0,86.88,96.14
Cristo Reyes,Ryan Joyce,2026-08-28,European Tour,ET,Last 48 (Premier),3.0,6.0,96.11,86.87
Cristo Reyes,Danny Noppert,2026-08-26,Players Championship,PT,Last 32,3.0,6.0,94.06,97.69
Cristo Reyes,Cam Crabtree,2026-08-26,Players Championship,PT,Last 64,6.0,3.0,96.77,92.24
Jeffrey de Graaf,Alexander Merkx,2026-09-23,Players Championship,PT,Last 128,2.0,6.0,85.94,87.72
Jeffrey de Graaf,Cameron Menzies,2026-09-22,Players Championship,PT,Quarter Final,3.0,6.0,86.1,97.29
Jeffrey de Graaf,Danny Noppert,2026-09-22,Players Championship,PT,Last 16,6.0,4.0,97.14,94.96
Jeffrey de Graaf,Andrew Gilding,2026-09-22,Players Championship,PT,Last 32,6.0,1.0,91.07,94.5
Jeffrey de Graaf,Connor Scutt,2026-09-22,Players Championship,PT,Last 64,6.0,2.0,87.3,83.45
Jeffrey de Graaf,Mervyn King,2026-09-22,Players Championship,PT,Last 128,6.0,1.0,100.71,96.0
Jeffrey de Graaf,Ross Smith,2026-09-12,European Tour,ET,Last 32,2.0,6.0,92.46,100.21
Jeffrey de Graaf,Jeroen Caron,2026-09-11,European Tour,ET,Last 48 (Premier),6.0,5.0,89.45,86.38
Jeffrey de Graaf,Gian van Veen,2026-09-05,European Tour,ET,Last 32,1.0,6.0,96.59,100.88
Jeffrey de Graaf,Niels Zonneveld,2026-09-04,European Tour,ET,Last 48 (Premier),6.0,3.0,94.21,96.84
Karel Sedláček,Scott Williams,2026-09-23,Players Championship,PT,Final,8.0,7.0,91.92,96.25
Karel Sedláček,Niels Zonneveld,2026-09-23,Players Championship,PT,Semi Final,7.0,2.0,95.96,97.07
Karel Sedláček,Chris Dobey,2026-09-23,Players Championship,PT,Quarter Final,6.0,5.0,88.56,97.41
Karel Sedláček,Nathan Aspinall,2026-09-23,Players Championship,PT,Last 16,6.0,3.0,91.18,82.13
Karel Sedláček,Damon Heta,2026-09-23,Players Championship,PT,Last 32,6.0,1.0,105.52,97.37
Karel Sedláček,Daniel Klose,2026-09-23,Players Championship,PT,Last 64,6.0,0.0,96.97,86.93
Karel Sedláček,Tavis Dudeney,2026-09-23,Players Championship,PT,Last 128,6.0,1.0,86.78,76.41
Karel Sedláček,Archie Self,2026-09-22,Players Championship,PT,Last 64,5.0,6.0,98.54,95.57
Karel Sedláček,Carl Sneyd,2026-09-22,Players Championship,PT,Last 128,6.0,4.0,100.14,99.61
Karel Sedláček,Gian van Veen,2026-09-19,World Series of Darts Finals,MJ,Last 16,7.0,10.0,103.3,101.52
William O&#039;Connor,Oskar Lukasiak,2026-09-23,Players Championship,PT,Last 128,5.0,6.0,92.3,93.36
William O&#039;Connor,Gian van Veen,2026-09-22,Players Championship,PT,Semi Final,5.0,7.0,92.69,95.32
William O&#039;Connor,Oskar Lukasiak,2026-09-22,Players Championship,PT,Quarter Final,6.0,3.0,89.92,85.08
William O&#039;Connor,Cor Dekker,2026-09-22,Players Championship,PT,Last 16,6.0,4.0,97.91,95.39
William O&#039;Connor,Archie Self,2026-09-22,Players Championship,PT,Last 32,6.0,4.0,98.17,92.26
William O&#039;Connor,Greg Ritchie,2026-09-22,Players Championship,PT,Last 64,6.0,4.0,97.47,88.93
William O&#039;Connor,Tytus Kanik,2026-09-22,Players Championship,PT,Last 128,6.0,0.0,93.94,84.16
William O&#039;Connor,Luke Woodhouse,2026-09-12,European Tour,ET,Last 32,3.0,6.0,95.7,98.63
William O&#039;Connor,Kevin Lankhuizen,2026-09-11,European Tour,ET,Last 48 (Premier),6.0,2.0,93.27,84.25
William O&#039;Connor,Luke Humphries,2026-09-06,European Tour,ET,Quarter Final,3.0,6.0,84.67,91.54
Andrew Gilding,Maximilian Czerwinski,2026-09-23,Players Championship,PT,Last 128,4.0,6.0,84.94,85.64
Andrew Gilding,Jeffrey de Graaf,2026-09-22,Players Championship,PT,Last 32,1.0,6.0,94.5,91.07
Andrew Gilding,Peter Wright,2026-09-22,Players Championship,PT,Last 64,6.0,4.0,95.67,98.98
Andrew Gilding,Maximilian Czerwinski,2026-09-22,Players Championship,PT,Last 128,6.0,1.0,85.99,73.53
Andrew Gilding,Chris Landman,2026-09-11,European Tour,ET,Last 48 (Premier),5.0,6.0,92.5,89.78
Andrew Gilding,Luke Humphries,2026-09-06,European Tour,ET,Last 16,3.0,6.0,93.64,93.93
Andrew Gilding,Nathan Aspinall,2026-09-05,European Tour,ET,Last 32,6.0,2.0,96.49,95.71
Andrew Gilding,David Rosi,2026-09-04,European Tour,ET,Last 48 (Premier),6.0,3.0,90.66,77.84
Andrew Gilding,Jermaine Wattimena,2026-08-29,European Tour,ET,Last 32,4.0,6.0,90.8,96.67
Andrew Gilding,Milan Biro,2026-08-28,European Tour,ET,Last 48 (Premier),6.0,0.0,95.94,85.83
Martin Schindler,Jermaine Wattimena,2026-09-23,Players Championship,PT,Last 16,5.0,6.0,96.25,96.63
Martin Schindler,Tommy Morris,2026-09-23,Players Championship,PT,Last 32,6.0,1.0,98.35,86.5
Martin Schindler,Alan Soutar,2026-09-23,Players Championship,PT,Last 64,6.0,2.0,88.9,93.29
Martin Schindler,Matthias Ehlers,2026-09-23,Players Championship,PT,Last 128,6.0,4.0,99.15,91.3
Martin Schindler,Thomas Lovely,2026-09-22,Players Championship,PT,Last 128,5.0,6.0,98.14,96.92
Martin Schindler,Rob Cross,2026-09-12,European Tour,ET,Last 32,4.0,6.0,84.67,92.98
Martin Schindler,Wessel Nijman,2026-09-05,European Tour,ET,Last 32,5.0,6.0,98.24,97.47
Martin Schindler,Robert Owen,2026-09-04,European Tour,ET,Last 48 (Premier),6.0,4.0,89.5,95.75
Martin Schindler,Keane Barry,2026-08-28,European Tour,ET,Last 48 (Premier),2.0,6.0,95.97,100.77
Martin Schindler,Luke Littler,2026-08-26,Players Championship,PT,Last 32,1.0,6.0,98.71,107.23
Cameron Menzies,Callan Rydz,2026-09-23,Players Championship,PT,Last 128,5.0,6.0,91.58,95.73
Cameron Menzies,Gian van Veen,2026-09-22,Players Championship,PT,Final,8.0,4.0,96.77,89.16
Cameron Menzies,Kevin Doets,2026-09-22,Players Championship,PT,Semi Final,7.0,5.0,91.32,99.54
Cameron Menzies,Jeffrey de Graaf,2026-09-22,Players Championship,PT,Quarter Final,6.0,3.0,97.29,86.1
Cameron Menzies,Wessel Nijman,2026-09-22,Players Championship,PT,Last 16,6.0,4.0,93.04,99.06
Cameron Menzies,Benjamin Pratnemer,2026-09-22,Players Championship,PT,Last 32,6.0,2.0,95.6,86.29
Cameron Menzies,Jim Long,2026-09-22,Players Championship,PT,Last 64,6.0,5.0,88.98,83.91
Cameron Menzies,Nick Kenny,2026-09-22,Players Championship,PT,Last 128,6.0,2.0,101.34,87.32
Cameron Menzies,Gabriel Clemens,2026-09-11,European Tour,ET,Last 48 (Premier),4.0,6.0,92.38,92.66
Cameron Menzies,Gerwyn Price,2026-09-06,European Tour,ET,Last 16,1.0,6.0,76.18,89.39
Connor Scutt,Michael Smith,2026-09-24,European Tour Card Holder Qualifier,Q,Semi Final,5.0,6.0,89.17,96.15
Connor Scutt,Stephen Rosney,2026-09-24,European Tour Card Holder Qualifier,Q,Quarter Final,6.0,5.0,88.91,81.21
Connor Scutt,Sebastian Bialecki,2026-09-23,Players Championship,PT,Last 128,4.0,6.0,93.68,92.41
Connor Scutt,Jeffrey de Graaf,2026-09-22,Players Championship,PT,Last 64,2.0,6.0,83.45,87.3
Connor Scutt,Tyler Thorpe,2026-09-22,Players Championship,PT,Last 128,6.0,4.0,93.02,84.79
Connor Scutt,Luke Woodhouse,2026-09-04,European Tour,ET,Last 48 (Premier),4.0,6.0,97.4,104.3
Connor Scutt,Ritchie Edhouse,2026-08-28,European Tour,ET,Last 48 (Premier),1.0,6.0,75.89,88.9
Connor Scutt,Thomas Lovely,2026-08-26,Players Championship,PT,Last 64,2.0,6.0,97.18,93.52
Connor Scutt,Jack Tweddell,2026-08-26,Players Championship,PT,Last 128,6.0,5.0,90.58,94.44
Connor Scutt,Tommy Lishman,2026-08-25,Players Championship,PT,Last 128,4.0,6.0,85.8,88.7
Callan Rydz,Mario Vandenbogaerde,2026-09-24,European Tour Card Holder Qualifier,Q,Final,6.0,2.0,99.89,94.81
Callan Rydz,Dennie Olde Kalter,2026-09-24,European Tour Card Holder Qualifier,Q,Semi Final,6.0,3.0,91.59,88.41
Callan Rydz,Steve Lennon,2026-09-23,Players Championship,PT,Last 64,3.0,6.0,93.02,96.93
Callan Rydz,Cameron Menzies,2026-09-23,Players Championship,PT,Last 128,6.0,5.0,95.73,91.58
Callan Rydz,Jermaine Wattimena,2026-09-22,Players Championship,PT,Last 16,3.0,6.0,99.37,100.86
Callan Rydz,Kim Huybrechts,2026-09-22,Players Championship,PT,Last 32,6.0,5.0,94.29,86.3
Callan Rydz,Mensur Suljović,2026-09-22,Players Championship,PT,Last 64,6.0,3.0,88.0,86.37
Callan Rydz,Damon Heta,2026-09-22,Players Championship,PT,Last 128,6.0,5.0,104.13,100.14
Callan Rydz,Motomu Sakai,2026-09-18,World Series of Darts Finals,MJ,Last 32,5.0,6.0,97.0,97.41
Callan Rydz,Gerwyn Price,2026-09-05,European Tour,ET,Last 32,2.0,6.0,80.86,103.86
Alan Soutar,Thibault Tricole,2026-09-24,European Tour Card Holder Qualifier,Q,Quarter Final,2.0,6.0,88.22,96.59
Alan Soutar,Martin Schindler,2026-09-23,Players Championship,PT,Last 64,2.0,6.0,93.29,88.9
Alan Soutar,Madars Razma,2026-09-23,Players Championship,PT,Last 128,6.0,5.0,92.59,97.33
Alan Soutar,Josh Rock,2026-09-22,Players Championship,PT,Last 128,2.0,6.0,93.89,100.13
Alan Soutar,Robert Owen,2026-08-26,Players Championship,PT,Last 128,5.0,6.0,92.71,88.88
Alan Soutar,Joe Cullen,2026-08-25,Players Championship,PT,Last 64,3.0,6.0,95.21,95.28
Alan Soutar,Daniel Ayres,2026-08-25,Players Championship,PT,Last 128,6.0,2.0,99.97,96.3
Alan Soutar,Bradley Brooks,2026-07-30,European Tour Card Holder Qualifier,Q,Final,4.0,6.0,95.9,95.48
Alan Soutar,Lukas Wenig,2026-07-30,European Tour Card Holder Qualifier,Q,Semi Final,6.0,4.0,85.59,80.65
Alan Soutar,Kai Gotthardt,2026-07-30,European Tour Card Holder Qualifier,Q,Quarter Final,6.0,4.0,94.12,88.61
Richard Veenstra,Scott Williams,2026-09-23,Players Championship,PT,Last 32,1.0,6.0,90.53,110.41
Richard Veenstra,Stefaan Henderyck,2026-09-23,Players Championship,PT,Last 64,6.0,2.0,85.75,83.62
Richard Veenstra,Greg Ritchie,2026-09-23,Players Championship,PT,Last 128,6.0,4.0,87.04,90.34
Richard Veenstra,Cor Dekker,2026-09-22,Players Championship,PT,Last 64,2.0,6.0,95.01,91.46
Richard Veenstra,Owen Bates,2026-09-22,Players Championship,PT,Last 128,6.0,5.0,86.76,88.92
Richard Veenstra,Krzysztof Ratajski,2026-08-26,Players Championship,PT,Last 32,1.0,6.0,87.98,90.28
Richard Veenstra,Darius Labanauskas,2026-08-26,Players Championship,PT,Last 64,6.0,1.0,94.24,86.47
Richard Veenstra,Marvin Kraft,2026-08-26,Players Championship,PT,Last 128,6.0,2.0,83.45,77.67
Richard Veenstra,Wesley Plaisier,2026-08-25,Players Championship,PT,Last 64,4.0,6.0,91.12,83.26
Richard Veenstra,Benjamin Pratnemer,2026-08-25,Players Championship,PT,Last 128,6.0,3.0,85.94,90.54
Joe Cullen,Andy Baetens,2026-09-11,European Tour,ET,Last 48 (Premier),3.0,6.0,93.98,102.7
Joe Cullen,Stephen Burton,2026-09-04,European Tour,ET,Last 48 (Premier),3.0,6.0,88.67,91.12
Joe Cullen,Josh Rock,2026-08-29,European Tour,ET,Last 32,0.0,6.0,76.91,85.89
Joe Cullen,Adam Leek,2026-08-28,European Tour,ET,Last 48 (Premier),6.0,3.0,97.55,92.43
Joe Cullen,Jeffrey de Zwaan,2026-08-26,Players Championship,PT,Last 128,4.0,6.0,93.08,89.27
Joe Cullen,Dirk van Duijvenbode,2026-08-25,Players Championship,PT,Last 32,4.0,6.0,86.09,99.29
Joe Cullen,Alan Soutar,2026-08-25,Players Championship,PT,Last 64,6.0,3.0,95.28,95.21
Joe Cullen,Jeffrey de Zwaan,2026-08-25,Players Championship,PT,Last 128,6.0,3.0,82.4,79.19
Joe Cullen,Nathan Aspinall,2026-07-18,World Matchplay,MJ,Last 32,5.0,10.0,95.79,105.32
Joe Cullen,Michael van Gerwen,2026-07-11,European Tour,ET,Last 32,2.0,6.0,93.32,99.61
Kim Huybrechts,Robert Owen,2026-09-23,Players Championship,PT,Last 128,5.0,6.0,91.95,85.44
Kim Huybrechts,Callan Rydz,2026-09-22,Players Championship,PT,Last 32,5.0,6.0,86.3,94.29
Kim Huybrechts,Stefan Bellmont,2026-09-22,Players Championship,PT,Last 64,6.0,5.0,92.69,84.13
Kim Huybrechts,Adam Paxton,2026-09-22,Players Championship,PT,Last 128,6.0,5.0,86.18,84.11
Kim Huybrechts,Sebastian Bialecki,2026-09-11,European Tour,ET,Last 48 (Premier),5.0,6.0,92.87,91.07
Kim Huybrechts,Ryan Joyce,2026-09-04,European Tour,ET,Last 48 (Premier),5.0,6.0,91.91,90.35
Kim Huybrechts,Mike De Decker,2026-08-26,Players Championship,PT,Quarter Final,5.0,6.0,84.98,88.05
Kim Huybrechts,Jeffrey de Graaf,2026-08-26,Players Championship,PT,Last 16,6.0,2.0,99.84,96.27
Kim Huybrechts,William O&#039;Connor,2026-08-26,Players Championship,PT,Last 32,6.0,4.0,93.14,93.02
Kim Huybrechts,Lewis Pride,2026-08-26,Players Championship,PT,Last 64,6.0,5.0,95.74,90.33
Tom Bissell,Dennie Olde Kalter,2026-09-24,European Tour Card Holder Qualifier,Q,Quarter Final,5.0,6.0,93.1,85.45
Tom Bissell,Adam Paxton,2026-09-23,Players Championship,PT,Last 64,5.0,6.0,86.45,80.93
Tom Bissell,Jeffrey Sparidaans,2026-09-23,Players Championship,PT,Last 128,6.0,4.0,97.52,88.32
Tom Bissell,Max Hopp,2026-09-22,Players Championship,PT,Last 64,2.0,6.0,96.0,100.81
Tom Bissell,David Sharp,2026-09-22,Players Championship,PT,Last 128,6.0,2.0,87.86,85.83
Tom Bissell,Andy Boulton,2026-08-26,Players Championship,PT,Last 64,5.0,6.0,93.37,87.72
Tom Bissell,Tyler Thorpe,2026-08-26,Players Championship,PT,Last 128,6.0,3.0,94.63,80.35
Tom Bissell,Chris Landman,2026-08-25,Players Championship,PT,Last 128,1.0,6.0,86.24,93.43
Tom Bissell,Benjamin Pratnemer,2026-08-24,World Series Finals Tour Card Qualifier,Q,Quarter Final,5.0,6.0,93.84,92.03
Tom Bissell,Richard Veenstra,2026-08-24,World Series Finals Tour Card Qualifier,Q,Last 16,6.0,4.0,94.96,93.37
Tom Sykes,Brendan Dolan,2026-09-24,European Tour Card Holder Qualifier,Q,Semi Final,4.0,6.0,96.63,96.08
Tom Sykes,Dominik Gruellich,2026-09-24,European Tour Card Holder Qualifier,Q,Quarter Final,6.0,3.0,87.39,86.15
Tom Sykes,Dirk van Duijvenbode,2026-09-23,Players Championship,PT,Last 32,2.0,6.0,90.96,96.94
Tom Sykes,Jurjen van der Velde,2026-09-23,Players Championship,PT,Last 64,6.0,2.0,94.67,90.15
Tom Sykes,Cristo Reyes,2026-09-23,Players Championship,PT,Last 128,6.0,3.0,103.97,99.32
Tom Sykes,Mensur Suljović,2026-09-22,Players Championship,PT,Last 128,5.0,6.0,95.34,92.58
Tom Sykes,Chris Dobey,2026-08-29,European Tour,ET,Last 32,5.0,6.0,91.64,93.33
Tom Sykes,Cameron Menzies,2026-08-28,European Tour,ET,Last 48 (Premier),6.0,1.0,101.2,96.84
Tom Sykes,Bradley Brooks,2026-08-26,Players Championship,PT,Last 64,4.0,6.0,100.51,91.79
Tom Sykes,Niall Culleton,2026-08-26,Players Championship,PT,Last 128,6.0,2.0,96.79,89.85
Mickey Mansell,Tyler Thorpe,2026-09-24,European Tour Card Holder Qualifier,Q,Final,6.0,2.0,105.24,87.52
Mickey Mansell,Andy Boulton,2026-09-24,European Tour Card Holder Qualifier,Q,Semi Final,6.0,5.0,94.51,92.08
Mickey Mansell,Maximilian Czerwinski,2026-09-24,European Tour Card Holder Qualifier,Q,Quarter Final,6.0,0.0,99.1,83.45
Mickey Mansell,Kevin Doets,2026-09-23,Players Championship,PT,Last 32,2.0,6.0,78.87,92.3
Mickey Mansell,Lukas Wenig,2026-09-23,Players Championship,PT,Last 64,6.0,5.0,89.68,90.76
Mickey Mansell,Andy Boulton,2026-09-23,Players Championship,PT,Last 128,6.0,3.0,90.36,89.93
Mickey Mansell,Ricardo Pietreczko,2026-09-22,Players Championship,PT,Last 128,5.0,6.0,90.16,91.22
Mickey Mansell,Bradley Brooks,2026-09-11,European Tour,ET,Last 48 (Premier),4.0,6.0,91.79,86.16
Mickey Mansell,Jimmy van Schie,2026-08-26,Players Championship,PT,Last 128,3.0,6.0,99.96,105.36
Mickey Mansell,Luke Woodhouse,2026-08-25,Players Championship,PT,Quarter Final,2.0,6.0,97.03,101.97
Sebastian Bialecki,Niels Zonneveld,2026-09-23,Players Championship,PT,Last 32,5.0,6.0,95.23,96.53
Sebastian Bialecki,Shane McGuirk,2026-09-23,Players Championship,PT,Last 64,6.0,5.0,92.55,93.9
Sebastian Bialecki,Connor Scutt,2026-09-23,Players Championship,PT,Last 128,6.0,4.0,92.41,93.68
Sebastian Bialecki,Josh Rock,2026-09-22,Players Championship,PT,Last 32,1.0,6.0,93.29,99.06
Sebastian Bialecki,Darryl Pilgrim,2026-09-22,Players Championship,PT,Last 64,6.0,3.0,92.83,85.07
Sebastian Bialecki,Michael Smith,2026-09-22,Players Championship,PT,Last 128,6.0,0.0,93.94,76.68
Sebastian Bialecki,Wessel Nijman,2026-09-12,European Tour,ET,Last 32,4.0,6.0,92.73,92.49
Sebastian Bialecki,Kim Huybrechts,2026-09-11,European Tour,ET,Last 48 (Premier),6.0,5.0,91.07,92.87
Sebastian Bialecki,Brendan Dolan,2026-08-26,Players Championship,PT,Last 32,5.0,6.0,92.08,93.25
Sebastian Bialecki,Nick Kenny,2026-08-26,Players Championship,PT,Last 64,6.0,1.0,95.21,89.45
Daryl Gurney,Max Hopp,2026-09-24,European Tour Card Holder Qualifier,Q,Final,2.0,6.0,81.86,93.28
Daryl Gurney,Thomas Lovely,2026-09-24,European Tour Card Holder Qualifier,Q,Semi Final,6.0,3.0,89.68,94.81
Daryl Gurney,Tyler Thorpe,2026-09-23,Players Championship,PT,Last 128,4.0,6.0,85.52,85.2
Daryl Gurney,Nathan Aspinall,2026-09-22,Players Championship,PT,Last 32,4.0,6.0,90.92,103.07
Daryl Gurney,Joe Hunt,2026-09-22,Players Championship,PT,Last 64,6.0,3.0,100.05,95.73
Daryl Gurney,Ryan Meikle,2026-09-22,Players Championship,PT,Last 128,6.0,3.0,96.92,89.37
Daryl Gurney,Ross Smith,2026-09-19,World Series of Darts Finals,MJ,Last 16,5.0,10.0,94.57,100.3
Daryl Gurney,Michael van Gerwen,2026-09-17,World Series of Darts Finals,MJ,Last 32,6.0,5.0,97.7,96.2
Daryl Gurney,Beau Greaves,2026-09-04,European Tour,ET,Last 48 (Premier),4.0,6.0,89.54,93.54
Daryl Gurney,Laszlo Kadar,2026-08-28,European Tour,ET,Last 48 (Premier),5.0,6.0,91.75,93.9
Ritchie Edhouse,Joe Hunt,2026-09-23,Players Championship,PT,Last 64,2.0,6.0,78.73,91.59
Ritchie Edhouse,Henry Coates,2026-09-23,Players Championship,PT,Last 128,6.0,5.0,87.0,87.9
Ritchie Edhouse,Oskar Lukasiak,2026-09-22,Players Championship,PT,Last 64,2.0,6.0,88.74,91.06
Ritchie Edhouse,Luke Woodhouse,2026-09-22,Players Championship,PT,Last 128,6.0,5.0,99.94,97.41
Ritchie Edhouse,Danny Noppert,2026-08-29,European Tour,ET,Last 32,4.0,6.0,90.93,94.01
Ritchie Edhouse,Connor Scutt,2026-08-28,European Tour,ET,Last 48 (Premier),6.0,1.0,88.9,75.89
Ritchie Edhouse,Daniel Ayres,2026-08-26,Players Championship,PT,Last 128,3.0,6.0,93.34,93.68
Ritchie Edhouse,Darryl Pilgrim,2026-08-25,Players Championship,PT,Last 64,1.0,6.0,85.63,89.28
Ritchie Edhouse,Maik Kuivenhoven,2026-08-25,Players Championship,PT,Last 128,6.0,4.0,88.28,89.79
Ritchie Edhouse,Darius Labanauskas,2026-08-24,World Series Finals Tour Card Qualifier,Q,Last 16,3.0,6.0,85.4,92.73
Bradley Brooks,Ricardo Pietreczko,2026-09-24,European Tour Card Holder Qualifier,Q,Semi Final,3.0,6.0,90.6,89.31
Bradley Brooks,Tavis Dudeney,2026-09-24,European Tour Card Holder Qualifier,Q,Quarter Final,6.0,1.0,96.78,87.06
Bradley Brooks,Ryan Meikle,2026-09-23,Players Championship,PT,Last 128,4.0,6.0,91.58,90.66
Bradley Brooks,Nathan Aspinall,2026-09-22,Players Championship,PT,Last 64,2.0,6.0,92.76,102.21
Bradley Brooks,Stefaan Henderyck,2026-09-22,Players Championship,PT,Last 128,6.0,4.0,90.38,86.37
Bradley Brooks,Gerwyn Price,2026-09-12,European Tour,ET,Last 32,3.0,6.0,94.01,103.52
Bradley Brooks,Mickey Mansell,2026-09-11,European Tour,ET,Last 48 (Premier),6.0,4.0,86.16,91.79
Bradley Brooks,Luke Humphries,2026-08-26,Players Championship,PT,Last 32,5.0,6.0,99.49,95.91
Bradley Brooks,Tom Sykes,2026-08-26,Players Championship,PT,Last 64,6.0,4.0,91.79,100.51
Bradley Brooks,Daryl Gurney,2026-08-26,Players Championship,PT,Last 128,6.0,5.0,89.63,87.28
Keane Barry,James Hurrell,2026-09-24,European Tour Card Holder Qualifier,Q,Final,5.0,6.0,91.43,94.65
Keane Barry,Greg Ritchie,2026-09-24,European Tour Card Holder Qualifier,Q,Semi Final,6.0,4.0,91.54,81.85
Keane Barry,Jeffrey de Zwaan,2026-09-24,European Tour Card Holder Qualifier,Q,Quarter Final,6.0,2.0,86.54,84.57
Keane Barry,Luke Woodhouse,2026-09-23,Players Championship,PT,Last 32,5.0,6.0,97.42,101.09
Keane Barry,Peter Wright,2026-09-23,Players Championship,PT,Last 64,6.0,5.0,92.02,90.59
Keane Barry,Martin Lukeman,2026-09-23,Players Championship,PT,Last 128,6.0,0.0,88.41,78.79
Keane Barry,Wessel Nijman,2026-09-22,Players Championship,PT,Last 32,3.0,6.0,98.24,102.97
Keane Barry,Ted Evetts,2026-09-22,Players Championship,PT,Last 64,6.0,1.0,104.88,87.16
Keane Barry,Stef Kosters,2026-09-22,Players Championship,PT,Last 128,6.0,4.0,87.68,86.08
Keane Barry,Jonny Clayton,2026-09-06,European Tour,ET,Last 16,4.0,6.0,98.25,96.94
Max Hopp,Daryl Gurney,2026-09-24,European Tour Card Holder Qualifier,Q,Final,6.0,2.0,93.28,81.86
Max Hopp,Cor Dekker,2026-09-24,European Tour Card Holder Qualifier,Q,Semi Final,6.0,5.0,90.9,96.29
Max Hopp,Jurjen van der Velde,2026-09-24,European Tour Card Holder Qualifier,Q,Quarter Final,6.0,5.0,90.25,92.08
Max Hopp,Charlie Manby,2026-09-23,Players Championship,PT,Last 128,4.0,6.0,78.61,82.76
Max Hopp,Oskar Lukasiak,2026-09-22,Players Championship,PT,Last 32,0.0,6.0,76.62,83.5
Max Hopp,Tom Bissell,2026-09-22,Players Championship,PT,Last 64,6.0,2.0,100.81,96.0
Max Hopp,Matthias Ehlers,2026-09-22,Players Championship,PT,Last 128,6.0,1.0,88.86,77.51
Max Hopp,Kim Huybrechts,2026-07-30,European Tour Card Holder Qualifier,Q,Semi Final,3.0,6.0,91.94,101.02
Max Hopp,Tom Sykes,2026-07-30,European Tour Card Holder Qualifier,Q,Quarter Final,6.0,4.0,83.23,78.83
Max Hopp,Sietse Lap,2026-07-30,European Tour Card Holder Qualifier,Q,Final,1.0,6.0,80.97,89.72
Niko Springer,Nathan Aspinall,2026-09-12,European Tour,ET,Last 32,1.0,6.0,88.78,105.99
Niko Springer,Jaimy Jacobs,2026-09-11,European Tour,ET,Last 48 (Premier),6.0,1.0,81.51,69.46
Niko Springer,Luke Littler,2026-09-05,European Tour,ET,Last 32,4.0,6.0,98.56,108.59
Niko Springer,Martin Homola,2026-09-04,European Tour,ET,Last 48 (Premier),6.0,0.0,102.48,76.96
Niko Springer,Ryan Searle,2026-08-29,European Tour,ET,Last 32,4.0,6.0,94.23,97.31
Niko Springer,Maik Kuivenhoven,2026-08-28,European Tour,ET,Last 48 (Premier),6.0,1.0,95.06,91.35
Niko Springer,Raymond van Barneveld,2026-08-26,Players Championship,PT,Last 128,4.0,6.0,92.15,88.93
Niko Springer,Joe Hunt,2026-08-25,Players Championship,PT,Last 64,5.0,6.0,89.64,85.58
Niko Springer,Marvin van Velzen,2026-08-25,Players Championship,PT,Last 128,6.0,5.0,95.78,90.62
Niko Springer,Callan Rydz,2026-08-24,World Series Finals Tour Card Qualifier,Q,Quarter Final,5.0,6.0,91.91,97.94
James Hurrell,Keane Barry,2026-09-24,European Tour Card Holder Qualifier,Q,Final,6.0,5.0,94.65,91.43
James Hurrell,Maik Kuivenhoven,2026-09-24,European Tour Card Holder Qualifier,Q,Semi Final,6.0,5.0,86.49,91.5
James Hurrell,Jim Long,2026-09-24,European Tour Card Holder Qualifier,Q,Quarter Final,6.0,4.0,89.94,85.79
James Hurrell,Jeffrey de Zwaan,2026-09-23,Players Championship,PT,Last 32,4.0,6.0,87.9,93.36
James Hurrell,Alexander Merkx,2026-09-23,Players Championship,PT,Last 64,6.0,3.0,82.48,81.93
James Hurrell,Ted Evetts,2026-09-23,Players Championship,PT,Last 128,6.0,4.0,92.76,90.89
James Hurrell,Adam Gawlas,2026-09-22,Players Championship,PT,Last 128,4.0,6.0,91.82,94.12
James Hurrell,Kevin Doets,2026-09-11,European Tour,ET,Last 48 (Premier),1.0,6.0,75.5,99.29
James Hurrell,Michael van Gerwen,2026-08-29,European Tour,ET,Last 32,4.0,6.0,91.91,93.77
James Hurrell,Damon Heta,2026-08-28,European Tour,ET,Last 48 (Premier),6.0,5.0,99.7,100.67
Mensur Suljović,Ricardo Pietreczko,2026-09-24,European Tour Card Holder Qualifier,Q,Final,3.0,6.0,85.32,83.03
Mensur Suljović,Adam Warner,2026-09-24,European Tour Card Holder Qualifier,Q,Semi Final,6.0,3.0,82.34,85.55
Mensur Suljović,Adam Leek,2026-09-24,European Tour Card Holder Qualifier,Q,Quarter Final,6.0,1.0,92.87,86.14
Mensur Suljović,Scott Williams,2026-09-23,Players Championship,PT,Last 128,2.0,6.0,98.25,97.49
Mensur Suljović,Callan Rydz,2026-09-22,Players Championship,PT,Last 64,3.0,6.0,86.37,88.0
Mensur Suljović,Tom Sykes,2026-09-22,Players Championship,PT,Last 128,6.0,5.0,92.58,95.34
Mensur Suljović,Tom Bissell,2026-07-30,European Tour Card Holder Qualifier,Q,Semi Final,1.0,6.0,86.36,98.55
Mensur Suljović,Ricardo Pietreczko,2026-07-30,European Tour Card Holder Qualifier,Q,Quarter Final,6.0,3.0,98.22,92.06
Mensur Suljović,Karel Sedláček,2026-07-30,European Tour Card Holder Qualifier,Q,Final,6.0,2.0,94.45,88.24
Mensur Suljović,Ricky Evans,2026-07-30,European Tour Card Holder Qualifier,Q,Semi Final,6.0,4.0,99.71,94.38
Beau Greaves,Joe Hunt,2026-09-23,Players Championship,PT,Last 128,1.0,6.0,101.16,105.06
Beau Greaves,Danny Noppert,2026-09-22,Players Championship,PT,Last 32,4.0,6.0,94.96,97.45
Beau Greaves,Rhys Griffin,2026-09-22,Players Championship,PT,Last 64,6.0,1.0,101.23,92.58
Beau Greaves,Tommy Lishman,2026-09-22,Players Championship,PT,Last 128,6.0,2.0,109.96,88.21
Beau Greaves,Damon Heta,2026-09-11,European Tour,ET,Last 48 (Premier),5.0,6.0,92.96,90.62
Beau Greaves,Luke Humphries,2026-09-05,European Tour,ET,Last 32,2.0,6.0,98.85,108.98
Beau Greaves,Daryl Gurney,2026-09-04,European Tour,ET,Last 48 (Premier),6.0,4.0,93.54,89.54
Beau Greaves,Rob Cross,2026-08-28,European Tour,ET,Last 48 (Premier),5.0,6.0,104.88,101.9
Beau Greaves,Andy Boulton,2026-08-26,Players Championship,PT,Last 128,5.0,6.0,95.45,94.24
Beau Greaves,Tom Sykes,2026-08-25,Players Championship,PT,Last 128,5.0,6.0,94.75,96.02
Gabriel Clemens,Mario Vandenbogaerde,2026-09-24,European Tour Card Holder Qualifier,Q,Quarter Final,3.0,6.0,87.06,85.87
Gabriel Clemens,Adam Gawlas,2026-09-23,Players Championship,PT,Last 64,4.0,6.0,89.31,87.85
Gabriel Clemens,Florian Preis,2026-09-23,Players Championship,PT,Last 128,6.0,5.0,84.29,87.02
Gabriel Clemens,Henry Coates,2026-09-22,Players Championship,PT,Last 64,5.0,6.0,93.48,92.98
Gabriel Clemens,Sam Price,2026-09-22,Players Championship,PT,Last 128,6.0,4.0,81.13,81.58
Gabriel Clemens,Gian van Veen,2026-09-12,European Tour,ET,Last 32,3.0,6.0,98.81,101.54
Gabriel Clemens,Cameron Menzies,2026-09-11,European Tour,ET,Last 48 (Premier),6.0,4.0,92.66,92.38
Gabriel Clemens,Christopher Wickenden,2026-08-26,Players Championship,PT,Last 128,3.0,6.0,81.47,91.5
Gabriel Clemens,Peter Wright,2026-08-25,Players Championship,PT,Last 64,5.0,6.0,99.92,97.03
Gabriel Clemens,Viktor Tingstrom,2026-08-25,Players Championship,PT,Last 128,6.0,5.0,87.69,86.97
Shane McGuirk,Owen Bates,2026-09-24,European Tour Card Holder Qualifier,Q,Semi Final,1.0,6.0,85.74,102.56
Shane McGuirk,Darryl Pilgrim,2026-09-24,European Tour Card Holder Qualifier,Q,Quarter Final,6.0,4.0,95.86,94.06
Shane McGuirk,Sebastian Bialecki,2026-09-23,Players Championship,PT,Last 64,5.0,6.0,93.9,92.55
Shane McGuirk,Martijn Dragt,2026-09-23,Players Championship,PT,Last 128,6.0,4.0,96.36,97.62
Shane McGuirk,Darius Labanauskas,2026-09-22,Players Championship,PT,Last 128,5.0,6.0,97.83,93.36
Shane McGuirk,Andy Boulton,2026-08-26,Players Championship,PT,Last 32,3.0,6.0,88.81,90.23
Shane McGuirk,Chris Dobey,2026-08-26,Players Championship,PT,Last 64,6.0,4.0,93.31,96.3
Shane McGuirk,Derek Coulson,2026-08-26,Players Championship,PT,Last 128,6.0,4.0,89.84,90.76
Shane McGuirk,Justin Hood,2026-08-25,Players Championship,PT,Last 128,4.0,6.0,93.17,99.63
Shane McGuirk,Peter Wright,2026-08-24,World Series Finals Tour Card Qualifier,Q,Last 16,5.0,6.0,91.2,90.32
Ryan Joyce,Ross Smith,2026-09-13,European Tour,ET,Quarter Final,5.0,6.0,86.26,90.42
Ryan Joyce,Jermaine Wattimena,2026-09-13,European Tour,ET,Last 16,6.0,5.0,99.39,92.38
Ryan Joyce,Josh Rock,2026-09-12,European Tour,ET,Last 32,6.0,3.0,93.09,92.91
Ryan Joyce,Stephen Burton,2026-09-11,European Tour,ET,Last 48 (Premier),6.0,5.0,95.66,96.11
Ryan Joyce,Josh Rock,2026-09-05,European Tour,ET,Last 32,3.0,6.0,86.82,94.99
Ryan Joyce,Kim Huybrechts,2026-09-04,European Tour,ET,Last 48 (Premier),6.0,5.0,90.35,91.91
Ryan Joyce,Nathan Aspinall,2026-08-29,European Tour,ET,Last 32,4.0,6.0,95.28,94.63
Ryan Joyce,Cristo Reyes,2026-08-28,European Tour,ET,Last 48 (Premier),6.0,3.0,86.87,96.11
Ryan Joyce,Justin Hood,2026-08-26,Players Championship,PT,Last 32,1.0,6.0,87.54,100.7
Ryan Joyce,Henry Coates,2026-08-26,Players Championship,PT,Last 64,6.0,2.0,99.45,91.12
Mike De Decker,Scott Williams,2026-09-24,European Tour Card Holder Qualifier,Q,Final,3.0,6.0,84.42,90.44
Mike De Decker,Chris Landman,2026-09-24,European Tour Card Holder Qualifier,Q,Semi Final,6.0,3.0,90.94,86.2
Mike De Decker,Peter Wright,2026-09-23,Players Championship,PT,Last 128,2.0,6.0,83.55,90.9
Mike De Decker,Nathan Aspinall,2026-09-22,Players Championship,PT,Last 128,5.0,6.0,88.24,93.11
Mike De Decker,Jaimy Jacobs,2026-09-10,European Tour Home Nation Qualifier,Q,Final,5.0,6.0,93.41,86.84
Mike De Decker,James Vanbesien,2026-09-10,European Tour Home Nation Qualifier,Q,Semi Final,6.0,1.0,93.63,88.24
Mike De Decker,Matthias Moors,2026-09-10,European Tour Home Nation Qualifier,Q,Quarter Final,6.0,3.0,90.66,82.78
Mike De Decker,Jerry Lemmens,2026-09-10,European Tour Home Nation Qualifier,Q,Last 16,6.0,0.0,90.18,49.67
Mike De Decker,Xavier Bracke,2026-09-10,European Tour Home Nation Qualifier,Q,Last 32,6.0,1.0,86.77,64.14
Mike De Decker,Luke Humphries,2026-08-26,Players Championship,PT,Semi Final,4.0,7.0,91.68,99.97
Ricky Evans,Carl Sneyd,2026-09-24,European Tour Card Holder Qualifier,Q,Quarter Final,5.0,6.0,94.18,93.11
Ricky Evans,Kai Gotthardt,2026-09-23,Players Championship,PT,Last 128,3.0,6.0,89.05,94.57
Ricky Evans,Darryl Pilgrim,2026-09-22,Players Championship,PT,Last 128,3.0,6.0,88.97,89.0
Ricky Evans,Kevin Doets,2026-09-04,European Tour,ET,Last 48 (Premier),2.0,6.0,90.99,100.68
Ricky Evans,Sietse Lap,2026-08-26,Players Championship,PT,Last 128,5.0,6.0,92.61,91.04
Ricky Evans,Chris Dobey,2026-08-25,Players Championship,PT,Last 128,4.0,6.0,95.11,90.0
Ricky Evans,Kevin Doets,2026-08-24,World Series Finals Tour Card Qualifier,Q,Quarter Final,5.0,6.0,84.87,87.02
Ricky Evans,Yorick Hofkens,2026-08-24,World Series Finals Tour Card Qualifier,Q,Last 16,6.0,0.0,89.29,83.09
Ricky Evans,Nick Kenny,2026-08-24,World Series Finals Tour Card Qualifier,Q,Last 32,6.0,1.0,84.47,82.29
Ricky Evans,Stephen Burton,2026-07-30,European Tour Card Holder Qualifier,Q,Last 16,4.0,6.0,83.45,89.78
Darryl Pilgrim,Shane McGuirk,2026-09-24,European Tour Card Holder Qualifier,Q,Quarter Final,4.0,6.0,94.06,95.86
Darryl Pilgrim,Steve Lennon,2026-09-23,Players Championship,PT,Last 128,1.0,6.0,86.88,95.64
Darryl Pilgrim,Sebastian Bialecki,2026-09-22,Players Championship,PT,Last 64,3.0,6.0,85.07,92.83
Darryl Pilgrim,Ricky Evans,2026-09-22,Players Championship,PT,Last 128,6.0,3.0,89.0,88.97
Darryl Pilgrim,Tommy Lishman,2026-08-26,Players Championship,PT,Last 128,1.0,6.0,89.95,84.99
Darryl Pilgrim,Wessel Nijman,2026-08-25,Players Championship,PT,Last 32,1.0,6.0,93.39,93.75
Darryl Pilgrim,Ritchie Edhouse,2026-08-25,Players Championship,PT,Last 64,6.0,1.0,89.28,85.63
Darryl Pilgrim,Dennie Olde Kalter,2026-08-25,Players Championship,PT,Last 128,6.0,3.0,88.22,89.2
Darryl Pilgrim,Sebastian Bialecki,2026-08-24,World Series Finals Tour Card Qualifier,Q,Last 16,1.0,6.0,86.65,88.2
Darryl Pilgrim,Niall Culleton,2026-08-24,World Series Finals Tour Card Qualifier,Q,Last 32,6.0,2.0,100.4,82.42
Scott Williams,Mike De Decker,2026-09-24,European Tour Card Holder Qualifier,Q,Final,6.0,3.0,90.44,84.42
Scott Williams,Adam Gawlas,2026-09-24,European Tour Card Holder Qualifier,Q,Semi Final,6.0,3.0,91.41,90.39
Scott Williams,Marvin Kraft,2026-09-24,European Tour Card Holder Qualifier,Q,Quarter Final,6.0,2.0,93.05,83.55
Scott Williams,Karel Sedláček,2026-09-23,Players Championship,PT,Final,7.0,8.0,96.25,91.92
Scott Williams,Jermaine Wattimena,2026-09-23,Players Championship,PT,Semi Final,7.0,4.0,99.95,90.25
Scott Williams,Michael van Gerwen,2026-09-23,Players Championship,PT,Quarter Final,6.0,2.0,94.01,91.17
Scott Williams,Tommy Lishman,2026-09-23,Players Championship,PT,Last 16,6.0,3.0,103.13,91.25
Scott Williams,Richard Veenstra,2026-09-23,Players Championship,PT,Last 32,6.0,1.0,110.41,90.53
Scott Williams,Danny Noppert,2026-09-23,Players Championship,PT,Last 64,6.0,5.0,99.08,101.83
Scott Williams,Mensur Suljović,2026-09-23,Players Championship,PT,Last 128,6.0,2.0,97.49,98.25
Lukas Wenig,Adam Gawlas,2026-09-24,European Tour Card Holder Qualifier,Q,Quarter Final,4.0,6.0,77.98,89.52
Lukas Wenig,Mickey Mansell,2026-09-23,Players Championship,PT,Last 64,5.0,6.0,90.76,89.68
Lukas Wenig,Stef Kosters,2026-09-23,Players Championship,PT,Last 128,6.0,5.0,87.0,88.05
Lukas Wenig,Danny Noppert,2026-09-22,Players Championship,PT,Last 64,4.0,6.0,87.83,98.41
Lukas Wenig,Sietse Lap,2026-09-22,Players Championship,PT,Last 128,6.0,3.0,89.13,86.19
Lukas Wenig,David Sharp,2026-08-26,Players Championship,PT,Last 128,4.0,6.0,87.26,94.67
Lukas Wenig,Wessel Nijman,2026-08-25,Players Championship,PT,Last 128,1.0,6.0,79.3,94.55
Lukas Wenig,Owen Bates,2026-08-24,World Series Finals Tour Card Qualifier,Q,Last 16,2.0,6.0,91.51,92.4
Lukas Wenig,Mickey Mansell,2026-07-30,European Tour Card Holder Qualifier,Q,Quarter Final,5.0,6.0,88.15,88.35
Lukas Wenig,Alan Soutar,2026-07-30,European Tour Card Holder Qualifier,Q,Semi Final,4.0,6.0,80.65,85.59
Maik Kuivenhoven,James Hurrell,2026-09-24,European Tour Card Holder Qualifier,Q,Semi Final,5.0,6.0,91.5,86.49
Maik Kuivenhoven,Justin Hood,2026-09-24,European Tour Card Holder Qualifier,Q,Quarter Final,6.0,5.0,90.24,91.25
Maik Kuivenhoven,Adam Paxton,2026-09-23,Players Championship,PT,Last 128,4.0,6.0,82.44,87.59
Maik Kuivenhoven,Chris Dobey,2026-09-22,Players Championship,PT,Last 32,1.0,6.0,93.37,106.09
Maik Kuivenhoven,Robert Owen,2026-09-22,Players Championship,PT,Last 64,6.0,2.0,100.04,101.16
Maik Kuivenhoven,Andy Boulton,2026-09-22,Players Championship,PT,Last 128,6.0,2.0,84.35,81.76
Maik Kuivenhoven,Jonny Clayton,2026-09-18,World Series of Darts Finals,MJ,Last 32,3.0,6.0,86.31,89.37
Maik Kuivenhoven,Niko Springer,2026-08-28,European Tour,ET,Last 48 (Premier),1.0,6.0,91.35,95.06
Maik Kuivenhoven,Sietse Lap,2026-08-26,Players Championship,PT,Last 64,5.0,6.0,93.89,96.67
Maik Kuivenhoven,Daniel Klose,2026-08-26,Players Championship,PT,Last 128,6.0,5.0,92.83,95.43
Charlie Manby,Kai Gotthardt,2026-09-24,European Tour Card Holder Qualifier,Q,Quarter Final,3.0,6.0,82.27,86.63
Charlie Manby,Chris Dobey,2026-09-23,Players Championship,PT,Last 32,2.0,6.0,92.38,98.85
Charlie Manby,Thomas Lovely,2026-09-23,Players Championship,PT,Last 64,6.0,4.0,90.4,90.18
Charlie Manby,Max Hopp,2026-09-23,Players Championship,PT,Last 128,6.0,4.0,82.76,78.61
Charlie Manby,Oskar Lukasiak,2026-09-22,Players Championship,PT,Last 128,4.0,6.0,86.7,90.79
Charlie Manby,Greg Ritchie,2026-08-26,Players Championship,PT,Last 32,3.0,6.0,89.08,92.43
Charlie Manby,Tavis Dudeney,2026-08-26,Players Championship,PT,Last 128,6.0,5.0,82.21,79.25
Charlie Manby,Daryl Gurney,2026-08-25,Players Championship,PT,Last 64,4.0,6.0,82.14,87.39
Charlie Manby,Scott Waites,2026-08-25,Players Championship,PT,Last 128,6.0,3.0,89.67,85.71
Charlie Manby,Karel Sedláček,2026-08-24,World Series Finals Tour Card Qualifier,Q,Semi Final,1.0,6.0,86.86,89.5
Dave Chisnall,Jimmy van Schie,2026-09-23,Players Championship,PT,Last 64,3.0,6.0,80.9,86.37
Dave Chisnall,Carl Sneyd,2026-09-23,Players Championship,PT,Last 128,6.0,5.0,93.09,95.8
Dave Chisnall,Oskar Lukasiak,2026-09-22,Players Championship,PT,Last 16,4.0,6.0,86.9,90.32
Dave Chisnall,Scott Williams,2026-09-22,Players Championship,PT,Last 32,6.0,4.0,101.43,92.0
Dave Chisnall,Mario Vandenbogaerde,2026-09-22,Players Championship,PT,Last 64,6.0,5.0,102.61,96.31
Dave Chisnall,Jurjen van der Velde,2026-09-22,Players Championship,PT,Last 128,6.0,2.0,81.74,75.97
Dave Chisnall,Ross Smith,2026-08-30,European Tour,ET,Quarter Final,2.0,6.0,89.63,95.35
Dave Chisnall,Keane Barry,2026-08-30,European Tour,ET,Last 16,6.0,2.0,94.54,89.98
Dave Chisnall,Wessel Nijman,2026-08-29,European Tour,ET,Last 32,6.0,2.0,100.47,89.43
Dave Chisnall,Andras Borbely,2026-08-28,European Tour,ET,Last 48 (Premier),6.0,3.0,89.11,80.49
Michael Smith,David Sharp,2026-09-24,European Tour Card Holder Qualifier,Q,Final,6.0,4.0,95.13,95.72
Michael Smith,Connor Scutt,2026-09-24,European Tour Card Holder Qualifier,Q,Semi Final,6.0,5.0,96.15,89.17
Michael Smith,Dirk van Duijvenbode,2026-09-23,Players Championship,PT,Last 64,3.0,6.0,80.29,88.33
Michael Smith,Marvin Kraft,2026-09-23,Players Championship,PT,Last 128,6.0,5.0,78.27,84.11
Michael Smith,Sebastian Bialecki,2026-09-22,Players Championship,PT,Last 128,0.0,6.0,76.68,93.94
Michael Smith,Martin Schindler,2026-08-26,Players Championship,PT,Last 64,1.0,6.0,81.28,94.68
Michael Smith,Martin Lukeman,2026-08-26,Players Championship,PT,Last 128,6.0,1.0,97.82,83.16
Michael Smith,James Hurrell,2026-08-25,Players Championship,PT,Last 128,5.0,6.0,81.89,83.16
Michael Smith,Justin Hood,2026-08-24,World Series Finals Tour Card Qualifier,Q,Quarter Final,5.0,6.0,93.91,102.2
Michael Smith,Leon Weber,2026-08-24,World Series Finals Tour Card Qualifier,Q,Last 16,6.0,3.0,84.0,67.42
David Sharp,Michael Smith,2026-09-24,European Tour Card Holder Qualifier,Q,Final,4.0,6.0,95.72,95.13
David Sharp,Pero Ljubić,2026-09-24,European Tour Card Holder Qualifier,Q,Semi Final,6.0,3.0,101.4,87.0
David Sharp,Adam Lipscombe,2026-09-24,European Tour Card Holder Qualifier,Q,Quarter Final,6.0,3.0,84.53,89.49
David Sharp,Wessel Nijman,2026-09-23,Players Championship,PT,Last 128,3.0,6.0,90.81,102.98
David Sharp,Tom Bissell,2026-09-22,Players Championship,PT,Last 128,2.0,6.0,85.83,87.86
David Sharp,Jeffrey de Graaf,2026-08-26,Players Championship,PT,Last 64,2.0,6.0,81.18,96.37
David Sharp,Lukas Wenig,2026-08-26,Players Championship,PT,Last 128,6.0,4.0,94.67,87.26
David Sharp,Jeffrey Sparidaans,2026-08-25,Players Championship,PT,Last 64,1.0,6.0,86.13,91.63
David Sharp,Mike De Decker,2026-08-25,Players Championship,PT,Last 128,6.0,5.0,88.48,83.29
David Sharp,Dirk van Duijvenbode,2026-08-24,World Series Finals Tour Card Qualifier,Q,Last 16,4.0,6.0,90.41,98.81
Madars Razma,Darius Labanauskas,2026-09-24,European Tour Card Holder Qualifier,Q,Quarter Final,5.0,6.0,94.91,93.94
Madars Razma,Alan Soutar,2026-09-23,Players Championship,PT,Last 128,5.0,6.0,97.33,92.59
Madars Razma,Mario Vandenbogaerde,2026-09-22,Players Championship,PT,Last 128,5.0,6.0,98.51,93.59
Madars Razma,Andres Adamson,2026-09-11,Baltic Cup Singles Men,0,Final,5.0,4.0,82.03,73.96
Madars Razma,Olaf Siigur,2026-09-11,Baltic Cup Singles Men,0,Semi Final,4.0,1.0,82.23,76.39
Madars Razma,Kristaps Mickus,2026-09-11,Baltic Cup Singles Men,0,Quarter Final,4.0,2.0,93.79,78.34
Madars Razma,Tiit Kolotsev,2026-09-11,Baltic Cup Singles Men,0,Last 16,4.0,3.0,86.55,86.62
Madars Razma,Kristians Dudkevics U23,2026-09-11,Baltic Cup Singles Men,0,Last 32,4.0,0.0,89.73,65.0
Madars Razma,Ralf-Sander Rebane,2026-09-11,Baltic Cup Singles Men,0,Last 64,4.0,2.0,85.06,72.34
Madars Razma,Aurimas Bagdziunas,2026-09-11,Baltic Cup Singles Men,0,Last 128,4.0,0.0,96.97,63.3
Mario Vandenbogaerde,Callan Rydz,2026-09-24,European Tour Card Holder Qualifier,Q,Final,2.0,6.0,94.81,99.89
Mario Vandenbogaerde,Christian Kist,2026-09-24,European Tour Card Holder Qualifier,Q,Semi Final,6.0,5.0,91.61,84.3
Mario Vandenbogaerde,Gabriel Clemens,2026-09-24,European Tour Card Holder Qualifier,Q,Quarter Final,6.0,3.0,85.87,87.06
Mario Vandenbogaerde,Tommy Morris,2026-09-23,Players Championship,PT,Last 64,4.0,6.0,94.45,86.09
Mario Vandenbogaerde,Josh Rock,2026-09-23,Players Championship,PT,Last 128,6.0,1.0,95.86,89.51
Mario Vandenbogaerde,Dave Chisnall,2026-09-22,Players Championship,PT,Last 64,5.0,6.0,96.31,102.61
Mario Vandenbogaerde,Madars Razma,2026-09-22,Players Championship,PT,Last 128,6.0,5.0,93.59,98.51
Mario Vandenbogaerde,Michael van Gerwen,2026-09-05,European Tour,ET,Last 32,4.0,6.0,86.81,92.5
Mario Vandenbogaerde,Dirk van Duijvenbode,2026-09-04,European Tour,ET,Last 48 (Premier),6.0,2.0,80.7,77.51
Mario Vandenbogaerde,Luke Humphries,2026-08-26,Players Championship,PT,Last 128,4.0,6.0,89.34,92.38
Brendan Dolan,Nick Kenny,2026-09-24,European Tour Card Holder Qualifier,Q,Final,2.0,6.0,91.19,100.06
Brendan Dolan,Tom Sykes,2026-09-24,European Tour Card Holder Qualifier,Q,Semi Final,6.0,4.0,96.08,96.63
Brendan Dolan,Jeffrey Sparidaans,2026-09-24,European Tour Card Holder Qualifier,Q,Quarter Final,6.0,1.0,98.22,72.29
Brendan Dolan,Michael van Gerwen,2026-09-23,Players Championship,PT,Last 16,1.0,6.0,80.41,96.97
Brendan Dolan,Kai Gotthardt,2026-09-23,Players Championship,PT,Last 32,6.0,2.0,90.87,93.28
Brendan Dolan,Owen Bates,2026-09-23,Players Championship,PT,Last 64,6.0,4.0,92.69,96.61
Brendan Dolan,Chris Landman,2026-09-23,Players Championship,PT,Last 128,6.0,1.0,92.86,84.69
Brendan Dolan,Josh Rock,2026-09-22,Players Championship,PT,Last 64,5.0,6.0,86.35,93.89
Brendan Dolan,Dennie Olde Kalter,2026-09-22,Players Championship,PT,Last 128,6.0,1.0,78.77,75.79
Brendan Dolan,Stephen Bunting,2026-09-12,European Tour,ET,Last 32,5.0,6.0,101.76,95.19
Kai Gotthardt,Stephen Burton,2026-09-24,European Tour Card Holder Qualifier,Q,Semi Final,2.0,6.0,92.43,89.24
Kai Gotthardt,Charlie Manby,2026-09-24,European Tour Card Holder Qualifier,Q,Quarter Final,6.0,3.0,86.63,82.27
Kai Gotthardt,Brendan Dolan,2026-09-23,Players Championship,PT,Last 32,2.0,6.0,93.28,90.87
Kai Gotthardt,Wessel Nijman,2026-09-23,Players Championship,PT,Last 64,6.0,5.0,100.16,98.09
Kai Gotthardt,Ricky Evans,2026-09-23,Players Championship,PT,Last 128,6.0,3.0,94.57,89.05
Kai Gotthardt,Kevin Doets,2026-09-22,Players Championship,PT,Last 64,2.0,6.0,87.73,92.02
Kai Gotthardt,Dimitri Van den Bergh,2026-09-22,Players Championship,PT,Last 128,6.0,0.0,86.71,75.56
Kai Gotthardt,Sam Price,2026-08-26,Players Championship,PT,Last 128,5.0,6.0,83.41,88.73
Kai Gotthardt,Harry Ward,2026-08-25,Players Championship,PT,Last 128,2.0,6.0,84.19,93.33
Kai Gotthardt,Yorick Hofkens,2026-08-24,World Series Finals Tour Card Qualifier,Q,Last 32,5.0,6.0,92.05,81.74
Stephen Burton,Thibault Tricole,2026-09-24,European Tour Card Holder Qualifier,Q,Final,6.0,5.0,85.04,81.2
Stephen Burton,Kai Gotthardt,2026-09-24,European Tour Card Holder Qualifier,Q,Semi Final,6.0,2.0,89.24,92.43
Stephen Burton,Martin Lukeman,2026-09-24,European Tour Card Holder Qualifier,Q,Quarter Final,6.0,3.0,83.57,84.6
Stephen Burton,Raymond van Barneveld,2026-09-23,Players Championship,PT,Last 128,2.0,6.0,83.39,92.9
Stephen Burton,Daniel Klose,2026-09-22,Players Championship,PT,Last 128,0.0,6.0,86.06,92.97
Stephen Burton,Ryan Joyce,2026-09-11,European Tour,ET,Last 48 (Premier),5.0,6.0,96.11,95.66
Stephen Burton,Ross Smith,2026-09-05,European Tour,ET,Last 32,1.0,6.0,91.06,97.7
Stephen Burton,Joe Cullen,2026-09-04,European Tour,ET,Last 48 (Premier),6.0,3.0,91.12,88.67
Stephen Burton,Darius Labanauskas,2026-08-26,Players Championship,PT,Last 128,5.0,6.0,87.7,86.15
Stephen Burton,Joe Hunt,2026-08-25,Players Championship,PT,Last 128,3.0,6.0,87.04,90.68
Jeffrey de Zwaan,Keane Barry,2026-09-24,European Tour Card Holder Qualifier,Q,Quarter Final,2.0,6.0,84.57,86.54
Jeffrey de Zwaan,Raymond van Barneveld,2026-09-23,Players Championship,PT,Last 16,2.0,6.0,88.88,90.92
Jeffrey de Zwaan,James Hurrell,2026-09-23,Players Championship,PT,Last 32,6.0,4.0,93.36,87.9
Jeffrey de Zwaan,Oskar Lukasiak,2026-09-23,Players Championship,PT,Last 64,6.0,3.0,88.5,89.3
Jeffrey de Zwaan,Filip Bereza,2026-09-23,Players Championship,PT,Last 128,6.0,3.0,95.46,86.47
Jeffrey de Zwaan,Jermaine Wattimena,2026-09-22,Players Championship,PT,Last 64,3.0,6.0,93.58,100.56
Jeffrey de Zwaan,Thibault Tricole,2026-09-22,Players Championship,PT,Last 128,6.0,2.0,85.01,78.7
Jeffrey de Zwaan,Justin Hood,2026-08-26,Players Championship,PT,Last 64,3.0,6.0,88.15,88.96
Jeffrey de Zwaan,Joe Cullen,2026-08-26,Players Championship,PT,Last 128,6.0,4.0,89.27,93.08
Jeffrey de Zwaan,Joe Cullen,2026-08-25,Players Championship,PT,Last 128,3.0,6.0,79.19,82.4
Alexander Merkx,James Hurrell,2026-09-23,Players Championship,PT,Last 64,3.0,6.0,81.93,82.48
Alexander Merkx,Jeffrey de Graaf,2026-09-23,Players Championship,PT,Last 128,6.0,2.0,87.72,85.94
Alexander Merkx,Peter Wright,2026-09-22,Players Championship,PT,Last 128,5.0,6.0,83.95,75.86
Alexander Merkx,Ian White,2026-08-26,Players Championship,PT,Last 128,5.0,6.0,86.81,91.24
Alexander Merkx,Carl Sneyd,2026-08-25,Players Championship,PT,Last 64,4.0,6.0,87.26,91.38
Alexander Merkx,Mario Vandenbogaerde,2026-08-25,Players Championship,PT,Last 128,6.0,4.0,88.0,91.71
Alexander Merkx,Sebastian Bialecki,2026-08-24,World Series Finals Tour Card Qualifier,Q,Last 32,5.0,6.0,90.69,91.79
Alexander Merkx,Tom Bissell,2026-07-30,European Tour Card Holder Qualifier,Q,Quarter Final,2.0,6.0,86.27,94.46
Alexander Merkx,Madars Razma,2026-07-30,European Tour Card Holder Qualifier,Q,Quarter Final,4.0,6.0,92.17,90.76
Alexander Merkx,William O&#039;Connor,2026-07-29,Players Championship,PT,Last 64,4.0,6.0,94.57,97.51
Darius Labanauskas,Owen Bates,2026-09-24,European Tour Card Holder Qualifier,Q,Final,2.0,6.0,89.3,96.0
Darius Labanauskas,Benjamin Pratnemer,2026-09-24,European Tour Card Holder Qualifier,Q,Semi Final,6.0,4.0,85.3,81.73
Darius Labanauskas,Madars Razma,2026-09-24,European Tour Card Holder Qualifier,Q,Quarter Final,6.0,5.0,93.94,94.91
Darius Labanauskas,Damon Heta,2026-09-23,Players Championship,PT,Last 64,3.0,6.0,86.87,93.51
Darius Labanauskas,Tytus Kanik,2026-09-23,Players Championship,PT,Last 128,6.0,3.0,91.04,88.61
Darius Labanauskas,Gian van Veen,2026-09-22,Players Championship,PT,Last 32,4.0,6.0,94.37,104.78
Darius Labanauskas,Thomas Lovely,2026-09-22,Players Championship,PT,Last 64,6.0,4.0,83.42,88.07
Darius Labanauskas,Shane McGuirk,2026-09-22,Players Championship,PT,Last 128,6.0,5.0,93.36,97.83
Darius Labanauskas,Richard Veenstra,2026-08-26,Players Championship,PT,Last 64,1.0,6.0,86.47,94.24
Darius Labanauskas,Stephen Burton,2026-08-26,Players Championship,PT,Last 128,6.0,5.0,86.15,87.7
Benjamin Pratnemer,Darius Labanauskas,2026-09-24,European Tour Card Holder Qualifier,Q,Semi Final,4.0,6.0,81.73,85.3
Benjamin Pratnemer,Rhys Griffin,2026-09-24,European Tour Card Holder Qualifier,Q,Quarter Final,6.0,4.0,82.44,84.52
Benjamin Pratnemer,Michael van Gerwen,2026-09-23,Players Championship,PT,Last 128,5.0,6.0,95.62,96.49
Benjamin Pratnemer,Cameron Menzies,2026-09-22,Players Championship,PT,Last 32,2.0,6.0,86.29,95.6
Benjamin Pratnemer,Chris Landman,2026-09-22,Players Championship,PT,Last 64,6.0,4.0,96.69,91.46
Benjamin Pratnemer,Michael van Gerwen,2026-09-22,Players Championship,PT,Last 128,6.0,3.0,83.81,89.53
Benjamin Pratnemer,Luke Littler,2026-08-26,Players Championship,PT,Last 64,5.0,6.0,92.96,93.54
Benjamin Pratnemer,Dominik Gruellich,2026-08-26,Players Championship,PT,Last 128,6.0,3.0,101.63,92.9
Benjamin Pratnemer,Richard Veenstra,2026-08-25,Players Championship,PT,Last 128,3.0,6.0,90.54,85.94
Benjamin Pratnemer,Daryl Gurney,2026-08-24,World Series Finals Tour Card Qualifier,Q,Semi Final,2.0,6.0,90.08,99.55
Jimmy van Schie,Michael van Gerwen,2026-09-23,Players Championship,PT,Last 32,4.0,6.0,95.23,107.47
Jimmy van Schie,Dave Chisnall,2026-09-23,Players Championship,PT,Last 64,6.0,3.0,86.37,80.9
Jimmy van Schie,James Beeton,2026-09-23,Players Championship,PT,Last 128,6.0,0.0,90.18,76.97
Jimmy van Schie,Danny Noppert,2026-09-22,Players Championship,PT,Last 128,5.0,6.0,102.33,106.74
Jimmy van Schie,Wesley Plaisier,2026-08-26,Players Championship,PT,Last 64,4.0,6.0,88.88,86.34
Jimmy van Schie,Mickey Mansell,2026-08-26,Players Championship,PT,Last 128,6.0,3.0,105.36,99.96
Jimmy van Schie,Ryan Joyce,2026-08-25,Players Championship,PT,Last 128,3.0,6.0,94.21,94.37
Jimmy van Schie,Karel Sedláček,2026-08-24,World Series Finals Tour Card Qualifier,Q,Last 16,5.0,6.0,97.66,101.82
Jimmy van Schie,Mickey Mansell,2026-08-24,World Series Finals Tour Card Qualifier,Q,Last 32,6.0,5.0,98.32,104.18
Jimmy van Schie,Kendji Steinbach,2026-08-22,Mariahout Dartshop Tournament,0,Final,6.0,4.0,87.78,81.49
Christian Kist,Mario Vandenbogaerde,2026-09-24,European Tour Card Holder Qualifier,Q,Semi Final,5.0,6.0,84.3,91.61
Christian Kist,Leon Weber,2026-09-24,European Tour Card Holder Qualifier,Q,Quarter Final,6.0,5.0,80.68,77.7
Christian Kist,Arno Merk,2026-09-23,Players Championship,PT,Last 128,5.0,6.0,91.48,78.98
Christian Kist,Niels Zonneveld,2026-09-22,Players Championship,PT,Last 128,1.0,6.0,91.53,92.89
Christian Kist,Viktor Tingstrom,2026-08-26,Players Championship,PT,Last 128,5.0,6.0,86.85,90.57
Christian Kist,Dave Chisnall,2026-08-25,Players Championship,PT,Last 128,4.0,6.0,90.93,87.59
Christian Kist,Charlie Manby,2026-08-24,World Series Finals Tour Card Qualifier,Q,Last 16,5.0,6.0,88.62,95.46
Christian Kist,Scott Williams,2026-08-24,World Series Finals Tour Card Qualifier,Q,Last 32,6.0,4.0,89.21,84.45
Christian Kist,Oskar Lukasiak,2026-07-30,European Tour Card Holder Qualifier,Q,Quarter Final,3.0,6.0,82.05,81.25
Christian Kist,Leon Weber,2026-07-30,European Tour Card Holder Qualifier,Q,Last 16,1.0,6.0,81.97,88.64
Wesley Plaisier,Daniel Klose,2026-09-23,Players Championship,PT,Last 128,4.0,6.0,91.14,94.46
Wesley Plaisier,Chris Dobey,2026-09-22,Players Championship,PT,Last 64,0.0,6.0,90.5,112.73
Wesley Plaisier,Tavis Dudeney,2026-09-22,Players Championship,PT,Last 128,6.0,1.0,90.44,80.24
Wesley Plaisier,Martijn Dragt,2026-08-26,Players Championship,PT,Last 32,2.0,6.0,78.72,91.13
Wesley Plaisier,Jimmy van Schie,2026-08-26,Players Championship,PT,Last 64,6.0,4.0,86.34,88.88
Wesley Plaisier,Joe Hunt,2026-08-26,Players Championship,PT,Last 128,6.0,3.0,90.43,81.81
Wesley Plaisier,Kevin Doets,2026-08-25,Players Championship,PT,Last 32,4.0,6.0,79.62,91.16
Wesley Plaisier,Richard Veenstra,2026-08-25,Players Championship,PT,Last 64,6.0,4.0,83.26,91.12
Wesley Plaisier,Leon Weber,2026-08-25,Players Championship,PT,Last 128,6.0,4.0,87.47,80.92
Wesley Plaisier,James Hurrell,2026-08-24,World Series Finals Tour Card Qualifier,Q,Last 16,4.0,6.0,88.96,85.88
Chris Landman,Mike De Decker,2026-09-24,European Tour Card Holder Qualifier,Q,Semi Final,3.0,6.0,86.2,90.94
Chris Landman,Stefaan Henderyck,2026-09-24,European Tour Card Holder Qualifier,Q,Quarter Final,6.0,5.0,90.18,92.31
Chris Landman,Brendan Dolan,2026-09-23,Players Championship,PT,Last 128,1.0,6.0,84.69,92.86
Chris Landman,Benjamin Pratnemer,2026-09-22,Players Championship,PT,Last 64,4.0,6.0,91.46,96.69
Chris Landman,Steve Lennon,2026-09-22,Players Championship,PT,Last 128,6.0,1.0,84.39,82.88
Chris Landman,Danny Noppert,2026-09-12,European Tour,ET,Last 32,2.0,6.0,89.12,97.71
Chris Landman,Andrew Gilding,2026-09-11,European Tour,ET,Last 48 (Premier),6.0,5.0,89.78,92.5
Chris Landman,Cristo Reyes,2026-08-26,Players Championship,PT,Last 128,0.0,6.0,92.28,99.1
Chris Landman,Kevin Doets,2026-08-25,Players Championship,PT,Last 64,3.0,6.0,88.97,89.21
Chris Landman,Tom Bissell,2026-08-25,Players Championship,PT,Last 128,6.0,1.0,93.43,86.24
Ryan Meikle,Owen Bates,2026-09-24,European Tour Card Holder Qualifier,Q,Quarter Final,3.0,6.0,81.59,89.74
Ryan Meikle,Robert Owen,2026-09-23,Players Championship,PT,Last 64,1.0,6.0,85.53,98.37
Ryan Meikle,Bradley Brooks,2026-09-23,Players Championship,PT,Last 128,6.0,4.0,90.66,91.58
Ryan Meikle,Daryl Gurney,2026-09-22,Players Championship,PT,Last 128,3.0,6.0,89.37,96.92
Ryan Meikle,Karel Sedláček,2026-08-26,Players Championship,PT,Last 128,0.0,6.0,72.67,88.41
Ryan Meikle,Owen Bates,2026-08-25,Players Championship,PT,Last 128,4.0,6.0,80.83,90.65
Ryan Meikle,Karel Sedláček,2026-08-24,World Series Finals Tour Card Qualifier,Q,Quarter Final,3.0,6.0,87.6,103.8
Ryan Meikle,Mike De Decker,2026-08-24,World Series Finals Tour Card Qualifier,Q,Last 16,6.0,3.0,84.48,88.06
Ryan Meikle,Gabriel Clemens,2026-07-30,European Tour Card Holder Qualifier,Q,Semi Final,2.0,6.0,77.49,87.73
Ryan Meikle,Thibault Tricole,2026-07-30,European Tour Card Holder Qualifier,Q,Quarter Final,6.0,0.0,92.02,76.68
Cam Crabtree,Adam Paxton,2026-09-24,European Tour Card Holder Qualifier,Q,Quarter Final,1.0,6.0,89.86,88.66
Cam Crabtree,Raymond van Barneveld,2026-09-23,Players Championship,PT,Last 32,2.0,6.0,80.18,99.56
Cam Crabtree,Stefan Bellmont,2026-09-23,Players Championship,PT,Last 64,6.0,4.0,96.12,95.77
Cam Crabtree,Krzysztof Ratajski,2026-09-23,Players Championship,PT,Last 128,6.0,3.0,95.17,95.89
Cam Crabtree,Chris Dobey,2026-09-22,Players Championship,PT,Last 128,0.0,6.0,98.5,103.66
Cam Crabtree,BJ Pollock,2026-09-04,CDC Congressional,0,Last 32,3.0,5.0,79.99,84.91
Cam Crabtree,Patrick Guariglia,2026-09-04,CDC Congressional,0,Last 64,5.0,1.0,91.61,83.63
Cam Crabtree,Cristo Reyes,2026-08-26,Players Championship,PT,Last 64,3.0,6.0,92.24,96.77
Cam Crabtree,Rusty-Jake Rodriguez,2026-08-26,Players Championship,PT,Last 128,6.0,2.0,91.03,76.45
Cam Crabtree,Martijn Dragt,2026-08-25,Players Championship,PT,Last 64,4.0,6.0,88.51,90.45
Cor Dekker,Max Hopp,2026-09-24,European Tour Card Holder Qualifier,Q,Semi Final,5.0,6.0,96.29,90.9
Cor Dekker,Stefan Bellmont,2026-09-24,European Tour Card Holder Qualifier,Q,Quarter Final,6.0,3.0,96.44,91.64
Cor Dekker,Jurjen van der Velde,2026-09-23,Players Championship,PT,Last 128,4.0,6.0,89.26,90.71
Cor Dekker,William O&#039;Connor,2026-09-22,Players Championship,PT,Last 16,4.0,6.0,95.39,97.91
Cor Dekker,Martijn Dragt,2026-09-22,Players Championship,PT,Last 32,6.0,5.0,101.63,100.56
Cor Dekker,Richard Veenstra,2026-09-22,Players Championship,PT,Last 64,6.0,2.0,91.46,95.01
Cor Dekker,Niall Culleton,2026-09-22,Players Championship,PT,Last 128,6.0,2.0,84.84,87.23
Cor Dekker,Chris Dobey,2026-08-26,Players Championship,PT,Last 128,2.0,6.0,87.83,103.3
Cor Dekker,William O&#039;Connor,2026-08-25,Players Championship,PT,Last 128,3.0,6.0,95.42,90.92
Cor Dekker,James Hurrell,2026-08-24,World Series Finals Tour Card Qualifier,Q,Last 32,5.0,6.0,85.71,86.77
Adam Lipscombe,David Sharp,2026-09-24,European Tour Card Holder Qualifier,Q,Quarter Final,3.0,6.0,89.49,84.53
Adam Lipscombe,Tommy Lishman,2026-09-23,Players Championship,PT,Last 128,3.0,6.0,83.65,88.07
Adam Lipscombe,Robert Owen,2026-09-22,Players Championship,PT,Last 128,3.0,6.0,74.6,82.95
Adam Lipscombe,Adam Paxton,2026-08-26,Players Championship,PT,Last 128,5.0,6.0,81.9,80.23
Adam Lipscombe,Mickey Mansell,2026-08-25,Players Championship,PT,Last 64,0.0,6.0,86.82,101.33
Adam Lipscombe,Karel Sedláček,2026-08-25,Players Championship,PT,Last 128,6.0,4.0,94.1,91.55
Adam Lipscombe,Richard Veenstra,2026-08-24,World Series Finals Tour Card Qualifier,Q,Last 32,4.0,6.0,95.83,102.48
Adam Lipscombe,Connor Scutt,2026-07-30,European Tour Card Holder Qualifier,Q,Quarter Final,4.0,6.0,89.39,92.88
Adam Lipscombe,Keane Barry,2026-07-30,European Tour Card Holder Qualifier,Q,Last 16,5.0,6.0,91.6,93.55
Adam Lipscombe,Nick Kenny,2026-07-29,Players Championship,PT,Last 128,3.0,6.0,82.37,86.05
Ian White,Nick Kenny,2026-09-24,European Tour Card Holder Qualifier,Q,Quarter Final,0.0,6.0,81.96,101.33
Ian White,Michael van Gerwen,2026-09-23,Players Championship,PT,Last 64,3.0,6.0,86.18,87.97
Ian White,Nathan Potter,2026-09-23,Players Championship,PT,Last 128,6.0,2.0,98.13,76.3
Ian White,Cristo Reyes,2026-09-22,Players Championship,PT,Last 128,1.0,6.0,93.41,110.59
Ian White,William O&#039;Connor,2026-08-26,Players Championship,PT,Last 64,3.0,6.0,85.83,96.45
Ian White,Alexander Merkx,2026-08-26,Players Championship,PT,Last 128,6.0,5.0,91.24,86.81
Ian White,Adam Gawlas,2026-08-25,Players Championship,PT,Last 128,2.0,6.0,85.39,90.76
Ian White,Stefaan Henderyck,2026-08-24,World Series Finals Tour Card Qualifier,Q,Last 32,5.0,6.0,79.87,78.5
Ian White,Alexander Merkx,2026-07-08,European Tour Card Holder Qualifier,Q,Quarter Final,1.0,6.0,91.9,95.72
Ian White,David Sharp,2026-07-07,Players Championship,PT,Last 128,2.0,6.0,94.43,101.27
Raymond van Barneveld,Niels Zonneveld,2026-09-23,Players Championship,PT,Quarter Final,4.0,6.0,83.56,93.06
Raymond van Barneveld,Jeffrey de Zwaan,2026-09-23,Players Championship,PT,Last 16,6.0,2.0,90.92,88.88
Raymond van Barneveld,Cam Crabtree,2026-09-23,Players Championship,PT,Last 32,6.0,2.0,99.56,80.18
Raymond van Barneveld,Tyler Thorpe,2026-09-23,Players Championship,PT,Last 64,6.0,2.0,91.98,87.14
Raymond van Barneveld,Stephen Burton,2026-09-23,Players Championship,PT,Last 128,6.0,2.0,92.9,83.39
Raymond van Barneveld,Martijn Dragt,2026-09-22,Players Championship,PT,Last 64,3.0,6.0,89.74,88.51
Raymond van Barneveld,Stephen Rosney,2026-09-22,Players Championship,PT,Last 128,6.0,4.0,87.87,81.87
Raymond van Barneveld,Jim Long,2026-09-11,European Tour,ET,Last 48 (Premier),2.0,6.0,82.04,85.7
Raymond van Barneveld,Greg Ritchie,2026-08-26,Players Championship,PT,Last 64,5.0,6.0,85.57,87.53
Raymond van Barneveld,Niko Springer,2026-08-26,Players Championship,PT,Last 128,6.0,4.0,88.93,92.15
Mervyn King,Adam Warner,2026-09-24,European Tour Card Holder Qualifier,Q,Quarter Final,4.0,6.0,92.8,90.46
Mervyn King,Nathan Aspinall,2026-09-23,Players Championship,PT,Last 128,2.0,6.0,82.2,93.14
Mervyn King,Jeffrey de Graaf,2026-09-22,Players Championship,PT,Last 128,1.0,6.0,96.0,100.71
Mervyn King,Niels Zonneveld,2026-08-26,Players Championship,PT,Last 128,3.0,6.0,86.45,90.15
Mervyn King,Mickey Mansell,2026-08-25,Players Championship,PT,Last 128,5.0,6.0,92.13,91.24
Mervyn King,Callan Rydz,2026-08-24,World Series Finals Tour Card Qualifier,Q,Last 32,4.0,6.0,102.7,101.38
Mervyn King,Andy Baetens,2026-08-15,Zwaantje Masters,0,Semi Final,0.0,2.0,84.21,85.41
Mervyn King,Danny Noppert,2026-08-15,Zwaantje Masters,0,Quarter Final,6.0,4.0,85.42,86.73
Mervyn King,Willem Mandigers,2026-08-15,Zwaantje Masters,0,Last 16,5.0,2.0,78.81,75.23
Mervyn King,Mark Slegers,2026-08-15,Zwaantje Masters,0,Round Robin,4.0,1.0,68.67,60.08
Dennie Olde Kalter,Callan Rydz,2026-09-24,European Tour Card Holder Qualifier,Q,Semi Final,3.0,6.0,88.41,91.59
Dennie Olde Kalter,Tom Bissell,2026-09-24,European Tour Card Holder Qualifier,Q,Quarter Final,6.0,5.0,85.45,93.1
Dennie Olde Kalter,Leon Weber,2026-09-23,Players Championship,PT,Last 128,3.0,6.0,81.91,78.1
Dennie Olde Kalter,Brendan Dolan,2026-09-22,Players Championship,PT,Last 128,1.0,6.0,75.79,78.77
Dennie Olde Kalter,Cameron Menzies,2026-08-26,Players Championship,PT,Last 128,3.0,6.0,86.63,99.59
Dennie Olde Kalter,Darryl Pilgrim,2026-08-25,Players Championship,PT,Last 128,3.0,6.0,89.2,88.22
Dennie Olde Kalter,Kevin Doets,2026-08-24,World Series Finals Tour Card Qualifier,Q,Last 16,2.0,6.0,99.19,97.53
Dennie Olde Kalter,Danny Noppert,2026-08-15,Zwaantje Masters,0,Round Robin,1.0,4.0,87.26,96.32
Dennie Olde Kalter,Mike Jansen,2026-08-15,Zwaantje Masters,0,Round Robin,4.0,0.0,92.49,66.81
Dennie Olde Kalter,Jan-Willem van Hout,2026-08-15,Zwaantje Masters,0,Round Robin,1.0,4.0,74.13,75.19
Adam Leek,Mensur Suljović,2026-09-24,European Tour Card Holder Qualifier,Q,Quarter Final,1.0,6.0,86.14,92.87
Adam Leek,Lewis Pride,2026-09-23,Players Championship,PT,Last 128,1.0,6.0,83.48,99.42
Adam Leek,Joe Hunt,2026-09-22,Players Championship,PT,Last 128,2.0,6.0,88.75,100.44
Adam Leek,Jim Long,2026-09-18,World Series of Darts Finals,MJ,Last 32,5.0,6.0,91.02,94.52
Adam Leek,Joe Cullen,2026-08-28,European Tour,ET,Last 48 (Premier),3.0,6.0,92.43,97.55
Adam Leek,Owen Bates,2026-08-26,Players Championship,PT,Last 128,3.0,6.0,87.16,96.6
Adam Leek,Ryan Searle,2026-08-25,Players Championship,PT,Last 128,4.0,6.0,82.42,92.29
Adam Leek,Josh Rock,2026-08-21,World Series of Darts,WS,Last 16,3.0,6.0,77.78,86.75
Adam Leek,Raymond Smith,2026-08-15,World Series of Darts,WS,Quarter Final,3.0,6.0,93.35,96.72
Adam Leek,Ross Smith,2026-08-14,World Series of Darts,WS,Last 16,6.0,5.0,87.82,88.79
Stephen Rosney,Connor Scutt,2026-09-24,European Tour Card Holder Qualifier,Q,Quarter Final,5.0,6.0,81.21,88.91
Stephen Rosney,Niels Zonneveld,2026-09-23,Players Championship,PT,Last 64,1.0,6.0,87.71,98.51
Stephen Rosney,Ricardo Pietreczko,2026-09-23,Players Championship,PT,Last 128,6.0,0.0,92.97,74.22
Stephen Rosney,Raymond van Barneveld,2026-09-22,Players Championship,PT,Last 128,4.0,6.0,81.87,87.87
Stephen Rosney,Luke Littler,2026-08-26,Players Championship,PT,Last 128,4.0,6.0,92.8,96.81
Stephen Rosney,Jermaine Wattimena,2026-08-25,Players Championship,PT,Last 128,3.0,6.0,81.57,92.58
Stephen Rosney,Jeffrey de Graaf,2026-08-24,World Series Finals Tour Card Qualifier,Q,Last 32,3.0,6.0,90.2,93.82
Stephen Rosney,James Hurrell,2026-07-30,European Tour Card Holder Qualifier,Q,Last 16,1.0,6.0,82.74,94.24
Stephen Rosney,David Sharp,2026-07-30,European Tour Card Holder Qualifier,Q,Quarter Final,2.0,6.0,90.34,92.36
Stephen Rosney,Richard Veenstra,2026-07-30,European Tour Card Holder Qualifier,Q,Last 16,6.0,5.0,92.58,90.63
Thomas Lovely,Daryl Gurney,2026-09-24,European Tour Card Holder Qualifier,Q,Semi Final,3.0,6.0,94.81,89.68
Thomas Lovely,Niall Culleton,2026-09-24,European Tour Card Holder Qualifier,Q,Quarter Final,6.0,0.0,103.66,100.21
Thomas Lovely,Charlie Manby,2026-09-23,Players Championship,PT,Last 64,4.0,6.0,90.18,90.4
Thomas Lovely,Nick Kenny,2026-09-23,Players Championship,PT,Last 128,6.0,4.0,93.12,96.5
Thomas Lovely,Darius Labanauskas,2026-09-22,Players Championship,PT,Last 64,4.0,6.0,88.07,83.42
Thomas Lovely,Martin Schindler,2026-09-22,Players Championship,PT,Last 128,6.0,5.0,96.92,98.14
Thomas Lovely,Jeffrey de Graaf,2026-08-26,Players Championship,PT,Last 32,3.0,6.0,81.8,92.21
Thomas Lovely,Connor Scutt,2026-08-26,Players Championship,PT,Last 64,6.0,2.0,93.52,97.18
Thomas Lovely,Jermaine Wattimena,2026-08-26,Players Championship,PT,Last 128,6.0,5.0,91.33,96.92
Thomas Lovely,Tommy Morris,2026-08-25,Players Championship,PT,Last 128,3.0,6.0,93.18,97.12
Owen Bates,Darius Labanauskas,2026-09-24,European Tour Card Holder Qualifier,Q,Final,6.0,2.0,96.0,89.3
Owen Bates,Shane McGuirk,2026-09-24,European Tour Card Holder Qualifier,Q,Semi Final,6.0,1.0,102.56,85.74
Owen Bates,Ryan Meikle,2026-09-24,European Tour Card Holder Qualifier,Q,Quarter Final,6.0,3.0,89.74,81.59
Owen Bates,Brendan Dolan,2026-09-23,Players Championship,PT,Last 64,4.0,6.0,96.61,92.69
Owen Bates,Ben Townley,2026-09-23,Players Championship,PT,Last 128,6.0,3.0,96.2,86.69
Owen Bates,Richard Veenstra,2026-09-22,Players Championship,PT,Last 128,5.0,6.0,88.92,86.76
Owen Bates,Luke Humphries,2026-08-26,Players Championship,PT,Quarter Final,4.0,6.0,90.08,92.88
Owen Bates,Justin Hood,2026-08-26,Players Championship,PT,Last 16,6.0,1.0,103.57,94.28
Owen Bates,Wessel Nijman,2026-08-26,Players Championship,PT,Last 32,6.0,5.0,85.57,87.31
Owen Bates,Christopher Wickenden,2026-08-26,Players Championship,PT,Last 64,6.0,2.0,98.57,90.41
Andy Boulton,Mickey Mansell,2026-09-24,European Tour Card Holder Qualifier,Q,Semi Final,5.0,6.0,92.08,94.51
Andy Boulton,Matthias Ehlers,2026-09-24,European Tour Card Holder Qualifier,Q,Quarter Final,6.0,1.0,86.55,79.6
Andy Boulton,Mickey Mansell,2026-09-23,Players Championship,PT,Last 128,3.0,6.0,89.93,90.36
Andy Boulton,Maik Kuivenhoven,2026-09-22,Players Championship,PT,Last 128,2.0,6.0,81.76,84.35
Andy Boulton,Luke Littler,2026-08-26,Players Championship,PT,Last 16,3.0,6.0,87.29,95.48
Andy Boulton,Shane McGuirk,2026-08-26,Players Championship,PT,Last 32,6.0,3.0,90.23,88.81
Andy Boulton,Tom Bissell,2026-08-26,Players Championship,PT,Last 64,6.0,5.0,87.72,93.37
Andy Boulton,Beau Greaves,2026-08-26,Players Championship,PT,Last 128,6.0,5.0,94.24,95.45
Andy Boulton,Daryl Gurney,2026-08-25,Players Championship,PT,Last 128,1.0,6.0,87.92,97.57
Andy Boulton,Luke Woodhouse,2026-08-24,World Series Finals Tour Card Qualifier,Q,Last 16,1.0,6.0,84.87,96.3
Peter Wright,Nick Kenny,2026-09-24,European Tour Card Holder Qualifier,Q,Semi Final,1.0,6.0,83.08,91.38
Peter Wright,Keane Barry,2026-09-23,Players Championship,PT,Last 64,5.0,6.0,90.59,92.02
Peter Wright,Mike De Decker,2026-09-23,Players Championship,PT,Last 128,6.0,2.0,90.9,83.55
Peter Wright,Andrew Gilding,2026-09-22,Players Championship,PT,Last 64,4.0,6.0,98.98,95.67
Peter Wright,Alexander Merkx,2026-09-22,Players Championship,PT,Last 128,6.0,5.0,75.86,83.95
Peter Wright,Jeffrey de Graaf,2026-08-26,Players Championship,PT,Last 128,4.0,6.0,98.12,91.43
Peter Wright,Krzysztof Ratajski,2026-08-25,Players Championship,PT,Last 32,5.0,6.0,91.39,90.58
Peter Wright,Gabriel Clemens,2026-08-25,Players Championship,PT,Last 64,6.0,5.0,97.03,99.92
Peter Wright,Cristo Reyes,2026-08-25,Players Championship,PT,Last 128,6.0,2.0,91.03,92.85
Peter Wright,Rob Cross,2026-08-24,World Series Finals Tour Card Qualifier,Q,Semi Final,5.0,6.0,94.26,98.31
Adam Gawlas,Scott Williams,2026-09-24,European Tour Card Holder Qualifier,Q,Semi Final,3.0,6.0,90.39,91.41
Adam Gawlas,Lukas Wenig,2026-09-24,European Tour Card Holder Qualifier,Q,Quarter Final,6.0,4.0,89.52,77.98
Adam Gawlas,Jermaine Wattimena,2026-09-23,Players Championship,PT,Last 32,2.0,6.0,90.21,101.92
Adam Gawlas,Gabriel Clemens,2026-09-23,Players Championship,PT,Last 64,6.0,4.0,87.85,89.31
Adam Gawlas,Niall Culleton,2026-09-23,Players Championship,PT,Last 128,6.0,4.0,85.96,88.05
Adam Gawlas,Cristo Reyes,2026-09-22,Players Championship,PT,Last 32,1.0,6.0,77.94,94.35
Adam Gawlas,Dirk van Duijvenbode,2026-09-22,Players Championship,PT,Last 64,6.0,5.0,91.13,93.84
Adam Gawlas,James Hurrell,2026-09-22,Players Championship,PT,Last 128,6.0,4.0,94.12,91.82
Adam Gawlas,Krzysztof Ratajski,2026-09-04,European Tour,ET,Last 48 (Premier),2.0,6.0,88.24,92.74
Adam Gawlas,David Pisek,2026-09-03,European Tour Home Nation Qualifier,Q,Final,6.0,2.0,82.78,75.45
Thibault Tricole,Stephen Burton,2026-09-24,European Tour Card Holder Qualifier,Q,Final,5.0,6.0,81.2,85.04
Thibault Tricole,Adam Paxton,2026-09-24,European Tour Card Holder Qualifier,Q,Semi Final,6.0,4.0,88.52,89.67
Thibault Tricole,Alan Soutar,2026-09-24,European Tour Card Holder Qualifier,Q,Quarter Final,6.0,2.0,96.59,88.22
Thibault Tricole,Stefan Bellmont,2026-09-23,Players Championship,PT,Last 128,3.0,6.0,93.19,92.79
Thibault Tricole,Jeffrey de Zwaan,2026-09-22,Players Championship,PT,Last 128,2.0,6.0,78.7,85.01
Thibault Tricole,Martijn Dragt,2026-08-26,Players Championship,PT,Last 128,2.0,6.0,84.87,92.63
Thibault Tricole,Nathan Aspinall,2026-08-25,Players Championship,PT,Last 128,1.0,6.0,83.48,95.97
Thibault Tricole,Owen Bates,2026-08-24,World Series Finals Tour Card Qualifier,Q,Last 32,4.0,6.0,92.37,96.89
Thibault Tricole,Ryan Meikle,2026-07-30,European Tour Card Holder Qualifier,Q,Quarter Final,0.0,6.0,76.68,92.02
Thibault Tricole,Scott Williams,2026-07-30,European Tour Card Holder Qualifier,Q,Quarter Final,4.0,6.0,82.67,90.34
Ricardo Pietreczko,Mensur Suljović,2026-09-24,European Tour Card Holder Qualifier,Q,Final,6.0,3.0,83.03,85.32
Ricardo Pietreczko,Bradley Brooks,2026-09-24,European Tour Card Holder Qualifier,Q,Semi Final,6.0,3.0,89.31,90.6
Ricardo Pietreczko,Stephen Rosney,2026-09-23,Players Championship,PT,Last 128,0.0,6.0,74.22,92.97
Ricardo Pietreczko,Jermaine Wattimena,2026-09-22,Players Championship,PT,Last 32,3.0,6.0,93.74,106.74
Ricardo Pietreczko,Lewis Pride,2026-09-22,Players Championship,PT,Last 64,6.0,5.0,95.22,95.47
Ricardo Pietreczko,Mickey Mansell,2026-09-22,Players Championship,PT,Last 128,6.0,5.0,91.22,90.16
Ricardo Pietreczko,Karel Sedláček,2026-08-26,Players Championship,PT,Last 32,4.0,6.0,100.51,101.32
Ricardo Pietreczko,Nathan Aspinall,2026-08-26,Players Championship,PT,Last 64,6.0,3.0,95.46,99.62
Ricardo Pietreczko,Marvin van Velzen,2026-08-26,Players Championship,PT,Last 128,6.0,5.0,91.12,88.22
Ricardo Pietreczko,Cameron Menzies,2026-08-25,Players Championship,PT,Last 64,3.0,6.0,91.54,105.17
Dimitri Van den Bergh,Kai Gotthardt,2026-09-22,Players Championship,PT,Last 128,0.0,6.0,75.56,86.71
Dimitri Van den Bergh,Andy Baetens,2026-09-10,European Tour Home Nation Qualifier,Q,Quarter Final,2.0,6.0,81.68,95.1
Dimitri Van den Bergh,Matthias Debaus,2026-09-10,European Tour Home Nation Qualifier,Q,Last 16,6.0,0.0,86.71,65.45
Dimitri Van den Bergh,Brian Verhelst,2026-09-10,European Tour Home Nation Qualifier,Q,Last 32,6.0,2.0,80.68,77.37
Dimitri Van den Bergh,Jonny Clayton,2026-06-17,Players Championship,PT,Last 128,0.0,6.0,74.25,92.02
Dimitri Van den Bergh,Darius Labanauskas,2026-06-16,Players Championship,PT,Last 128,1.0,6.0,75.46,82.1
Dimitri Van den Bergh,Wesley Plaisier,2026-06-03,Players Championship,PT,Last 128,4.0,6.0,87.68,94.78
Dimitri Van den Bergh,Krzysztof Ratajski,2026-06-02,Players Championship,PT,Last 128,0.0,6.0,87.79,96.97
Dimitri Van den Bergh,Gian van Veen,2026-05-30,European Tour,ET,Last 32,5.0,6.0,90.37,96.75
Dimitri Van den Bergh,Alan Soutar,2026-05-29,European Tour,ET,Last 48 (Premier),6.0,2.0,85.76,80.89
Nick Kenny,Brendan Dolan,2026-09-24,European Tour Card Holder Qualifier,Q,Final,6.0,2.0,100.06,91.19
Nick Kenny,Peter Wright,2026-09-24,European Tour Card Holder Qualifier,Q,Semi Final,6.0,1.0,91.38,83.08
Nick Kenny,Ian White,2026-09-24,European Tour Card Holder Qualifier,Q,Quarter Final,6.0,0.0,101.33,81.96
Nick Kenny,Thomas Lovely,2026-09-23,Players Championship,PT,Last 128,4.0,6.0,96.5,93.12
Nick Kenny,Cameron Menzies,2026-09-22,Players Championship,PT,Last 128,2.0,6.0,87.32,101.34
Nick Kenny,Sebastian Bialecki,2026-08-26,Players Championship,PT,Last 64,1.0,6.0,89.45,95.21
Nick Kenny,Tytus Kanik,2026-08-26,Players Championship,PT,Last 128,6.0,2.0,89.73,79.51
Nick Kenny,Carl Sneyd,2026-08-25,Players Championship,PT,Last 32,4.0,6.0,85.59,87.83
Nick Kenny,Raymond van Barneveld,2026-08-25,Players Championship,PT,Last 64,6.0,4.0,84.22,86.78
Nick Kenny,Michael van Gerwen,2026-08-25,Players Championship,PT,Last 128,6.0,5.0,84.76,88.78
Tyler Thorpe,Mickey Mansell,2026-09-24,European Tour Card Holder Qualifier,Q,Final,2.0,6.0,87.52,105.24
Tyler Thorpe,Carl Sneyd,2026-09-24,European Tour Card Holder Qualifier,Q,Semi Final,6.0,3.0,91.01,88.54
Tyler Thorpe,Robert Owen,2026-09-24,European Tour Card Holder Qualifier,Q,Quarter Final,6.0,5.0,87.55,86.68
Tyler Thorpe,Raymond van Barneveld,2026-09-23,Players Championship,PT,Last 64,2.0,6.0,87.14,91.98
Tyler Thorpe,Daryl Gurney,2026-09-23,Players Championship,PT,Last 128,6.0,4.0,85.2,85.52
Tyler Thorpe,Connor Scutt,2026-09-22,Players Championship,PT,Last 128,4.0,6.0,84.79,93.02
Tyler Thorpe,Tom Bissell,2026-08-26,Players Championship,PT,Last 128,3.0,6.0,80.35,94.63
Tyler Thorpe,Dirk van Duijvenbode,2026-08-25,Players Championship,PT,Last 128,4.0,6.0,100.06,94.67
Tyler Thorpe,Niko Springer,2026-08-24,World Series Finals Tour Card Qualifier,Q,Last 16,0.0,6.0,99.26,102.48
Tyler Thorpe,Kimi Seemann,2026-08-02,Development Tour,0,Last 32,3.0,4.0,74.41,77.07
Sietse Lap,Niels Zonneveld,2026-09-23,Players Championship,PT,Last 128,2.0,6.0,95.33,106.47
Sietse Lap,Lukas Wenig,2026-09-22,Players Championship,PT,Last 128,3.0,6.0,86.19,89.13
Sietse Lap,Luke Woodhouse,2026-08-26,Players Championship,PT,Last 32,2.0,6.0,80.78,91.64
Sietse Lap,Maik Kuivenhoven,2026-08-26,Players Championship,PT,Last 64,6.0,5.0,96.67,93.89
Sietse Lap,Ricky Evans,2026-08-26,Players Championship,PT,Last 128,6.0,5.0,91.04,92.61
Sietse Lap,Cameron Menzies,2026-08-25,Players Championship,PT,Last 128,2.0,6.0,92.05,101.25
Sietse Lap,Tom Sykes,2026-08-24,World Series Finals Tour Card Qualifier,Q,Last 32,2.0,6.0,70.37,80.84
Sietse Lap,Mickey Mansell,2026-07-30,European Tour Card Holder Qualifier,Q,Semi Final,3.0,6.0,93.2,98.88
Sietse Lap,Nick Kenny,2026-07-30,European Tour Card Holder Qualifier,Q,Quarter Final,6.0,0.0,85.08,69.65
Sietse Lap,Max Hopp,2026-07-30,European Tour Card Holder Qualifier,Q,Final,6.0,1.0,89.72,80.97
Rhys Griffin,Benjamin Pratnemer,2026-09-24,European Tour Card Holder Qualifier,Q,Quarter Final,4.0,6.0,84.52,82.44
Rhys Griffin,Kevin Doets,2026-09-23,Players Championship,PT,Last 128,2.0,6.0,77.96,82.37
Rhys Griffin,Beau Greaves,2026-09-22,Players Championship,PT,Last 64,1.0,6.0,92.58,101.23
Rhys Griffin,Levy Frauenfelder,2026-09-22,Players Championship,PT,Last 128,6.0,5.0,89.95,86.56
Rhys Griffin,Lewis Pride,2026-08-26,Players Championship,PT,Last 128,4.0,6.0,81.4,86.91
Rhys Griffin,Callan Rydz,2026-08-25,Players Championship,PT,Last 128,1.0,6.0,86.97,96.12
Rhys Griffin,Greg Ritchie,2026-07-30,European Tour Card Holder Qualifier,Q,Quarter Final,5.0,6.0,83.72,85.82
Rhys Griffin,Darryl Pilgrim,2026-07-30,European Tour Card Holder Qualifier,Q,Semi Final,3.0,6.0,88.29,91.98
Rhys Griffin,Peter Wright,2026-07-30,European Tour Card Holder Qualifier,Q,Quarter Final,6.0,5.0,79.93,79.57
Rhys Griffin,Yorick Hofkens,2026-07-29,Players Championship,PT,Last 128,4.0,6.0,84.67,86.43
Arno Merk,Pero Ljubić,2026-09-24,European Tour Card Holder Qualifier,Q,Quarter Final,4.0,6.0,85.99,79.07
Arno Merk,Chris Dobey,2026-09-23,Players Championship,PT,Last 64,1.0,6.0,79.0,92.78
Arno Merk,Christian Kist,2026-09-23,Players Championship,PT,Last 128,6.0,5.0,78.98,91.48
Arno Merk,Jim Long,2026-09-22,Players Championship,PT,Last 128,2.0,6.0,82.2,90.05
Arno Merk,Michael van Gerwen,2026-08-26,Players Championship,PT,Last 64,3.0,6.0,81.4,100.29
Arno Merk,Stefan Bellmont,2026-08-26,Players Championship,PT,Last 128,6.0,3.0,79.85,75.05
Arno Merk,Luke Littler,2026-08-25,Players Championship,PT,Last 64,3.0,6.0,91.62,105.12
Arno Merk,Scott Williams,2026-08-25,Players Championship,PT,Last 128,6.0,1.0,86.6,82.6
Arno Merk,Gabriel Clemens,2026-08-24,World Series Finals Tour Card Qualifier,Q,Last 32,4.0,6.0,86.06,93.89
Arno Merk,Keane Barry,2026-07-30,European Tour Card Holder Qualifier,Q,Quarter Final,3.0,6.0,92.3,99.71
Pascal Rupprecht,Peter Wright,2026-07-30,European Tour Card Holder Qualifier,Q,Quarter Final,2.0,6.0,72.46,80.82
Pascal Rupprecht,Oskar Lukasiak,2026-07-30,European Tour Card Holder Qualifier,Q,Quarter Final,1.0,6.0,86.13,93.59
Pascal Rupprecht,Mensur Suljović,2026-07-29,Players Championship,PT,Last 128,4.0,6.0,92.71,97.64
Pascal Rupprecht,Alexander Merkx,2026-07-28,Players Championship,PT,Last 64,2.0,6.0,82.31,92.01
Pascal Rupprecht,Mike De Decker,2026-07-28,Players Championship,PT,Last 128,6.0,3.0,87.55,88.17
Pascal Rupprecht,Stephen Burton,2026-06-17,Players Championship,PT,Last 128,2.0,6.0,84.12,90.3
Pascal Rupprecht,Viktor Tingstrom,2026-06-16,Players Championship,PT,Last 128,1.0,6.0,89.02,96.17
Pascal Rupprecht,Madars Razma,2026-05-20,European Tour Card Holder Qualifier,Q,Semi Final,5.0,6.0,86.64,84.91
Pascal Rupprecht,Tytus Kanik,2026-05-20,European Tour Card Holder Qualifier,Q,Quarter Final,6.0,3.0,88.36,84.39
Pascal Rupprecht,Tommy Lishman,2026-05-19,Players Championship,PT,Last 128,1.0,6.0,86.73,88.98
Jim Long,James Hurrell,2026-09-24,European Tour Card Holder Qualifier,Q,Quarter Final,4.0,6.0,85.79,89.94
Jim Long,Jermaine Wattimena,2026-09-23,Players Championship,PT,Last 128,4.0,6.0,94.34,98.07
Jim Long,Cameron Menzies,2026-09-22,Players Championship,PT,Last 64,5.0,6.0,83.91,88.98
Jim Long,Arno Merk,2026-09-22,Players Championship,PT,Last 128,6.0,2.0,90.05,82.2
Jim Long,Gerwyn Price,2026-09-19,World Series of Darts Finals,MJ,Last 16,5.0,10.0,88.73,97.91
Jim Long,Adam Leek,2026-09-18,World Series of Darts Finals,MJ,Last 32,6.0,5.0,94.52,91.02
Jim Long,James Wade,2026-09-12,European Tour,ET,Last 32,2.0,6.0,96.71,96.77
Jim Long,Raymond van Barneveld,2026-09-11,European Tour,ET,Last 48 (Premier),6.0,2.0,85.7,82.04
Jim Long,Kevin Luke,2026-08-30,CDC Pro Tour,0,Last 16,1.0,3.0,84.02,86.78
Jim Long,James Stathopoulos,2026-08-30,CDC Pro Tour,0,Last 32,3.0,0.0,89.29,79.25
Jurjen van der Velde,Max Hopp,2026-09-24,European Tour Card Holder Qualifier,Q,Quarter Final,5.0,6.0,92.08,90.25
Jurjen van der Velde,Tom Sykes,2026-09-23,Players Championship,PT,Last 64,2.0,6.0,90.15,94.67
Jurjen van der Velde,Cor Dekker,2026-09-23,Players Championship,PT,Last 128,6.0,4.0,90.71,89.26
Jurjen van der Velde,Dave Chisnall,2026-09-22,Players Championship,PT,Last 128,2.0,6.0,75.97,81.74
Jurjen van der Velde,Cameron Menzies,2026-08-26,Players Championship,PT,Last 64,1.0,6.0,85.63,99.74
Jurjen van der Velde,Harry Ward,2026-08-26,Players Championship,PT,Last 128,6.0,5.0,80.28,78.06
Jurjen van der Velde,William O&#039;Connor,2026-08-25,Players Championship,PT,Last 64,0.0,6.0,78.24,86.71
Jurjen van der Velde,Nathan Potter,2026-08-25,Players Championship,PT,Last 128,6.0,4.0,89.3,91.73
Jurjen van der Velde,Andrew Gilding,2026-08-24,World Series Finals Tour Card Qualifier,Q,Last 16,3.0,6.0,81.35,94.49
Jurjen van der Velde,Harrison Leigh,2026-08-02,Development Tour,0,Last 128,3.0,4.0,73.37,80.34
Adam Warner,Mensur Suljović,2026-09-24,European Tour Card Holder Qualifier,Q,Semi Final,3.0,6.0,85.55,82.34
Adam Warner,Mervyn King,2026-09-24,European Tour Card Holder Qualifier,Q,Quarter Final,6.0,4.0,90.46,92.8
Adam Warner,Danny Noppert,2026-09-23,Players Championship,PT,Last 128,4.0,6.0,87.81,98.58
Adam Warner,Gilbert van der Meijden,2026-09-22,Players Championship,PT,Last 128,5.0,6.0,90.98,84.24
Adam Warner,Wessel Nijman,2026-08-26,Players Championship,PT,Last 64,4.0,6.0,85.93,90.24
Adam Warner,Callan Rydz,2026-08-26,Players Championship,PT,Last 128,6.0,3.0,88.63,95.3
Adam Warner,Martin Lukeman,2026-08-25,Players Championship,PT,Last 128,3.0,6.0,86.87,80.22
Adam Warner,Jurjen van der Velde,2026-07-30,European Tour Card Holder Qualifier,Q,Quarter Final,4.0,6.0,77.63,88.79
Adam Warner,Cam Crabtree,2026-07-30,European Tour Card Holder Qualifier,Q,Quarter Final,1.0,6.0,76.38,91.03
Adam Warner,Niels Zonneveld,2026-07-29,Players Championship,PT,Last 128,3.0,6.0,78.69,90.78
Stefan Bellmont,Cor Dekker,2026-09-24,European Tour Card Holder Qualifier,Q,Quarter Final,3.0,6.0,91.64,96.44
Stefan Bellmont,Cam Crabtree,2026-09-23,Players Championship,PT,Last 64,4.0,6.0,95.77,96.12
Stefan Bellmont,Thibault Tricole,2026-09-23,Players Championship,PT,Last 128,6.0,3.0,92.79,93.19
Stefan Bellmont,Kim Huybrechts,2026-09-22,Players Championship,PT,Last 64,5.0,6.0,84.13,92.69
Stefan Bellmont,Leon Weber,2026-09-22,Players Championship,PT,Last 128,6.0,3.0,88.19,81.0
Stefan Bellmont,Arno Merk,2026-08-26,Players Championship,PT,Last 128,3.0,6.0,75.05,79.85
Stefan Bellmont,Chris Dobey,2026-08-25,Players Championship,PT,Last 64,1.0,6.0,82.31,93.4
Stefan Bellmont,Steve Lennon,2026-08-25,Players Championship,PT,Last 128,6.0,3.0,91.29,90.92
Stefan Bellmont,Callan Rydz,2026-08-24,World Series Finals Tour Card Qualifier,Q,Last 16,3.0,6.0,85.57,90.94
Stefan Bellmont,Sam Price,2026-08-24,World Series Finals Tour Card Qualifier,Q,Last 32,6.0,1.0,84.6,81.28
Jeffrey Sparidaans,Brendan Dolan,2026-09-24,European Tour Card Holder Qualifier,Q,Quarter Final,1.0,6.0,72.29,98.22
Jeffrey Sparidaans,Tom Bissell,2026-09-23,Players Championship,PT,Last 128,4.0,6.0,88.32,97.52
Jeffrey Sparidaans,Kevin Doets,2026-09-22,Players Championship,PT,Last 128,0.0,6.0,86.28,99.1
Jeffrey Sparidaans,Ryan Joyce,2026-08-26,Players Championship,PT,Last 128,4.0,6.0,88.17,91.07
Jeffrey Sparidaans,Kim Huybrechts,2026-08-25,Players Championship,PT,Last 32,3.0,6.0,81.02,92.51
Jeffrey Sparidaans,David Sharp,2026-08-25,Players Championship,PT,Last 64,6.0,1.0,91.63,86.13
Jeffrey Sparidaans,Danny Noppert,2026-08-25,Players Championship,PT,Last 128,6.0,5.0,90.11,93.75
Jeffrey Sparidaans,Daryl Gurney,2026-08-24,World Series Finals Tour Card Qualifier,Q,Last 16,5.0,6.0,85.29,90.84
Jeffrey Sparidaans,Cam Crabtree,2026-07-30,European Tour Card Holder Qualifier,Q,Last 16,3.0,6.0,76.67,82.8
Jeffrey Sparidaans,David Sharp,2026-07-30,European Tour Card Holder Qualifier,Q,Semi Final,1.0,6.0,71.73,101.5
Oskar Lukasiak,Jeffrey de Zwaan,2026-09-23,Players Championship,PT,Last 64,3.0,6.0,89.3,88.5
Oskar Lukasiak,William O&#039;Connor,2026-09-23,Players Championship,PT,Last 128,6.0,5.0,93.36,92.3
Oskar Lukasiak,William O&#039;Connor,2026-09-22,Players Championship,PT,Quarter Final,3.0,6.0,85.08,89.92
Oskar Lukasiak,Dave Chisnall,2026-09-22,Players Championship,PT,Last 16,6.0,4.0,90.32,86.9
Oskar Lukasiak,Max Hopp,2026-09-22,Players Championship,PT,Last 32,6.0,0.0,83.5,76.62
Oskar Lukasiak,Ritchie Edhouse,2026-09-22,Players Championship,PT,Last 64,6.0,2.0,91.06,88.74
Oskar Lukasiak,Charlie Manby,2026-09-22,Players Championship,PT,Last 128,6.0,4.0,90.79,86.7
Oskar Lukasiak,Nathan Aspinall,2026-08-26,Players Championship,PT,Last 128,2.0,6.0,87.13,96.0
Oskar Lukasiak,Luke Woodhouse,2026-08-25,Players Championship,PT,Last 64,2.0,6.0,91.14,97.15
Oskar Lukasiak,Jim Long,2026-08-25,Players Championship,PT,Last 128,6.0,2.0,94.01,88.51
Greg Ritchie,Keane Barry,2026-09-24,European Tour Card Holder Qualifier,Q,Semi Final,4.0,6.0,81.85,91.54
Greg Ritchie,Sam Price,2026-09-24,European Tour Card Holder Qualifier,Q,Quarter Final,6.0,5.0,82.88,80.97
Greg Ritchie,Richard Veenstra,2026-09-23,Players Championship,PT,Last 128,4.0,6.0,90.34,87.04
Greg Ritchie,William O&#039;Connor,2026-09-22,Players Championship,PT,Last 64,4.0,6.0,88.93,97.47
Greg Ritchie,Florian Preis,2026-09-22,Players Championship,PT,Last 128,6.0,5.0,79.26,78.85
Greg Ritchie,Krzysztof Ratajski,2026-08-26,Players Championship,PT,Last 16,2.0,6.0,89.4,91.78
Greg Ritchie,Charlie Manby,2026-08-26,Players Championship,PT,Last 32,6.0,3.0,92.43,89.08
Greg Ritchie,Raymond van Barneveld,2026-08-26,Players Championship,PT,Last 64,6.0,5.0,87.53,85.57
Greg Ritchie,Filip Bereza,2026-08-26,Players Championship,PT,Last 128,6.0,4.0,89.58,85.01
Greg Ritchie,Keane Barry,2026-08-25,Players Championship,PT,Last 64,1.0,6.0,83.06,99.95
Niall Culleton,Thomas Lovely,2026-09-24,European Tour Card Holder Qualifier,Q,Quarter Final,0.0,6.0,100.21,103.66
Niall Culleton,Adam Gawlas,2026-09-23,Players Championship,PT,Last 128,4.0,6.0,88.05,85.96
Niall Culleton,Cor Dekker,2026-09-22,Players Championship,PT,Last 128,2.0,6.0,87.23,84.84
Niall Culleton,Tom Sykes,2026-08-26,Players Championship,PT,Last 128,2.0,6.0,89.85,96.79
Niall Culleton,Niels Zonneveld,2026-08-25,Players Championship,PT,Last 128,2.0,6.0,85.8,95.8
Niall Culleton,Darryl Pilgrim,2026-08-24,World Series Finals Tour Card Qualifier,Q,Last 32,2.0,6.0,82.42,100.4
Niall Culleton,Cor Dekker,2026-07-30,European Tour Card Holder Qualifier,Q,Quarter Final,5.0,6.0,82.26,87.46
Niall Culleton,Rusty-Jake Rodriguez,2026-07-30,European Tour Card Holder Qualifier,Q,Last 16,5.0,6.0,78.58,77.66
Niall Culleton,Gabriel Clemens,2026-07-29,Players Championship,PT,Last 128,2.0,6.0,79.66,91.84
Niall Culleton,Richard Veenstra,2026-07-28,Players Championship,PT,Last 64,3.0,6.0,83.73,89.24
Carl Sneyd,Tyler Thorpe,2026-09-24,European Tour Card Holder Qualifier,Q,Semi Final,3.0,6.0,88.54,91.01
Carl Sneyd,Ricky Evans,2026-09-24,European Tour Card Holder Qualifier,Q,Quarter Final,6.0,5.0,93.11,94.18
Carl Sneyd,Dave Chisnall,2026-09-23,Players Championship,PT,Last 128,5.0,6.0,95.8,93.09
Carl Sneyd,Karel Sedláček,2026-09-22,Players Championship,PT,Last 128,4.0,6.0,99.61,100.14
Carl Sneyd,Sebastian Bialecki,2026-08-26,Players Championship,PT,Last 128,5.0,6.0,95.56,93.44
Carl Sneyd,Jermaine Wattimena,2026-08-25,Players Championship,PT,Last 16,4.0,6.0,95.19,102.27
Carl Sneyd,Nick Kenny,2026-08-25,Players Championship,PT,Last 32,6.0,4.0,87.83,85.59
Carl Sneyd,Alexander Merkx,2026-08-25,Players Championship,PT,Last 64,6.0,4.0,91.38,87.26
Carl Sneyd,Andrew Gilding,2026-08-25,Players Championship,PT,Last 128,6.0,5.0,81.9,80.84
Carl Sneyd,Rob Cross,2026-08-24,World Series Finals Tour Card Qualifier,Q,Last 16,0.0,6.0,83.1,98.02
Dominik Gruellich,Tom Sykes,2026-09-24,European Tour Card Holder Qualifier,Q,Quarter Final,3.0,6.0,86.15,87.39
Dominik Gruellich,Damon Heta,2026-09-23,Players Championship,PT,Last 128,2.0,6.0,97.59,99.36
Dominik Gruellich,Scott Williams,2026-09-22,Players Championship,PT,Last 128,3.0,6.0,80.48,92.69
Dominik Gruellich,Benjamin Pratnemer,2026-08-26,Players Championship,PT,Last 128,3.0,6.0,92.9,101.63
Dominik Gruellich,Raymond van Barneveld,2026-08-25,Players Championship,PT,Last 128,5.0,6.0,82.07,89.77
Dominik Gruellich,Daryl Gurney,2026-08-24,World Series Finals Tour Card Qualifier,Q,Quarter Final,3.0,6.0,84.98,92.7
Dominik Gruellich,Stefaan Henderyck,2026-08-24,World Series Finals Tour Card Qualifier,Q,Last 16,6.0,5.0,91.02,88.41
Dominik Gruellich,Adam Paxton,2026-08-24,World Series Finals Tour Card Qualifier,Q,Last 32,6.0,1.0,93.95,84.47
Dominik Gruellich,Dylan Slevin,2026-08-02,Development Tour,0,Last 16,3.0,4.0,82.42,87.42
Dominik Gruellich,Harrison Leigh,2026-08-02,Development Tour,0,Last 32,4.0,0.0,95.43,77.43
Yorick Hofkens,Brendan Dolan,2026-08-26,Players Championship,PT,Last 128,4.0,6.0,81.06,88.2
Yorick Hofkens,Kevin Doets,2026-08-25,Players Championship,PT,Last 128,2.0,6.0,81.69,89.23
Yorick Hofkens,Ricky Evans,2026-08-24,World Series Finals Tour Card Qualifier,Q,Last 16,0.0,6.0,83.09,89.29
Yorick Hofkens,Kai Gotthardt,2026-08-24,World Series Finals Tour Card Qualifier,Q,Last 32,6.0,5.0,81.74,92.05
Yorick Hofkens,Lenny Schlueter,2026-08-02,Development Tour,0,Last 16,2.0,4.0,89.72,86.68
Yorick Hofkens,Damian Vetjens,2026-08-02,Development Tour,0,Last 32,4.0,0.0,98.56,84.26
Yorick Hofkens,Cole Davey,2026-08-02,Development Tour,0,Last 64,4.0,1.0,83.56,72.17
Yorick Hofkens,Joseph Simpson,2026-08-02,Development Tour,0,Last 128,4.0,2.0,75.48,77.5
Yorick Hofkens,Jack Lilley,2026-08-02,Development Tour,0,Last 256,4.0,0.0,76.1,68.81
Yorick Hofkens,Sam Jackson,2026-08-01,Development Tour,0,Last 64,2.0,4.0,89.81,89.88
Leon Weber,Christian Kist,2026-09-24,European Tour Card Holder Qualifier,Q,Quarter Final,5.0,6.0,77.7,80.68
Leon Weber,Luke Woodhouse,2026-09-23,Players Championship,PT,Last 64,1.0,6.0,74.06,95.32
Leon Weber,Dennie Olde Kalter,2026-09-23,Players Championship,PT,Last 128,6.0,3.0,78.1,81.91
Leon Weber,Stefan Bellmont,2026-09-22,Players Championship,PT,Last 128,3.0,6.0,81.0,88.19
Leon Weber,Leon Remde,2026-08-29,MyDartCoach Championship,0,Last 128,1.0,4.0,81.0,84.32
Leon Weber,Danny Noppert,2026-08-26,Players Championship,PT,Last 128,0.0,6.0,81.34,100.2
Leon Weber,Wesley Plaisier,2026-08-25,Players Championship,PT,Last 128,4.0,6.0,80.92,87.47
Leon Weber,Michael Smith,2026-08-24,World Series Finals Tour Card Qualifier,Q,Last 16,3.0,6.0,67.42,84.0
Leon Weber,Nathan Potter,2026-08-02,Development Tour,0,Last 128,0.0,4.0,83.95,89.73
Leon Weber,Luca Green,2026-08-02,Development Tour,0,Last 256,4.0,0.0,85.89,63.65
Stefaan Henderyck,Chris Landman,2026-09-24,European Tour Card Holder Qualifier,Q,Quarter Final,5.0,6.0,92.31,90.18
Stefaan Henderyck,Richard Veenstra,2026-09-23,Players Championship,PT,Last 64,2.0,6.0,83.62,85.75
Stefaan Henderyck,Dan Hands,2026-09-23,Players Championship,PT,Last 128,6.0,5.0,85.25,75.91
Stefaan Henderyck,Bradley Brooks,2026-09-22,Players Championship,PT,Last 128,4.0,6.0,86.37,90.38
Stefaan Henderyck,Krzysztof Ratajski,2026-08-26,Players Championship,PT,Last 128,4.0,6.0,79.61,89.59
Stefaan Henderyck,Niels Zonneveld,2026-08-25,Players Championship,PT,Last 64,1.0,6.0,79.45,85.29
Stefaan Henderyck,Robert Owen,2026-08-25,Players Championship,PT,Last 128,6.0,5.0,85.47,88.53
Stefaan Henderyck,Dominik Gruellich,2026-08-24,World Series Finals Tour Card Qualifier,Q,Last 16,5.0,6.0,88.41,91.02
Stefaan Henderyck,Ian White,2026-08-24,World Series Finals Tour Card Qualifier,Q,Last 32,6.0,5.0,78.5,79.87
Stefaan Henderyck,Richard Veenstra,2026-07-30,European Tour Card Holder Qualifier,Q,Last 16,1.0,6.0,87.5,103.57
Viktor Tingstrom,Dirk van Duijvenbode,2026-09-23,Players Championship,PT,Last 128,1.0,6.0,74.39,83.78
Viktor Tingstrom,Wessel Nijman,2026-09-22,Players Championship,PT,Last 64,3.0,6.0,100.02,106.3
Viktor Tingstrom,Martin Lukeman,2026-09-22,Players Championship,PT,Last 128,6.0,5.0,88.46,88.48
Viktor Tingstrom,Dirk van Duijvenbode,2026-09-17,World Series of Darts Finals,MJ,Last 32,4.0,6.0,87.18,93.96
Viktor Tingstrom,Karel Sedláček,2026-08-26,Players Championship,PT,Last 64,1.0,6.0,77.43,94.35
Viktor Tingstrom,Christian Kist,2026-08-26,Players Championship,PT,Last 128,6.0,5.0,90.57,86.85
Viktor Tingstrom,Gabriel Clemens,2026-08-25,Players Championship,PT,Last 128,5.0,6.0,86.97,87.69
Viktor Tingstrom,Benjamin Drue Reus,2026-08-09,Nordic Baltic Tour,0,Quarter Final,5.0,6.0,85.38,90.81
Viktor Tingstrom,Teemu Harju,2026-08-09,Nordic Baltic Tour,0,Last 16,6.0,3.0,94.01,85.73
Viktor Tingstrom,Lars-Erik Lindgreen,2026-08-09,Nordic Baltic Tour,0,Last 32,6.0,5.0,79.73,80.05
Marvin Kraft,Scott Williams,2026-09-24,European Tour Card Holder Qualifier,Q,Quarter Final,2.0,6.0,83.55,93.05
Marvin Kraft,Michael Smith,2026-09-23,Players Championship,PT,Last 128,5.0,6.0,84.11,78.27
Marvin Kraft,Henry Coates,2026-09-22,Players Championship,PT,Last 128,4.0,6.0,82.81,89.69
Marvin Kraft,Richard Veenstra,2026-08-26,Players Championship,PT,Last 128,2.0,6.0,77.67,83.45
Marvin Kraft,Bradley Brooks,2026-08-25,Players Championship,PT,Last 128,2.0,6.0,89.34,97.15
Marvin Kraft,Tom Bissell,2026-08-24,World Series Finals Tour Card Qualifier,Q,Last 32,4.0,6.0,97.84,98.22
Marvin Kraft,Wesley Plaisier,2026-07-30,European Tour Card Holder Qualifier,Q,Semi Final,5.0,6.0,88.13,86.18
Marvin Kraft,Maik Kuivenhoven,2026-07-30,European Tour Card Holder Qualifier,Q,Quarter Final,6.0,5.0,91.58,90.55
Marvin Kraft,Chris Landman,2026-07-30,European Tour Card Holder Qualifier,Q,Quarter Final,4.0,6.0,85.83,93.27
Marvin Kraft,Kai Gotthardt,2026-07-29,Players Championship,PT,Last 128,4.0,6.0,89.96,88.95
Adam Paxton,Thibault Tricole,2026-09-24,European Tour Card Holder Qualifier,Q,Semi Final,4.0,6.0,89.67,88.52
Adam Paxton,Cam Crabtree,2026-09-24,European Tour Card Holder Qualifier,Q,Quarter Final,6.0,1.0,88.66,89.86
Adam Paxton,Nathan Aspinall,2026-09-23,Players Championship,PT,Last 32,3.0,6.0,83.59,90.59
Adam Paxton,Tom Bissell,2026-09-23,Players Championship,PT,Last 64,6.0,5.0,80.93,86.45
Adam Paxton,Maik Kuivenhoven,2026-09-23,Players Championship,PT,Last 128,6.0,4.0,87.59,82.44
Adam Paxton,Kim Huybrechts,2026-09-22,Players Championship,PT,Last 128,5.0,6.0,84.11,86.18
Adam Paxton,Krzysztof Ratajski,2026-08-26,Players Championship,PT,Last 64,0.0,6.0,87.34,95.94
Adam Paxton,Adam Lipscombe,2026-08-26,Players Championship,PT,Last 128,6.0,5.0,80.23,81.9
Adam Paxton,Nathan Aspinall,2026-08-25,Players Championship,PT,Last 64,1.0,6.0,81.81,95.34
Adam Paxton,Madars Razma,2026-08-25,Players Championship,PT,Last 128,6.0,5.0,86.76,88.51
Sam Price,Greg Ritchie,2026-09-24,European Tour Card Holder Qualifier,Q,Quarter Final,5.0,6.0,80.97,82.88
Sam Price,Marvin van Velzen,2026-09-23,Players Championship,PT,Last 128,2.0,6.0,73.4,98.78
Sam Price,Gabriel Clemens,2026-09-22,Players Championship,PT,Last 128,4.0,6.0,81.58,81.13
Sam Price,William O&#039;Connor,2026-08-28,European Tour,ET,Last 48 (Premier),2.0,6.0,89.45,97.1
Sam Price,Mike De Decker,2026-08-26,Players Championship,PT,Last 64,1.0,6.0,84.91,90.65
Sam Price,Kai Gotthardt,2026-08-26,Players Championship,PT,Last 128,6.0,5.0,88.73,83.41
Sam Price,Derek Coulson,2026-08-25,Players Championship,PT,Last 128,3.0,6.0,84.6,90.93
Sam Price,Stefan Bellmont,2026-08-24,World Series Finals Tour Card Qualifier,Q,Last 32,1.0,6.0,81.28,84.6
Sam Price,Raymond van Barneveld,2026-07-30,European Tour Card Holder Qualifier,Q,Quarter Final,2.0,6.0,67.31,86.47
Sam Price,Lukas Wenig,2026-07-30,European Tour Card Holder Qualifier,Q,Quarter Final,0.0,6.0,64.21,100.2
Marvin van Velzen,Jermaine Wattimena,2026-09-23,Players Championship,PT,Last 64,4.0,6.0,95.98,103.74
Marvin van Velzen,Sam Price,2026-09-23,Players Championship,PT,Last 128,6.0,2.0,98.78,73.4
Marvin van Velzen,Lewis Pride,2026-09-22,Players Championship,PT,Last 128,1.0,6.0,90.97,100.53
Marvin van Velzen,Willem van de Ven,2026-09-06,Open Venlo Men,0,Final,5.0,4.0,78.23,79.11
Marvin van Velzen,Simon Boiten,2026-09-06,Open Venlo Men,0,Semi Final,4.0,3.0,84.54,79.21
Marvin van Velzen,Owen Roelofs,2026-09-06,Open Venlo Men,0,Quarter Final,4.0,1.0,87.0,77.82
Marvin van Velzen,Tonny Veenhof,2026-09-06,Open Venlo Men,0,Last 16,3.0,0.0,98.02,85.57
Marvin van Velzen,Alexander Beerens,2026-09-06,Open Venlo Men,0,Last 32,3.0,0.0,70.45,57.95
Marvin van Velzen,Karsten Boelens,2026-09-06,Open Venlo Men,0,Round Robin,3.0,0.0,86.71,48.94
Marvin van Velzen,Marko Vrakking,2026-09-06,Open Venlo Men,0,Round Robin,3.0,2.0,68.83,67.17
Martin Lukeman,Stephen Burton,2026-09-24,European Tour Card Holder Qualifier,Q,Quarter Final,3.0,6.0,84.6,83.57
Martin Lukeman,Keane Barry,2026-09-23,Players Championship,PT,Last 128,0.0,6.0,78.79,88.41
Martin Lukeman,Viktor Tingstrom,2026-09-22,Players Championship,PT,Last 128,5.0,6.0,88.48,88.46
Martin Lukeman,Michael Smith,2026-08-26,Players Championship,PT,Last 128,1.0,6.0,83.16,97.82
Martin Lukeman,Jermaine Wattimena,2026-08-25,Players Championship,PT,Last 64,4.0,6.0,81.72,95.21
Martin Lukeman,Adam Warner,2026-08-25,Players Championship,PT,Last 128,6.0,3.0,80.22,86.87
Martin Lukeman,Charlie Manby,2026-08-24,World Series Finals Tour Card Qualifier,Q,Last 32,3.0,6.0,90.2,95.85
Martin Lukeman,Beau Greaves,2026-07-30,European Tour Card Holder Qualifier,Q,Quarter Final,5.0,6.0,84.93,88.77
Martin Lukeman,Nick Kenny,2026-07-30,European Tour Card Holder Qualifier,Q,Quarter Final,1.0,6.0,76.41,87.91
Martin Lukeman,Ricardo Pietreczko,2026-07-29,Players Championship,PT,Last 128,2.0,6.0,76.61,96.37
Tytus Kanik,Darius Labanauskas,2026-09-23,Players Championship,PT,Last 128,3.0,6.0,88.61,91.04
Tytus Kanik,William O&#039;Connor,2026-09-22,Players Championship,PT,Last 128,0.0,6.0,84.16,93.94
Tytus Kanik,Nick Kenny,2026-08-26,Players Championship,PT,Last 128,2.0,6.0,79.51,89.73
Tytus Kanik,Ricardo Pietreczko,2026-08-25,Players Championship,PT,Last 128,3.0,6.0,84.83,91.77
Tytus Kanik,Robert Owen,2026-08-24,World Series Finals Tour Card Qualifier,Q,Last 32,5.0,6.0,85.28,85.92
Tytus Kanik,Jim Long,2026-07-30,European Tour Card Holder Qualifier,Q,Last 16,5.0,6.0,95.19,92.25
Tytus Kanik,Yorick Hofkens,2026-07-30,European Tour Card Holder Qualifier,Q,Last 16,1.0,6.0,80.87,85.32
Tytus Kanik,Mario Vandenbogaerde,2026-07-29,Players Championship,PT,Last 128,3.0,6.0,86.21,88.55
Tytus Kanik,Kim Huybrechts,2026-07-28,Players Championship,PT,Last 128,1.0,6.0,80.13,96.17
Tytus Kanik,Greg Ritchie,2026-07-08,European Tour Card Holder Qualifier,Q,Quarter Final,3.0,6.0,82.04,87.78
Matthias Ehlers,Andy Boulton,2026-09-24,European Tour Card Holder Qualifier,Q,Quarter Final,1.0,6.0,79.6,86.55
Matthias Ehlers,Martin Schindler,2026-09-23,Players Championship,PT,Last 128,4.0,6.0,91.3,99.15
Matthias Ehlers,Max Hopp,2026-09-22,Players Championship,PT,Last 128,1.0,6.0,77.51,88.86
Matthias Ehlers,Cristo Reyes,2026-07-30,European Tour Card Holder Qualifier,Q,Quarter Final,1.0,6.0,79.5,87.58
Matthias Ehlers,Mario Vandenbogaerde,2026-07-30,European Tour Card Holder Qualifier,Q,Quarter Final,1.0,6.0,72.77,85.26
Matthias Ehlers,Wesley Plaisier,2026-07-29,Players Championship,PT,Last 128,1.0,6.0,89.26,94.96
Matthias Ehlers,Niall Culleton,2026-07-28,Players Championship,PT,Last 128,1.0,6.0,81.16,85.83
Matthias Ehlers,Ritchie Edhouse,2026-05-05,Players Championship,PT,Last 128,3.0,6.0,86.49,93.76
Matthias Ehlers,James Hurrell,2026-05-04,Players Championship,PT,Last 128,3.0,6.0,81.5,92.35
Matthias Ehlers,Marvin van Velzen,2026-04-28,Players Championship,PT,Last 128,1.0,6.0,82.18,83.21
Rusty-Jake Rodriguez,Cam Crabtree,2026-08-26,Players Championship,PT,Last 128,2.0,6.0,76.45,91.03
Rusty-Jake Rodriguez,Krzysztof Ratajski,2026-08-25,Players Championship,PT,Last 128,3.0,6.0,79.97,87.14
Rusty-Jake Rodriguez,Jeffrey de Zwaan,2026-08-24,World Series Finals Tour Card Qualifier,Q,Last 32,1.0,6.0,76.32,78.99
Rusty-Jake Rodriguez,Stephen Burton,2026-07-30,European Tour Card Holder Qualifier,Q,Quarter Final,1.0,6.0,74.95,85.45
Rusty-Jake Rodriguez,Max Hopp,2026-07-30,European Tour Card Holder Qualifier,Q,Quarter Final,4.0,6.0,81.07,85.46
Rusty-Jake Rodriguez,Niall Culleton,2026-07-30,European Tour Card Holder Qualifier,Q,Last 16,6.0,5.0,77.66,78.58
Rusty-Jake Rodriguez,Darius Labanauskas,2026-07-29,Players Championship,PT,Last 128,1.0,6.0,87.29,88.88
Rusty-Jake Rodriguez,Benjamin Pratnemer,2026-07-28,Players Championship,PT,Last 128,3.0,6.0,92.38,95.38
Rusty-Jake Rodriguez,Maximilian Czerwinski,2026-07-08,European Tour Card Holder Qualifier,Q,Quarter Final,2.0,6.0,77.0,77.5
Rusty-Jake Rodriguez,Ricky Evans,2026-07-08,European Tour Card Holder Qualifier,Q,Semi Final,1.0,6.0,79.3,80.7
Filip Bereza,Jeffrey de Zwaan,2026-09-23,Players Championship,PT,Last 128,3.0,6.0,86.47,95.46
Filip Bereza,Dirk van Duijvenbode,2026-09-22,Players Championship,PT,Last 128,2.0,6.0,76.12,82.0
Filip Bereza,Greg Ritchie,2026-08-26,Players Championship,PT,Last 128,4.0,6.0,85.01,89.58
Filip Bereza,Luke Woodhouse,2026-08-25,Players Championship,PT,Last 128,1.0,6.0,87.08,94.35
Filip Bereza,Thomas Lovely,2026-08-24,World Series Finals Tour Card Qualifier,Q,Last 32,2.0,6.0,80.57,85.27
Filip Bereza,Darius Labanauskas,2026-07-30,European Tour Card Holder Qualifier,Q,Last 16,0.0,6.0,85.66,88.41
Filip Bereza,Max Hopp,2026-07-30,European Tour Card Holder Qualifier,Q,Semi Final,3.0,6.0,85.83,94.41
Filip Bereza,Tom Sykes,2026-07-30,European Tour Card Holder Qualifier,Q,Quarter Final,6.0,4.0,91.35,89.92
Filip Bereza,Karel Sedláček,2026-07-29,Players Championship,PT,Last 128,5.0,6.0,83.5,96.36
Filip Bereza,Henry Coates,2026-07-28,Players Championship,PT,Last 128,4.0,6.0,86.05,90.0
Maximilian Czerwinski,Mickey Mansell,2026-09-24,European Tour Card Holder Qualifier,Q,Quarter Final,0.0,6.0,83.45,99.1
Maximilian Czerwinski,Tommy Lishman,2026-09-23,Players Championship,PT,Last 64,2.0,6.0,80.54,94.16
Maximilian Czerwinski,Andrew Gilding,2026-09-23,Players Championship,PT,Last 128,6.0,4.0,85.64,84.94
Maximilian Czerwinski,Andrew Gilding,2026-09-22,Players Championship,PT,Last 128,1.0,6.0,73.53,85.99
Maximilian Czerwinski,Marcel Hausotter,2026-08-29,MyDartCoach Championship,0,Last 16,2.0,5.0,86.02,88.78
Maximilian Czerwinski,Maurice Junker,2026-08-29,MyDartCoach Championship,0,Last 32,4.0,3.0,76.07,72.18
Maximilian Czerwinski,Benno Touhsaint,2026-08-29,MyDartCoach Championship,0,Last 64,4.0,0.0,64.65,64.69
Maximilian Czerwinski,Viktor Tingstrom,2026-07-30,European Tour Card Holder Qualifier,Q,Quarter Final,4.0,6.0,70.24,76.67
Maximilian Czerwinski,Jeffrey de Graaf,2026-07-30,European Tour Card Holder Qualifier,Q,Final,5.0,6.0,84.35,87.02
Maximilian Czerwinski,Charlie Manby,2026-07-30,European Tour Card Holder Qualifier,Q,Semi Final,6.0,5.0,79.68,86.36
Tavis Dudeney,Bradley Brooks,2026-09-24,European Tour Card Holder Qualifier,Q,Quarter Final,1.0,6.0,87.06,96.78
Tavis Dudeney,Karel Sedláček,2026-09-23,Players Championship,PT,Last 128,1.0,6.0,76.41,86.78
Tavis Dudeney,Wesley Plaisier,2026-09-22,Players Championship,PT,Last 128,1.0,6.0,80.24,90.44
Tavis Dudeney,Charlie Manby,2026-08-26,Players Championship,PT,Last 128,5.0,6.0,79.25,82.21
Tavis Dudeney,Jack Tweddell,2026-08-25,Players Championship,PT,Last 128,5.0,6.0,88.12,92.04
Tavis Dudeney,Wesley Plaisier,2026-08-24,World Series Finals Tour Card Qualifier,Q,Last 32,1.0,6.0,78.8,87.58
Tavis Dudeney,Scott Williams,2026-07-30,European Tour Card Holder Qualifier,Q,Quarter Final,1.0,6.0,70.89,81.33
Tavis Dudeney,Chris Landman,2026-07-30,European Tour Card Holder Qualifier,Q,Last 16,3.0,6.0,77.34,78.93
Tavis Dudeney,Cristo Reyes,2026-07-29,Players Championship,PT,Last 128,0.0,6.0,80.16,92.02
Tavis Dudeney,Joe Hunt,2026-07-28,Players Championship,PT,Last 64,3.0,6.0,83.38,88.9
Pero Ljubić,David Sharp,2026-09-24,European Tour Card Holder Qualifier,Q,Semi Final,3.0,6.0,87.0,101.4
Pero Ljubić,Arno Merk,2026-09-24,European Tour Card Holder Qualifier,Q,Quarter Final,6.0,4.0,79.07,85.99
Pero Ljubić,Archie Self,2026-09-23,Players Championship,PT,Last 128,1.0,6.0,77.37,87.5
Pero Ljubić,Archie Self,2026-09-22,Players Championship,PT,Last 128,1.0,6.0,85.68,98.28
Pero Ljubić,Justin Hood,2026-07-30,European Tour Card Holder Qualifier,Q,Quarter Final,0.0,6.0,73.49,82.73
Pero Ljubić,Jeffrey Sparidaans,2026-07-30,European Tour Card Holder Qualifier,Q,Quarter Final,3.0,6.0,77.11,77.3
Pero Ljubić,Wessel Nijman,2026-07-29,Players Championship,PT,Last 128,2.0,6.0,81.65,94.39
Pero Ljubić,Cristo Reyes,2026-07-28,Players Championship,PT,Last 128,0.0,6.0,84.27,96.97
Pero Ljubić,Tom Sykes,2026-07-08,European Tour Card Holder Qualifier,Q,Semi Final,4.0,6.0,72.91,89.52
Pero Ljubić,Scott Williams,2026-07-08,European Tour Card Holder Qualifier,Q,Quarter Final,6.0,5.0,78.47,86.51
David Sharp,Pero Ljubic,2026-09-24,European Tour Card Holder Qualifier,Q,Semi Final,6.0,3.0,101.4,87.0
Tyler Thorpe,Rob Owen,2026-09-24,European Tour Card Holder Qualifier,Q,Quarter Final,6.0,5.0,87.55,86.68
Arno Merk,Pero Ljubic,2026-09-24,European Tour Card Holder Qualifier,Q,Quarter Final,4.0,6.0,85.99,79.07
Greg Ritchie,Samuel Price,2026-09-24,European Tour Card Holder Qualifier,Q,Quarter Final,6.0,5.0,82.88,80.97
Sam Price,Christian Kist,2026-07-29,Players Championship,PT,Last 128,2.0,6.0,72.19,82.1
Pero Ljubić,David Sharp,2026-07-08,European Tour Card Holder Qualifier,Q,Last 16,2.0,6.0,82.9,91.3
Pero Ljubić,William O&#039;Connor,2026-07-07,Players Championship,PT,Last 128,1.0,6.0,75.25,86.87
Justin Hood,Michael Smith,2026-08-24,World Series Finals Tour Card Qualifier,Q,Quarter Final,6.0,5.0,102.2,93.91
Connor Scutt,Brendan Dolan,2026-07-30,European Tour Card Holder Qualifier,Q,Semi Final,4.0,6.0,85.14,91.22
Connor Scutt,Adam Lipscombe,2026-07-30,European Tour Card Holder Qualifier,Q,Quarter Final,6.0,4.0,92.88,89.39
Alan Soutar,Martin Schindler,2026-07-29,Players Championship,PT,Last 128,5.0,6.0,95.71,92.96
Callan Rydz,Cristo Reyes,2026-09-04,European Tour,ET,Last 48 (Premier),6.0,1.0,96.14,86.88
Callan Rydz,Krzysztof Ratajski,2026-08-28,European Tour,ET,Last 48 (Premier),5.0,6.0,94.82,92.57
Tom Bissell,Marvin Kraft,2026-08-24,World Series Finals Tour Card Qualifier,Q,Last 32,6.0,4.0,98.22,97.84
Tom Sykes,Luke Woodhouse,2026-08-25,Players Championship,PT,Last 32,1.0,6.0,87.65,88.79
Tom Sykes,Derek Coulson,2026-08-25,Players Championship,PT,Last 64,6.0,3.0,93.85,96.12
Daryl Gurney,Bradley Brooks,2026-08-26,Players Championship,PT,Last 128,5.0,6.0,87.28,89.63
Daryl Gurney,Jermaine Wattimena,2026-08-25,Players Championship,PT,Last 32,5.0,6.0,91.66,89.46
Mickey Mansell,Ryan Searle,2026-08-25,Players Championship,PT,Last 16,6.0,5.0,96.4,89.17
Mickey Mansell,Nathan Aspinall,2026-08-25,Players Championship,PT,Last 32,6.0,3.0,100.0,96.86
Mickey Mansell,Adam Lipscombe,2026-08-25,Players Championship,PT,Last 64,6.0,0.0,101.33,86.82
Keane Barry,Chris Dobey,2026-09-05,European Tour,ET,Last 32,6.0,4.0,90.12,94.37
Keane Barry,Rob Cross,2026-09-04,European Tour,ET,Last 48 (Premier),6.0,4.0,89.73,86.12
Keane Barry,Dave Chisnall,2026-08-30,European Tour,ET,Last 16,2.0,6.0,89.98,94.54
Bradley Brooks,Wessel Nijman,2026-08-25,Players Championship,PT,Last 16,1.0,6.0,98.87,109.77
Bradley Brooks,Niels Zonneveld,2026-08-25,Players Championship,PT,Last 32,6.0,1.0,92.03,79.96
Mensur Suljović,Kim Huybrechts,2026-07-30,European Tour Card Holder Qualifier,Q,Quarter Final,6.0,1.0,95.32,85.82
Mensur Suljović,Ritchie Edhouse,2026-07-29,Players Championship,PT,Last 16,1.0,6.0,84.82,97.88
Mensur Suljović,Daniel Ayres,2026-07-29,Players Championship,PT,Last 32,6.0,4.0,92.39,93.84
Max Hopp,Filip Bereza,2026-07-30,European Tour Card Holder Qualifier,Q,Semi Final,6.0,3.0,94.41,85.83
Max Hopp,Rusty-Jake Rodriguez,2026-07-30,European Tour Card Holder Qualifier,Q,Quarter Final,6.0,4.0,85.46,81.07
Max Hopp,Ricky Evans,2026-07-29,Players Championship,PT,Last 32,5.0,6.0,85.46,87.42
James Hurrell,Dave Chisnall,2026-08-26,Players Championship,PT,Last 128,6.0,4.0,85.61,82.92
James Hurrell,Kim Huybrechts,2026-08-25,Players Championship,PT,Last 64,1.0,6.0,85.32,92.08
James Hurrell,Michael Smith,2026-08-25,Players Championship,PT,Last 128,6.0,5.0,83.16,81.89
Gabriel Clemens,Justin Hood,2026-08-24,World Series Finals Tour Card Qualifier,Q,Last 16,5.0,6.0,93.46,99.42
Shane McGuirk,Greg Ritchie,2026-07-30,European Tour Card Holder Qualifier,Q,Semi Final,5.0,6.0,101.24,96.36
Shane McGuirk,Darius Labanauskas,2026-07-30,European Tour Card Holder Qualifier,Q,Quarter Final,6.0,5.0,95.68,94.79
Mike De Decker,Kim Huybrechts,2026-08-26,Players Championship,PT,Quarter Final,6.0,5.0,88.05,84.98
Mike De Decker,Martijn Dragt,2026-08-26,Players Championship,PT,Last 16,6.0,3.0,87.56,81.53
Ricky Evans,Mensur Suljović,2026-07-30,European Tour Card Holder Qualifier,Q,Semi Final,4.0,6.0,94.38,99.71
Darryl Pilgrim,Madars Razma,2026-07-30,European Tour Card Holder Qualifier,Q,Quarter Final,2.0,6.0,91.06,92.36
Lukas Wenig,Sam Price,2026-07-30,European Tour Card Holder Qualifier,Q,Quarter Final,6.0,0.0,100.2,64.21
Scott Williams,Dave Chisnall,2026-09-22,Players Championship,PT,Last 32,4.0,6.0,92.0,101.43
Scott Williams,Niels Zonneveld,2026-09-22,Players Championship,PT,Last 64,6.0,4.0,100.14,98.32
Scott Williams,Dominik Gruellich,2026-09-22,Players Championship,PT,Last 128,6.0,3.0,92.69,80.48
Charlie Manby,Darius Labanauskas,2026-08-24,World Series Finals Tour Card Qualifier,Q,Quarter Final,6.0,2.0,99.44,92.97
Maik Kuivenhoven,Ritchie Edhouse,2026-08-25,Players Championship,PT,Last 128,4.0,6.0,89.79,88.28
Maik Kuivenhoven,Kevin Doets,2026-08-24,World Series Finals Tour Card Qualifier,Q,Final,3.0,6.0,93.29,91.77
Michael Smith,Tyler Thorpe,2026-07-30,European Tour Card Holder Qualifier,Q,Semi Final,0.0,6.0,82.82,85.08
Michael Smith,Marvin van Velzen,2026-07-30,European Tour Card Holder Qualifier,Q,Quarter Final,6.0,2.0,95.34,84.79
David Sharp,Beau Greaves,2026-07-30,European Tour Card Holder Qualifier,Q,Semi Final,2.0,6.0,87.53,89.34
David Sharp,Adam Gawlas,2026-07-30,European Tour Card Holder Qualifier,Q,Quarter Final,6.0,5.0,90.09,83.68
David Sharp,Raymond van Barneveld,2026-07-30,European Tour Card Holder Qualifier,Q,Final,5.0,6.0,95.09,88.15
Madars Razma,Andrejs Sceglovs,2026-09-11,Baltic Cup Singles Men,0,Last 256,4.0,1.0,84.72,73.39
Mario Vandenbogaerde,Alexander Merkx,2026-08-25,Players Championship,PT,Last 128,4.0,6.0,91.71,88.0
Mario Vandenbogaerde,Dirk van Duijvenbode,2026-08-24,World Series Finals Tour Card Qualifier,Q,Quarter Final,3.0,6.0,105.74,104.63
Mario Vandenbogaerde,Tom Sykes,2026-08-24,World Series Finals Tour Card Qualifier,Q,Last 16,6.0,2.0,98.33,96.08
Brendan Dolan,Dirk van Duijvenbode,2026-09-11,European Tour,ET,Last 48 (Premier),6.0,3.0,80.56,87.78
Brendan Dolan,Luke Humphries,2026-08-26,Players Championship,PT,Final,6.0,8.0,87.31,93.88
Brendan Dolan,Luke Littler,2026-08-26,Players Championship,PT,Semi Final,7.0,4.0,97.63,96.42
Stephen Burton,Tom Bissell,2026-07-30,European Tour Card Holder Qualifier,Q,Final,6.0,5.0,91.06,90.93
Stephen Burton,Cor Dekker,2026-07-30,European Tour Card Holder Qualifier,Q,Semi Final,6.0,4.0,84.94,86.4
Stephen Burton,Rusty-Jake Rodriguez,2026-07-30,European Tour Card Holder Qualifier,Q,Quarter Final,6.0,1.0,85.45,74.95
Kai Gotthardt,Jeffrey de Graaf,2026-07-30,European Tour Card Holder Qualifier,Q,Quarter Final,1.0,6.0,86.94,99.17
Kai Gotthardt,Alan Soutar,2026-07-30,European Tour Card Holder Qualifier,Q,Quarter Final,4.0,6.0,88.61,94.12
Jeffrey de Zwaan,Brendan Dolan,2026-08-24,World Series Finals Tour Card Qualifier,Q,Last 16,2.0,6.0,88.43,84.86
Benjamin Pratnemer,Tom Bissell,2026-08-24,World Series Finals Tour Card Qualifier,Q,Quarter Final,6.0,5.0,92.03,93.84
Benjamin Pratnemer,Dave Chisnall,2026-08-24,World Series Finals Tour Card Qualifier,Q,Last 16,6.0,5.0,91.98,86.57
Christian Kist,Karel Sedláček,2026-07-29,Players Championship,PT,Last 64,3.0,6.0,77.59,90.84
Christian Kist,Sam Price,2026-07-29,Players Championship,PT,Last 128,6.0,2.0,82.1,72.19
Darius Labanauskas,Martin Schindler,2026-08-25,Players Championship,PT,Last 128,3.0,6.0,90.22,88.04
Darius Labanauskas,Charlie Manby,2026-08-24,World Series Finals Tour Card Qualifier,Q,Quarter Final,2.0,6.0,92.97,99.44
Darius Labanauskas,Ritchie Edhouse,2026-08-24,World Series Finals Tour Card Qualifier,Q,Last 16,6.0,3.0,92.73,85.4
Chris Landman,Oskar Lukasiak,2026-08-24,World Series Finals Tour Card Qualifier,Q,Last 32,4.0,6.0,84.62,90.84
Chris Landman,Wesley Plaisier,2026-07-30,European Tour Card Holder Qualifier,Q,Final,6.0,3.0,82.42,81.12
Ryan Meikle,Jeffrey de Graaf,2026-07-30,European Tour Card Holder Qualifier,Q,Semi Final,3.0,6.0,79.25,86.23
Cam Crabtree,Luke Humphries,2026-08-25,Players Championship,PT,Last 128,6.0,3.0,98.77,97.85
Adam Lipscombe,Krzysztof Ratajski,2026-07-28,Players Championship,PT,Last 128,4.0,6.0,90.34,97.47
Cor Dekker,Anton Ostlund,2026-08-09,Nordic Baltic Tour,0,Quarter Final,4.0,6.0,83.16,86.54
Cor Dekker,Andreas Nielsen,2026-08-09,Nordic Baltic Tour,0,Last 16,6.0,4.0,93.41,90.41
Ian White,Yorick Hofkens,2026-07-06,Players Championship,PT,Last 128,5.0,6.0,86.61,90.19
Mervyn King,Robby van Eijndhoven,2026-08-15,Zwaantje Masters,0,Round Robin,4.0,0.0,85.89,74.36
Dennie Olde Kalter,Gaelle Dept,2026-08-15,Zwaantje Masters,0,Round Robin,4.0,0.0,78.08,41.16
Dennie Olde Kalter,Michael van de Ven,2026-08-15,Zwaantje Masters,0,Round Robin,4.0,2.0,90.31,81.49
Adam Leek,Charlie Manby,2026-07-30,European Tour Card Holder Qualifier,Q,Quarter Final,5.0,6.0,90.62,84.02
Stephen Rosney,Gian van Veen,2026-07-29,Players Championship,PT,Last 64,1.0,6.0,79.79,88.68
Thomas Lovely,Keane Barry,2026-08-24,World Series Finals Tour Card Qualifier,Q,Last 16,3.0,6.0,89.84,90.91
Thomas Lovely,Filip Bereza,2026-08-24,World Series Finals Tour Card Qualifier,Q,Last 32,6.0,2.0,85.27,80.57
Andy Boulton,Raymond van Barneveld,2026-07-30,European Tour Card Holder Qualifier,Q,Semi Final,4.0,6.0,85.83,88.03
Andy Boulton,Owen Bates,2026-07-30,European Tour Card Holder Qualifier,Q,Quarter Final,6.0,2.0,89.23,84.33
Owen Bates,Adam Leek,2026-08-26,Players Championship,PT,Last 128,6.0,3.0,96.6,87.16
Owen Bates,Rob Cross,2026-08-25,Players Championship,PT,Last 64,4.0,6.0,88.8,90.53
Owen Bates,Ryan Meikle,2026-08-25,Players Championship,PT,Last 128,6.0,4.0,90.65,80.83
Peter Wright,Jeffrey de Graaf,2026-08-24,World Series Finals Tour Card Qualifier,Q,Quarter Final,6.0,4.0,96.44,93.71
Thibault Tricole,Cor Dekker,2026-07-29,Players Championship,PT,Last 128,1.0,6.0,78.73,92.41
Thibault Tricole,Jurjen van der Velde,2026-07-28,Players Championship,PT,Last 128,3.0,6.0,80.92,84.25
Thibault Tricole,Callan Rydz,2026-07-08,European Tour Card Holder Qualifier,Q,Semi Final,2.0,6.0,79.85,85.59
Ricardo Pietreczko,Tytus Kanik,2026-08-25,Players Championship,PT,Last 128,6.0,3.0,91.77,84.83
Ricardo Pietreczko,Raymond van Barneveld,2026-08-24,World Series Finals Tour Card Qualifier,Q,Last 16,3.0,6.0,86.44,92.39
Adam Gawlas,Dominik Moravcik,2026-09-03,European Tour Home Nation Qualifier,Q,Semi Final,6.0,4.0,80.29,76.25
Adam Gawlas,Martin Chvojka,2026-09-03,European Tour Home Nation Qualifier,Q,Quarter Final,6.0,0.0,89.29,67.97
Rhys Griffin,Benjamin Pratnemer,2026-07-28,Players Championship,PT,Last 64,5.0,6.0,93.46,93.65
Tyler Thorpe,Luuk De Waal,2026-08-02,Development Tour,0,Last 64,4.0,1.0,84.44,78.25
Tyler Thorpe,Liam Maendl-Lawrance,2026-08-02,Development Tour,0,Last 128,4.0,1.0,77.29,66.42
Tyler Thorpe,Finn Chudziak,2026-08-02,Development Tour,0,Last 256,4.0,3.0,74.64,72.04
Arno Merk,Raymond van Barneveld,2026-07-30,European Tour Card Holder Qualifier,Q,Quarter Final,3.0,6.0,84.86,92.05
Nick Kenny,Ricky Evans,2026-08-24,World Series Finals Tour Card Qualifier,Q,Last 32,1.0,6.0,82.29,84.47
Nick Kenny,Sietse Lap,2026-07-30,European Tour Card Holder Qualifier,Q,Quarter Final,0.0,6.0,69.65,85.08
Nick Kenny,Mario Vandenbogaerde,2026-07-30,European Tour Card Holder Qualifier,Q,Final,3.0,6.0,80.86,87.91
Jurjen van der Velde,Ethan Bynorth,2026-08-02,Development Tour,0,Last 256,4.0,0.0,83.5,59.17
Jim Long,Glen Richard,2026-08-30,CDC Pro Tour,0,Last 64,3.0,0.0,86.71,70.79
Adam Warner,Michael van Gerwen,2026-07-28,Players Championship,PT,Last 128,0.0,6.0,70.18,77.74
Adam Warner,Adam Lipscombe,2026-07-08,European Tour Card Holder Qualifier,Q,Quarter Final,5.0,6.0,82.61,85.52
Stefan Bellmont,Bradley Brooks,2026-07-30,European Tour Card Holder Qualifier,Q,Last 16,4.0,6.0,82.18,90.92
Jeffrey Sparidaans,Pero Ljubić,2026-07-30,European Tour Card Holder Qualifier,Q,Quarter Final,6.0,3.0,77.3,77.11
Greg Ritchie,Jeffrey de Graaf,2026-08-25,Players Championship,PT,Last 128,6.0,3.0,97.11,92.7
Greg Ritchie,Krzysztof Ratajski,2026-08-24,World Series Finals Tour Card Qualifier,Q,Last 16,0.0,6.0,73.94,90.18
Dominik Gruellich,Kilian Hohnstedt,2026-08-02,Development Tour,0,Last 64,4.0,0.0,83.5,75.26
Niall Culleton,Matthias Ehlers,2026-07-28,Players Championship,PT,Last 128,6.0,1.0,85.83,81.16
Carl Sneyd,Karel Sedláček,2026-07-30,European Tour Card Holder Qualifier,Q,Quarter Final,2.0,6.0,83.34,90.55
Carl Sneyd,Darryl Pilgrim,2026-07-30,European Tour Card Holder Qualifier,Q,Quarter Final,2.0,6.0,85.5,95.56
Leon Weber,Lleyton Molyneux,2026-08-01,Development Tour,0,Last 32,2.0,4.0,87.71,85.57
Marvin Kraft,Niko Springer,2026-07-28,Players Championship,PT,Last 64,5.0,6.0,89.35,83.62
Stefaan Henderyck,Wessel Nijman,2026-07-29,Players Championship,PT,Last 64,2.0,6.0,81.42,102.62
Adam Paxton,Dominik Gruellich,2026-08-24,World Series Finals Tour Card Qualifier,Q,Last 32,1.0,6.0,84.47,93.95
Adam Paxton,Tyler Thorpe,2026-07-30,European Tour Card Holder Qualifier,Q,Quarter Final,4.0,6.0,77.93,85.05
Martin Lukeman,Richard Veenstra,2026-07-28,Players Championship,PT,Last 128,2.0,6.0,75.88,82.57
Matthias Ehlers,Jeffrey Sparidaans,2026-04-27,Players Championship,PT,Last 128,3.0,6.0,80.72,84.33
Maximilian Czerwinski,Yorick Hofkens,2026-07-30,European Tour Card Holder Qualifier,Q,Quarter Final,6.0,4.0,83.88,80.37
Tavis Dudeney,Madars Razma,2026-07-28,Players Championship,PT,Last 128,6.0,4.0,79.76,83.6
Chris Dobey,Karel Sedlacek,2026-09-23,Players Championship,PT,Quarter Final,5.0,6.0,97.41,88.56
Nathan Aspinall,Karel Sedlacek,2026-09-23,Players Championship,PT,Last 16,3.0,6.0,82.13,91.18
Damon Heta,Karel Sedlacek,2026-09-23,Players Championship,PT,Last 32,1.0,6.0,97.37,105.52
Niels Zonneveld,Karel Sedlacek,2026-09-23,Players Championship,PT,Semi Final,2.0,7.0,97.07,95.96
Karel Sedláček,Ben Robb,2026-09-17,World Series of Darts Finals,MJ,Last 32,6.0,4.0,99.37,93.15
Karel Sedláček,Jermaine Wattimena,2026-09-12,European Tour,ET,Last 32,3.0,6.0,91.96,95.56
Karel Sedláček,Michael Hansen,2026-09-11,European Tour,ET,Last 48 (Premier),6.0,2.0,86.07,76.31
Karel Sedláček,Damon Heta,2026-09-04,European Tour,ET,Last 48 (Premier),4.0,6.0,90.24,94.56
Karel Sedláček,David Svarovsky,2026-09-03,European Tour Home Nation Qualifier,Q,Final,6.0,1.0,98.34,88.64
Karel Sedláček,Daniel Varga,2026-09-03,European Tour Home Nation Qualifier,Q,Semi Final,6.0,1.0,87.48,73.77
Karel Sedláček,Simon Hajek,2026-09-03,European Tour Home Nation Qualifier,Q,Quarter Final,6.0,0.0,98.02,72.63
Kim Huybrechts,Rob Owen,2026-09-23,Players Championship,PT,Last 128,5.0,6.0,91.95,85.44
Mensur Suljović,Wesley Plaisier,2026-07-29,Players Championship,PT,Last 64,6.0,5.0,91.89,82.73
Scott Williams,Karel Sedlacek,2026-09-23,Players Championship,PT,Final,7.0,8.0,96.25,91.92
Scott Williams,Mensur Suljovic,2026-09-23,Players Championship,PT,Last 128,6.0,2.0,97.49,98.25
Ryan Meikle,Rob Owen,2026-09-23,Players Championship,PT,Last 64,1.0,6.0,85.53,98.37
Sam Price,Max Hopp,2026-07-28,Players Championship,PT,Last 64,2.0,6.0,88.72,96.79
Marvin van Velzen,Samuel Price,2026-09-23,Players Championship,PT,Last 128,6.0,2.0,98.78,73.4
Tavis Dudeney,Karel Sedlacek,2026-09-23,Players Championship,PT,Last 128,1.0,6.0,76.41,86.78
Pero Ljubić,Dominik Gruellich,2026-07-06,Players Championship,PT,Last 128,3.0,6.0,83.17,85.31
Chris Dobey,Gian van Veen,2026-09-17,World Series of Darts Finals,MJ,Last 32,2.0,6.0,83.18,95.47
Chris Dobey,Gian van Veen,2026-09-13,European Tour,ET,Quarter Final,3.0,6.0,102.91,96.3
Chris Dobey,Ryan Searle,2026-09-13,European Tour,ET,Last 16,6.0,5.0,87.58,87.97
Chris Dobey,Niels Zonneveld,2026-09-12,European Tour,ET,Last 32,6.0,1.0,86.85,82.11
Chris Dobey,Keane Barry,2026-09-05,European Tour,ET,Last 32,4.0,6.0,94.37,90.12
Wessel Nijman,Michael van Gerwen,2026-09-06,European Tour,ET,Last 16,4.0,6.0,98.98,102.02
Wessel Nijman,Martin Schindler,2026-09-05,European Tour,ET,Last 32,6.0,5.0,97.47,98.24
Michael van Gerwen,Wessel Nijman,2026-09-06,European Tour,ET,Last 16,6.0,4.0,102.02,98.98
Michael van Gerwen,Mario Vandenbogaerde,2026-09-05,European Tour,ET,Last 32,6.0,4.0,92.5,86.81
Michael van Gerwen,Nathan Aspinall,2026-08-30,European Tour,ET,Last 16,4.0,6.0,89.47,95.42
Michael van Gerwen,James Hurrell,2026-08-29,European Tour,ET,Last 32,6.0,4.0,93.77,91.91
Michael van Gerwen,Mike De Decker,2026-08-26,Players Championship,PT,Last 32,3.0,6.0,93.84,97.26
Nathan Aspinall,Damon Heta,2026-09-13,European Tour,ET,Quarter Final,5.0,6.0,99.2,92.67
Nathan Aspinall,Stephen Bunting,2026-09-13,European Tour,ET,Last 16,6.0,4.0,93.37,87.29
Nathan Aspinall,Niko Springer,2026-09-12,European Tour,ET,Last 32,6.0,1.0,105.99,88.78
Nathan Aspinall,Andrew Gilding,2026-09-05,European Tour,ET,Last 32,2.0,6.0,95.71,96.49
Kevin Doets,Ross Smith,2026-09-17,World Series of Darts Finals,MJ,Last 32,3.0,6.0,95.9,102.98
Kevin Doets,Gian van Veen,2026-09-13,European Tour,ET,Last 16,5.0,6.0,106.24,99.51
Kevin Doets,Krzysztof Ratajski,2026-09-12,European Tour,ET,Last 32,6.0,5.0,93.27,93.49
Kevin Doets,James Hurrell,2026-09-11,European Tour,ET,Last 48 (Premier),6.0,1.0,99.29,75.5
Dirk van Duijvenbode,Mario Vandenbogaerde,2026-09-04,European Tour,ET,Last 48 (Premier),2.0,6.0,77.51,80.7
Dirk van Duijvenbode,Danny Noppert,2026-08-30,European Tour,ET,Quarter Final,5.0,6.0,94.85,90.26
Dirk van Duijvenbode,Rob Cross,2026-08-30,European Tour,ET,Last 16,6.0,4.0,98.94,91.38
Dirk van Duijvenbode,Luke Humphries,2026-08-29,European Tour,ET,Last 32,6.0,3.0,98.34,92.67
Danny Noppert,Luke Littler,2026-09-06,European Tour,ET,Quarter Final,0.0,6.0,88.78,102.48
Danny Noppert,Luke Woodhouse,2026-09-06,European Tour,ET,Last 16,6.0,5.0,97.12,97.99
Josh Rock,Ryan Joyce,2026-09-05,European Tour,ET,Last 32,6.0,3.0,94.99,86.82
Luke Woodhouse,Rob Cross,2026-08-29,European Tour,ET,Last 32,5.0,6.0,100.12,100.54
Luke Woodhouse,Brendan Dolan,2026-08-26,Players Championship,PT,Quarter Final,4.0,6.0,93.42,86.0
Luke Woodhouse,Daniel Ayres,2026-08-26,Players Championship,PT,Last 16,6.0,3.0,101.61,94.1
Luke Woodhouse,Sietse Lap,2026-08-26,Players Championship,PT,Last 32,6.0,2.0,91.64,80.78
Krzysztof Ratajski,Richard Veenstra,2026-08-26,Players Championship,PT,Last 32,6.0,1.0,90.28,87.98
Damon Heta,Jonny Clayton,2026-09-05,European Tour,ET,Last 32,2.0,6.0,85.55,93.83
Damon Heta,Karel Sedláček,2026-09-04,European Tour,ET,Last 48 (Premier),6.0,4.0,94.56,90.24
Damon Heta,James Hurrell,2026-08-28,European Tour,ET,Last 48 (Premier),5.0,6.0,100.67,99.7
Jermaine Wattimena,James Beeton,2026-09-22,Players Championship,PT,Last 128,6.0,1.0,95.69,80.34
Jermaine Wattimena,Luke Humphries,2026-09-17,World Series of Darts Finals,MJ,Last 32,4.0,6.0,92.61,98.43
Jermaine Wattimena,Ryan Joyce,2026-09-13,European Tour,ET,Last 16,5.0,6.0,92.38,99.39
Jermaine Wattimena,Karel Sedláček,2026-09-12,European Tour,ET,Last 32,6.0,3.0,95.56,91.96
Jermaine Wattimena,Krzysztof Ratajski,2026-09-05,European Tour,ET,Last 32,2.0,6.0,95.41,101.53
Jermaine Wattimena,Gian van Veen,2026-08-30,European Tour,ET,Last 16,3.0,6.0,94.26,95.56
Niels Zonneveld,Jeffrey de Graaf,2026-09-04,European Tour,ET,Last 48 (Premier),3.0,6.0,96.84,94.21
Niels Zonneveld,Nandor Major,2026-08-28,European Tour,ET,Last 48 (Premier),5.0,6.0,88.87,88.69
Niels Zonneveld,Daniel Ayres,2026-08-26,Players Championship,PT,Last 64,2.0,6.0,91.83,89.03
Niels Zonneveld,Mervyn King,2026-08-26,Players Championship,PT,Last 128,6.0,3.0,90.15,86.45
Niels Zonneveld,Bradley Brooks,2026-08-25,Players Championship,PT,Last 32,1.0,6.0,79.96,92.03
Niels Zonneveld,Stefaan Henderyck,2026-08-25,Players Championship,PT,Last 64,6.0,1.0,85.29,79.45
Justin Hood,Gabriel Clemens,2026-08-24,World Series Finals Tour Card Qualifier,Q,Last 16,6.0,5.0,99.42,93.46
Cristo Reyes,Chris Landman,2026-08-26,Players Championship,PT,Last 128,6.0,0.0,99.1,92.28
Jeffrey de Graaf,Kim Huybrechts,2026-08-26,Players Championship,PT,Last 16,2.0,6.0,96.27,99.84
William O&#039;Connor,Josh Rock,2026-09-06,European Tour,ET,Last 16,6.0,5.0,93.43,93.57
Andrew Gilding,Scott Williams,2026-08-26,Players Championship,PT,Last 128,5.0,6.0,92.04,93.88
Connor Scutt,Raymond van Barneveld,2026-07-30,European Tour Card Holder Qualifier,Q,Semi Final,4.0,6.0,91.13,88.03
Cameron Menzies,Gary Anderson,2026-09-05,European Tour,ET,Last 32,6.0,3.0,95.82,84.63
Martin Schindler,Michael Smith,2026-08-26,Players Championship,PT,Last 64,6.0,1.0,94.68,81.28
Martin Schindler,Jack Aldridge,2026-08-26,Players Championship,PT,Last 128,6.0,1.0,109.52,84.87
Martin Schindler,Rob Cross,2026-08-25,Players Championship,PT,Last 32,5.0,6.0,100.26,99.43
Martin Schindler,Harry Ward,2026-08-25,Players Championship,PT,Last 64,6.0,1.0,95.04,85.82
Richard Veenstra,Tom Bissell,2026-08-24,World Series Finals Tour Card Qualifier,Q,Last 16,4.0,6.0,93.37,94.96
Richard Veenstra,Adam Lipscombe,2026-08-24,World Series Finals Tour Card Qualifier,Q,Last 32,6.0,4.0,102.48,95.83
Richard Veenstra,Chris Landman,2026-07-30,European Tour Card Holder Qualifier,Q,Quarter Final,4.0,6.0,94.72,91.73
Alan Soutar,Lewis Pride,2026-07-28,Players Championship,PT,Last 128,5.0,6.0,91.04,91.54
Alan Soutar,Sebastian Bialecki,2026-07-08,European Tour Card Holder Qualifier,Q,Semi Final,3.0,6.0,94.0,95.93
Callan Rydz,Adam Warner,2026-08-26,Players Championship,PT,Last 128,3.0,6.0,95.3,88.63
Callan Rydz,Krzysztof Ratajski,2026-08-25,Players Championship,PT,Last 64,2.0,6.0,86.84,89.23
Kim Huybrechts,Steve Lennon,2026-08-26,Players Championship,PT,Last 128,6.0,0.0,102.48,85.43
Tom Bissell,Stephen Burton,2026-07-30,European Tour Card Holder Qualifier,Q,Final,5.0,6.0,90.93,91.06
Tom Bissell,Mensur Suljović,2026-07-30,European Tour Card Holder Qualifier,Q,Semi Final,6.0,1.0,98.55,86.36
Tom Sykes,Beau Greaves,2026-08-25,Players Championship,PT,Last 128,6.0,5.0,96.02,94.75
Tom Sykes,Mario Vandenbogaerde,2026-08-24,World Series Finals Tour Card Qualifier,Q,Last 16,2.0,6.0,96.08,98.33
Tom Sykes,Sietse Lap,2026-08-24,World Series Finals Tour Card Qualifier,Q,Last 32,6.0,2.0,80.84,70.37
Mickey Mansell,Mervyn King,2026-08-25,Players Championship,PT,Last 128,6.0,5.0,91.24,92.13
Mickey Mansell,Jimmy van Schie,2026-08-24,World Series Finals Tour Card Qualifier,Q,Last 32,5.0,6.0,104.18,98.32
Mickey Mansell,Greg Ritchie,2026-07-30,European Tour Card Holder Qualifier,Q,Final,6.0,4.0,92.63,83.37
Daryl Gurney,Charlie Manby,2026-08-25,Players Championship,PT,Last 64,6.0,4.0,87.39,82.14
Sebastian Bialecki,Carl Sneyd,2026-08-26,Players Championship,PT,Last 128,6.0,5.0,93.44,95.56
Sebastian Bialecki,Jack Aldridge,2026-08-25,Players Championship,PT,Last 128,4.0,6.0,86.4,92.39
Sebastian Bialecki,Andrew Gilding,2026-08-24,World Series Finals Tour Card Qualifier,Q,Quarter Final,3.0,6.0,88.16,94.25
Ritchie Edhouse,Gabriel Clemens,2026-07-30,European Tour Card Holder Qualifier,Q,Quarter Final,3.0,6.0,94.75,99.41
Ritchie Edhouse,Karel Sedláček,2026-07-30,European Tour Card Holder Qualifier,Q,Semi Final,4.0,6.0,88.96,96.53
Max Hopp,Connor Scutt,2026-07-29,Players Championship,PT,Last 64,6.0,4.0,86.8,89.9
James Hurrell,Raymond van Barneveld,2026-08-24,World Series Finals Tour Card Qualifier,Q,Quarter Final,5.0,6.0,83.66,79.35
James Hurrell,Wesley Plaisier,2026-08-24,World Series Finals Tour Card Qualifier,Q,Last 16,6.0,4.0,85.88,88.96
James Hurrell,Cor Dekker,2026-08-24,World Series Finals Tour Card Qualifier,Q,Last 32,6.0,5.0,86.77,85.71
Keane Barry,Madars Razma,2026-08-29,European Tour,ET,Last 32,6.0,2.0,91.89,88.6
Keane Barry,Martin Schindler,2026-08-28,European Tour,ET,Last 48 (Premier),6.0,2.0,100.77,95.97
Keane Barry,Danny Noppert,2026-08-26,Players Championship,PT,Last 64,4.0,6.0,98.16,97.89
Bradley Brooks,Ryan Joyce,2026-08-25,Players Championship,PT,Last 64,6.0,3.0,97.18,82.09
Gabriel Clemens,Arno Merk,2026-08-24,World Series Finals Tour Card Qualifier,Q,Last 32,6.0,4.0,93.89,86.06
Gabriel Clemens,Cristo Reyes,2026-07-30,European Tour Card Holder Qualifier,Q,Final,3.0,6.0,95.16,99.38
Beau Greaves,Adam Gawlas,2026-08-24,World Series Finals Tour Card Qualifier,Q,Last 32,3.0,6.0,91.29,95.48
Mike De Decker,Michael van Gerwen,2026-08-26,Players Championship,PT,Last 32,6.0,3.0,97.26,93.84
Shane McGuirk,Connor Scutt,2026-07-30,European Tour Card Holder Qualifier,Q,Quarter Final,3.0,6.0,92.14,94.29
Shane McGuirk,Niels Zonneveld,2026-07-29,Players Championship,PT,Last 64,1.0,6.0,77.93,85.89
Ricky Evans,Gabriel Clemens,2026-07-30,European Tour Card Holder Qualifier,Q,Quarter Final,6.0,5.0,85.88,87.79
Darryl Pilgrim,Tom Bissell,2026-07-30,European Tour Card Holder Qualifier,Q,Final,1.0,6.0,86.92,97.21
Lukas Wenig,Carl Sneyd,2026-07-29,Players Championship,PT,Last 128,5.0,6.0,86.29,89.92
Lukas Wenig,Gilbert van der Meijden,2026-07-28,Players Championship,PT,Last 128,3.0,6.0,88.07,86.75
Maik Kuivenhoven,Keane Barry,2026-08-24,World Series Finals Tour Card Qualifier,Q,Semi Final,6.0,2.0,91.51,89.37
Charlie Manby,Christian Kist,2026-08-24,World Series Finals Tour Card Qualifier,Q,Last 16,6.0,5.0,95.46,88.62
Charlie Manby,Martin Lukeman,2026-08-24,World Series Finals Tour Card Qualifier,Q,Last 32,6.0,3.0,95.85,90.2
Charlie Manby,Mylo Michiels,2026-08-02,Development Tour,0,Last 32,2.0,4.0,80.48,85.9
Michael Smith,Cor Dekker,2026-07-30,European Tour Card Holder Qualifier,Q,Final,6.0,5.0,99.31,90.89
Michael Smith,Scott Williams,2026-07-30,European Tour Card Holder Qualifier,Q,Semi Final,6.0,4.0,88.15,89.4
Dave Chisnall,James Hurrell,2026-08-26,Players Championship,PT,Last 128,4.0,6.0,82.92,85.61
Dave Chisnall,Adam Gawlas,2026-08-25,Players Championship,PT,Last 64,5.0,6.0,88.4,92.0
David Sharp,Jeffrey Sparidaans,2026-07-30,European Tour Card Holder Qualifier,Q,Semi Final,6.0,1.0,101.5,71.73
Madars Razma,Keane Barry,2026-08-29,European Tour,ET,Last 32,2.0,6.0,88.6,91.89
Stephen Burton,Ricky Evans,2026-07-30,European Tour Card Holder Qualifier,Q,Last 16,6.0,4.0,89.78,83.45
Mario Vandenbogaerde,Karel Sedláček,2026-07-30,European Tour Card Holder Qualifier,Q,Last 16,4.0,6.0,81.43,91.85
Mario Vandenbogaerde,Nick Kenny,2026-07-30,European Tour Card Holder Qualifier,Q,Final,6.0,3.0,87.91,80.86
Brendan Dolan,Luke Woodhouse,2026-08-26,Players Championship,PT,Quarter Final,6.0,4.0,86.0,93.42
Brendan Dolan,Karel Sedláček,2026-08-26,Players Championship,PT,Last 16,6.0,2.0,78.64,80.5
Brendan Dolan,Sebastian Bialecki,2026-08-26,Players Championship,PT,Last 32,6.0,5.0,93.25,92.08
Brendan Dolan,Scott Williams,2026-08-26,Players Championship,PT,Last 64,6.0,5.0,87.61,80.77
Scott Williams,Brendan Dolan,2026-08-26,Players Championship,PT,Last 64,5.0,6.0,80.77,87.61
Scott Williams,Andrew Gilding,2026-08-26,Players Championship,PT,Last 128,6.0,5.0,93.88,92.04
Scott Williams,Arno Merk,2026-08-25,Players Championship,PT,Last 128,1.0,6.0,82.6,86.6
Scott Williams,Christian Kist,2026-08-24,World Series Finals Tour Card Qualifier,Q,Last 32,4.0,6.0,84.45,89.21
Scott Williams,Karel Sedláček,2026-07-30,European Tour Card Holder Qualifier,Q,Semi Final,4.0,6.0,89.01,97.24
Scott Williams,Tavis Dudeney,2026-07-30,European Tour Card Holder Qualifier,Q,Quarter Final,6.0,1.0,81.33,70.89
Scott Williams,Michael Smith,2026-07-30,European Tour Card Holder Qualifier,Q,Semi Final,4.0,6.0,89.4,88.15
Jeffrey de Zwaan,Rusty-Jake Rodriguez,2026-08-24,World Series Finals Tour Card Qualifier,Q,Last 32,6.0,1.0,78.99,76.32
Jeffrey de Zwaan,Cam Crabtree,2026-07-30,European Tour Card Holder Qualifier,Q,Quarter Final,2.0,6.0,86.07,86.49
Jeffrey de Zwaan,Sietse Lap,2026-07-30,European Tour Card Holder Qualifier,Q,Quarter Final,3.0,6.0,87.43,96.36
Jeffrey de Zwaan,Alexander Merkx,2026-07-29,Players Championship,PT,Last 128,3.0,6.0,82.77,94.09
Alexander Merkx,Jeffrey de Zwaan,2026-07-29,Players Championship,PT,Last 128,6.0,3.0,94.09,82.77
Alexander Merkx,Krzysztof Ratajski,2026-07-28,Players Championship,PT,Last 32,4.0,6.0,85.37,90.15
Kai Gotthardt,Carl Sneyd,2026-07-29,Players Championship,PT,Last 64,4.0,6.0,90.29,86.81
Kai Gotthardt,Marvin Kraft,2026-07-29,Players Championship,PT,Last 128,6.0,4.0,88.95,89.96
Kai Gotthardt,Jim Long,2026-07-28,Players Championship,PT,Last 128,5.0,6.0,91.62,88.47
Christian Kist,Henry Coates,2026-07-28,Players Championship,PT,Quarter Final,0.0,6.0,93.46,106.09
Darius Labanauskas,Petri Rasmus,2026-08-09,Nordic Baltic Tour,0,Last 16,5.0,6.0,91.01,94.86
Darius Labanauskas,Henrik Halsvik,2026-08-09,Nordic Baltic Tour,0,Last 32,6.0,1.0,79.58,63.61
Benjamin Pratnemer,Wesley Plaisier,2026-07-30,European Tour Card Holder Qualifier,Q,Quarter Final,4.0,6.0,82.98,90.6
Wesley Plaisier,Tavis Dudeney,2026-08-24,World Series Finals Tour Card Qualifier,Q,Last 32,6.0,1.0,87.58,78.8
Chris Landman,Madars Razma,2026-07-30,European Tour Card Holder Qualifier,Q,Semi Final,6.0,3.0,95.65,90.93
Jimmy van Schie,Tom Reniers,2026-08-22,Mariahout Dartshop Tournament,0,Semi Final,5.0,0.0,82.58,74.46
Jimmy van Schie,Dani Almeida,2026-08-22,Mariahout Dartshop Tournament,0,Quarter Final,4.0,0.0,83.5,68.0
Jimmy van Schie,Randy van Oostenbrugge,2026-08-22,Mariahout Dartshop Tournament,0,Last 16,3.0,1.0,81.17,67.87
Ryan Meikle,Ricardo Pietreczko,2026-07-30,European Tour Card Holder Qualifier,Q,Quarter Final,6.0,5.0,87.83,93.11
Ryan Meikle,Raymond van Barneveld,2026-07-29,Players Championship,PT,Last 64,2.0,6.0,84.88,89.4
Adam Lipscombe,Adam Leek,2026-07-08,European Tour Card Holder Qualifier,Q,Final,4.0,6.0,91.2,96.42
Cam Crabtree,Robert Owen,2026-08-24,World Series Finals Tour Card Qualifier,Q,Last 16,5.0,6.0,92.01,87.33
Cam Crabtree,Jermaine Wattimena,2026-08-13,CDC Classic,0,Final,2.0,3.0,90.31,94.26
Cam Crabtree,Albert Anstey,2026-08-13,CDC Classic,0,Semi Final,3.0,0.0,79.05,77.12
Cor Dekker,Miika Mustaniemi,2026-08-09,Nordic Baltic Tour,0,Last 32,6.0,1.0,84.46,70.24
Ian White,Stefan Bellmont,2026-06-17,Players Championship,PT,Last 128,5.0,6.0,85.47,87.05
Ian White,Beau Greaves,2026-06-16,Players Championship,PT,Last 64,3.0,6.0,81.49,87.08
Dennie Olde Kalter,Thomas Lovely,2026-07-30,European Tour Card Holder Qualifier,Q,Last 16,4.0,6.0,91.38,95.98
Raymond van Barneveld,Nick Kenny,2026-08-25,Players Championship,PT,Last 64,4.0,6.0,86.78,84.22
Raymond van Barneveld,Dominik Gruellich,2026-08-25,Players Championship,PT,Last 128,6.0,5.0,89.77,82.07
Raymond van Barneveld,Dirk van Duijvenbode,2026-08-24,World Series Finals Tour Card Qualifier,Q,Semi Final,3.0,6.0,88.6,99.6
Raymond van Barneveld,James Hurrell,2026-08-24,World Series Finals Tour Card Qualifier,Q,Quarter Final,6.0,5.0,79.35,83.66
Raymond van Barneveld,Ricardo Pietreczko,2026-08-24,World Series Finals Tour Card Qualifier,Q,Last 16,6.0,3.0,92.39,86.44
Mervyn King,Marvin van Velzen,2026-08-15,Zwaantje Masters,0,Round Robin,4.0,2.0,88.58,91.75
Adam Leek,Karel Sedláček,2026-07-30,European Tour Card Holder Qualifier,Q,Quarter Final,2.0,6.0,84.93,98.57
Stephen Rosney,Adam Gawlas,2026-07-29,Players Championship,PT,Last 128,6.0,3.0,84.41,83.76
Stephen Rosney,Marvin van Velzen,2026-07-28,Players Championship,PT,Last 128,1.0,6.0,80.32,84.91
Andy Boulton,Stephen Burton,2026-07-30,European Tour Card Holder Qualifier,Q,Quarter Final,2.0,6.0,92.87,93.99
Ricardo Pietreczko,Mensur Suljović,2026-07-30,European Tour Card Holder Qualifier,Q,Quarter Final,3.0,6.0,92.06,98.22
Thomas Lovely,Raymond van Barneveld,2026-07-30,European Tour Card Holder Qualifier,Q,Final,4.0,6.0,95.72,89.24
Thomas Lovely,Oskar Lukasiak,2026-07-30,European Tour Card Holder Qualifier,Q,Semi Final,6.0,4.0,102.85,99.91
Adam Gawlas,Marek Kiss,2026-09-03,European Tour Home Nation Qualifier,Q,Last 16,6.0,2.0,86.82,79.11
Adam Gawlas,William O&#039;Connor,2026-08-26,Players Championship,PT,Last 128,5.0,6.0,83.73,87.73
Adam Gawlas,Ryan Searle,2026-08-25,Players Championship,PT,Last 32,5.0,6.0,92.15,98.87
Owen Bates,Karel Sedláček,2026-08-24,World Series Finals Tour Card Qualifier,Q,Final,4.0,6.0,97.93,105.22
Owen Bates,Justin Hood,2026-08-24,World Series Finals Tour Card Qualifier,Q,Semi Final,6.0,4.0,87.22,88.29
Peter Wright,Shane McGuirk,2026-08-24,World Series Finals Tour Card Qualifier,Q,Last 16,6.0,5.0,90.32,91.2
Peter Wright,Charlie Manby,2026-07-30,European Tour Card Holder Qualifier,Q,Semi Final,3.0,6.0,87.23,100.43
Thibault Tricole,Jurjen van der Velde,2026-07-08,European Tour Card Holder Qualifier,Q,Quarter Final,6.0,4.0,82.46,82.04
Rhys Griffin,Gabriel Clemens,2026-07-28,Players Championship,PT,Last 128,6.0,4.0,83.76,84.76
Arno Merk,Oskar Lukasiak,2026-07-29,Players Championship,PT,Last 128,4.0,6.0,85.46,87.64
Arno Merk,William O&#039;Connor,2026-07-28,Players Championship,PT,Last 128,0.0,6.0,78.61,89.29
Tyler Thorpe,Aidan Arthur,2026-08-02,Development Tour,0,Last 512,4.0,1.0,66.99,53.24
Tyler Thorpe,Leon Weber,2026-08-01,Development Tour,0,Last 128,0.0,4.0,89.5,103.66
Sietse Lap,Mervyn King,2026-07-30,European Tour Card Holder Qualifier,Q,Semi Final,6.0,4.0,98.71,94.89
Nick Kenny,Cam Crabtree,2026-07-30,European Tour Card Holder Qualifier,Q,Semi Final,6.0,5.0,90.54,92.53
Jurjen van der Velde,Nathan Potter,2026-08-01,Development Tour,0,Last 64,3.0,4.0,77.01,86.43
Jurjen van der Velde,Jamie Tilley,2026-08-01,Development Tour,0,Last 128,4.0,1.0,78.98,73.17
Jim Long,Kevin Luke,2026-08-29,CDC Pro Tour,0,Last 32,4.0,5.0,89.65,90.61
Adam Warner,David Sharp,2026-07-08,European Tour Card Holder Qualifier,Q,Semi Final,4.0,6.0,86.44,84.71
Jeffrey Sparidaans,Connor Scutt,2026-07-29,Players Championship,PT,Last 128,3.0,6.0,84.26,87.94
Stefan Bellmont,Shane McGuirk,2026-07-29,Players Championship,PT,Last 128,5.0,6.0,84.3,79.35
Stefan Bellmont,Karel Sedláček,2026-07-28,Players Championship,PT,Last 128,3.0,6.0,83.26,98.53
Oskar Lukasiak,Jeffrey de Graaf,2026-08-24,World Series Finals Tour Card Qualifier,Q,Last 16,3.0,6.0,85.31,97.12
Oskar Lukasiak,Chris Landman,2026-08-24,World Series Finals Tour Card Qualifier,Q,Last 32,6.0,4.0,90.84,84.62
Greg Ritchie,Mickey Mansell,2026-07-30,European Tour Card Holder Qualifier,Q,Final,4.0,6.0,83.37,92.63
Niall Culleton,Sebastian Bialecki,2026-07-08,European Tour Card Holder Qualifier,Q,Quarter Final,3.0,6.0,81.55,92.44
Dominik Gruellich,Joshua Gregory,2026-08-02,Development Tour,0,Last 128,4.0,1.0,89.39,78.62
Leon Weber,Leo Howard,2026-08-01,Development Tour,0,Last 64,4.0,0.0,85.89,69.36
Leon Weber,Tyler Thorpe,2026-08-01,Development Tour,0,Last 128,4.0,0.0,103.66,89.5
Carl Sneyd,Joe Hunt,2026-07-29,Players Championship,PT,Last 32,2.0,6.0,81.9,91.38
Viktor Tingstrom,Andreas Roed Kjonnerud,2026-08-09,Nordic Baltic Tour,0,Last 64,6.0,0.0,90.18,51.21
Marvin Kraft,Florian Preis,2026-07-28,Players Championship,PT,Last 128,6.0,4.0,90.83,88.79
Stefaan Henderyck,Owen Bates,2026-07-29,Players Championship,PT,Last 128,6.0,2.0,83.37,82.62
Stefaan Henderyck,Mervyn King,2026-07-28,Players Championship,PT,Last 64,5.0,6.0,80.83,80.85
Adam Paxton,Keane Barry,2026-07-30,European Tour Card Holder Qualifier,Q,Quarter Final,0.0,6.0,73.1,91.09
Adam Paxton,Beau Greaves,2026-07-29,Players Championship,PT,Last 128,1.0,6.0,87.63,106.59
Adam Paxton,Jermaine Wattimena,2026-07-28,Players Championship,PT,Last 64,3.0,6.0,88.56,94.94
Martin Lukeman,Ricky Evans,2026-07-08,European Tour Card Holder Qualifier,Q,Quarter Final,3.0,6.0,84.93,94.31
Marvin van Velzen,Vincent Derks,2026-09-06,Open Venlo Men,0,Round Robin,3.0,0.0,77.74,62.22
Marvin van Velzen,Christian Reitsma,2026-09-05,Venlo Darts Masters Men,0,Last 32,1.0,3.0,81.1,81.55
Tytus Kanik,Stefan Bellmont,2026-07-08,European Tour Card Holder Qualifier,Q,Last 16,6.0,4.0,85.57,81.27
Matthias Ehlers,Christian Kist,2026-04-15,European Tour Card Holder Qualifier,Q,Quarter Final,5.0,6.0,78.97,85.52
Filip Bereza,Kai Gotthardt,2026-07-08,European Tour Card Holder Qualifier,Q,Quarter Final,1.0,6.0,78.42,94.35
Maximilian Czerwinski,Mickey Mansell,2026-07-29,Players Championship,PT,Last 64,1.0,6.0,77.24,95.86
Maximilian Czerwinski,Ted Evetts,2026-07-29,Players Championship,PT,Last 128,6.0,5.0,90.33,90.4
Tavis Dudeney,Cam Crabtree,2026-07-08,European Tour Card Holder Qualifier,Q,Quarter Final,2.0,6.0,69.57,91.78
Chris Dobey,Nathan Aspinall,2026-08-30,European Tour,ET,Quarter Final,5.0,6.0,98.04,100.95
Chris Dobey,Josh Rock,2026-08-30,European Tour,ET,Last 16,6.0,3.0,93.86,90.14
Chris Dobey,Tom Sykes,2026-08-29,European Tour,ET,Last 32,6.0,5.0,93.33,91.64
Chris Dobey,Shane McGuirk,2026-08-26,Players Championship,PT,Last 64,4.0,6.0,96.3,93.31
Chris Dobey,Cor Dekker,2026-08-26,Players Championship,PT,Last 128,6.0,2.0,103.3,87.83
Wessel Nijman,Dave Chisnall,2026-08-29,European Tour,ET,Last 32,2.0,6.0,89.43,100.47
Wessel Nijman,Owen Bates,2026-08-26,Players Championship,PT,Last 32,5.0,6.0,87.31,85.57
Wessel Nijman,Adam Warner,2026-08-26,Players Championship,PT,Last 64,6.0,4.0,90.24,85.93
Wessel Nijman,Nathan Potter,2026-08-26,Players Championship,PT,Last 128,6.0,3.0,88.99,85.74
Michael van Gerwen,Arno Merk,2026-08-26,Players Championship,PT,Last 64,6.0,3.0,100.29,81.4
Gian van Veen,Chris Dobey,2026-09-17,World Series of Darts Finals,MJ,Last 32,6.0,2.0,95.47,83.18
Gian van Veen,Ross Smith,2026-09-13,European Tour,ET,Semi Final,6.0,7.0,92.89,94.31
Gian van Veen,Chris Dobey,2026-09-13,European Tour,ET,Quarter Final,6.0,3.0,96.3,102.91
Gian van Veen,Kevin Doets,2026-09-13,European Tour,ET,Last 16,6.0,5.0,99.51,106.24
Gian van Veen,Gabriel Clemens,2026-09-12,European Tour,ET,Last 32,6.0,3.0,101.54,98.81
Gian van Veen,Ross Smith,2026-09-06,European Tour,ET,Last 16,3.0,6.0,90.19,91.38
Gian van Veen,Jeffrey de Graaf,2026-09-05,European Tour,ET,Last 32,6.0,1.0,100.88,96.59
Nathan Aspinall,Gary Anderson,2026-08-30,European Tour,ET,Semi Final,6.0,7.0,96.87,89.05
Nathan Aspinall,Chris Dobey,2026-08-30,European Tour,ET,Quarter Final,6.0,5.0,100.95,98.04
Nathan Aspinall,Michael van Gerwen,2026-08-30,European Tour,ET,Last 16,6.0,4.0,95.42,89.47
Nathan Aspinall,Ryan Joyce,2026-08-29,European Tour,ET,Last 32,6.0,4.0,94.63,95.28
Dirk van Duijvenbode,David Pisek,2026-08-28,European Tour,ET,Last 48 (Premier),6.0,1.0,90.71,77.24
Dirk van Duijvenbode,Mike De Decker,2026-08-26,Players Championship,PT,Last 128,4.0,6.0,90.72,88.52
Kevin Doets,Danny Noppert,2026-09-05,European Tour,ET,Last 32,1.0,6.0,92.78,101.34
Kevin Doets,Ricky Evans,2026-09-04,European Tour,ET,Last 48 (Premier),6.0,2.0,100.68,90.99
Kevin Doets,Jonas Masalin,2026-08-28,European Tour,ET,Last 48 (Premier),4.0,6.0,80.24,76.03
Kevin Doets,Martijn Dragt,2026-08-26,Players Championship,PT,Last 64,3.0,6.0,98.75,98.95
Kevin Doets,Madars Razma,2026-08-26,Players Championship,PT,Last 128,6.0,5.0,89.46,94.48
Kevin Doets,Jermaine Wattimena,2026-08-25,Players Championship,PT,Final,6.0,8.0,93.22,93.81
Danny Noppert,Kevin Doets,2026-09-05,European Tour,ET,Last 32,6.0,1.0,101.34,92.78
Danny Noppert,Ross Smith,2026-08-30,European Tour,ET,Semi Final,3.0,7.0,87.49,93.3
Danny Noppert,Dirk van Duijvenbode,2026-08-30,European Tour,ET,Quarter Final,6.0,5.0,90.26,94.85
Danny Noppert,Ryan Searle,2026-08-30,European Tour,ET,Last 16,6.0,4.0,93.32,97.19
Josh Rock,Chris Dobey,2026-08-30,European Tour,ET,Last 16,3.0,6.0,90.14,93.86
Josh Rock,Joe Cullen,2026-08-29,European Tour,ET,Last 32,6.0,0.0,85.89,76.91
Josh Rock,Gerwyn Price,2026-08-22,World Series of Darts,WS,Quarter Final,2.0,6.0,90.24,101.34
Josh Rock,Adam Leek,2026-08-21,World Series of Darts,WS,Last 16,6.0,3.0,86.75,77.78
Luke Woodhouse,Robert Owen,2026-08-26,Players Championship,PT,Last 64,6.0,2.0,100.14,96.45
Krzysztof Ratajski,Adam Paxton,2026-08-26,Players Championship,PT,Last 64,6.0,0.0,95.94,87.34
Damon Heta,Jonny Clayton,2026-08-22,World Series of Darts,WS,Quarter Final,3.0,6.0,95.2,97.96
Jermaine Wattimena,Andrew Gilding,2026-08-29,European Tour,ET,Last 32,6.0,4.0,96.67,90.8
Jermaine Wattimena,Thomas Lovely,2026-08-26,Players Championship,PT,Last 128,5.0,6.0,96.92,91.33
Jermaine Wattimena,Kevin Doets,2026-08-25,Players Championship,PT,Final,8.0,6.0,93.81,93.22
Jermaine Wattimena,Luke Woodhouse,2026-08-25,Players Championship,PT,Semi Final,7.0,4.0,100.71,94.36
Jermaine Wattimena,Luke Littler,2026-08-25,Players Championship,PT,Quarter Final,6.0,5.0,92.36,95.68
Justin Hood,Kim Huybrechts,2026-08-24,World Series Finals Tour Card Qualifier,Q,Last 32,6.0,3.0,92.14,91.24
Niels Zonneveld,Niall Culleton,2026-08-25,Players Championship,PT,Last 128,6.0,2.0,95.8,85.8
Niels Zonneveld,Maik Kuivenhoven,2026-08-24,World Series Finals Tour Card Qualifier,Q,Quarter Final,5.0,6.0,95.08,92.57
Cristo Reyes,Peter Wright,2026-08-25,Players Championship,PT,Last 128,2.0,6.0,92.85,91.03
Cristo Reyes,Niels Zonneveld,2026-08-24,World Series Finals Tour Card Qualifier,Q,Last 16,4.0,6.0,106.67,102.46
Cristo Reyes,Gabriel Clemens,2026-07-30,European Tour Card Holder Qualifier,Q,Final,6.0,3.0,99.38,95.16
Cristo Reyes,Cam Crabtree,2026-07-30,European Tour Card Holder Qualifier,Q,Semi Final,6.0,3.0,82.31,78.13
Jeffrey de Graaf,Thomas Lovely,2026-08-26,Players Championship,PT,Last 32,6.0,3.0,92.21,81.8
Jeffrey de Graaf,David Sharp,2026-08-26,Players Championship,PT,Last 64,6.0,2.0,96.37,81.18
Jeffrey de Graaf,Peter Wright,2026-08-26,Players Championship,PT,Last 128,6.0,4.0,91.43,98.12
Jeffrey de Graaf,Greg Ritchie,2026-08-25,Players Championship,PT,Last 128,3.0,6.0,92.7,97.11
Jeffrey de Graaf,Peter Wright,2026-08-24,World Series Finals Tour Card Qualifier,Q,Quarter Final,4.0,6.0,93.71,96.44
Karel Sedláček,Vitek Vasa,2026-09-03,European Tour Home Nation Qualifier,Q,Last 16,6.0,1.0,90.08,74.57
Karel Sedláček,Michal Bali,2026-09-03,European Tour Home Nation Qualifier,Q,Last 32,6.0,1.0,100.59,80.83
Andrew Gilding,Carl Sneyd,2026-08-25,Players Championship,PT,Last 128,5.0,6.0,80.84,81.9
Andrew Gilding,Kevin Doets,2026-08-24,World Series Finals Tour Card Qualifier,Q,Semi Final,3.0,6.0,81.68,91.15
Andrew Gilding,Sebastian Bialecki,2026-08-24,World Series Finals Tour Card Qualifier,Q,Quarter Final,6.0,3.0,94.25,88.16
William O&#039;Connor,Ryan Searle,2026-09-05,European Tour,ET,Last 32,6.0,4.0,91.54,91.81
William O&#039;Connor,Jiri Brejcha,2026-09-04,European Tour,ET,Last 48 (Premier),6.0,1.0,82.55,76.35
William O&#039;Connor,Ross Smith,2026-08-29,European Tour,ET,Last 32,2.0,6.0,97.41,101.33
William O&#039;Connor,Sam Price,2026-08-28,European Tour,ET,Last 48 (Premier),6.0,2.0,97.1,89.45
William O&#039;Connor,Kim Huybrechts,2026-08-26,Players Championship,PT,Last 32,4.0,6.0,93.02,93.14
William O&#039;Connor,Ian White,2026-08-26,Players Championship,PT,Last 64,6.0,3.0,96.45,85.83
Connor Scutt,Shane McGuirk,2026-07-30,European Tour Card Holder Qualifier,Q,Quarter Final,6.0,3.0,94.29,92.14
Connor Scutt,Max Hopp,2026-07-29,Players Championship,PT,Last 64,4.0,6.0,89.9,86.8
Martin Schindler,Darius Labanauskas,2026-08-25,Players Championship,PT,Last 128,6.0,3.0,88.04,90.22
Cameron Menzies,Johan Engstrom,2026-09-04,European Tour,ET,Last 48 (Premier),6.0,1.0,92.49,83.85
Cameron Menzies,Tom Sykes,2026-08-28,European Tour,ET,Last 48 (Premier),1.0,6.0,96.84,101.2
Cameron Menzies,Daniel Ayres,2026-08-26,Players Championship,PT,Last 32,4.0,6.0,90.57,94.92
Cameron Menzies,Jurjen van der Velde,2026-08-26,Players Championship,PT,Last 64,6.0,1.0,99.74,85.63
Cameron Menzies,Dennie Olde Kalter,2026-08-26,Players Championship,PT,Last 128,6.0,3.0,99.59,86.63
Cameron Menzies,Kevin Doets,2026-08-25,Players Championship,PT,Quarter Final,2.0,6.0,78.93,91.4
Cameron Menzies,Krzysztof Ratajski,2026-08-25,Players Championship,PT,Last 16,6.0,1.0,100.35,86.72
Richard Veenstra,Stefaan Henderyck,2026-07-30,European Tour Card Holder Qualifier,Q,Last 16,6.0,1.0,103.57,87.5
Richard Veenstra,Stephen Rosney,2026-07-30,European Tour Card Holder Qualifier,Q,Last 16,5.0,6.0,90.63,92.58
Kim Huybrechts,Wessel Nijman,2026-08-25,Players Championship,PT,Quarter Final,3.0,6.0,88.2,102.81
Kim Huybrechts,Martijn Dragt,2026-08-25,Players Championship,PT,Last 16,6.0,2.0,98.77,80.47
Kim Huybrechts,Jeffrey Sparidaans,2026-08-25,Players Championship,PT,Last 32,6.0,3.0,92.51,81.02
Alan Soutar,Christian Kist,2026-07-08,European Tour Card Holder Qualifier,Q,Quarter Final,6.0,3.0,85.17,78.83
Callan Rydz,Rhys Griffin,2026-08-25,Players Championship,PT,Last 128,6.0,1.0,96.12,86.97
Callan Rydz,Daryl Gurney,2026-08-24,World Series Finals Tour Card Qualifier,Q,Final,6.0,2.0,98.95,93.47
Callan Rydz,Robert Owen,2026-08-24,World Series Finals Tour Card Qualifier,Q,Semi Final,6.0,0.0,92.97,81.1
Callan Rydz,Niko Springer,2026-08-24,World Series Finals Tour Card Qualifier,Q,Quarter Final,6.0,5.0,97.94,91.91
Tom Bissell,Alexander Merkx,2026-07-30,European Tour Card Holder Qualifier,Q,Quarter Final,6.0,2.0,94.46,86.27
Tom Bissell,Darryl Pilgrim,2026-07-30,European Tour Card Holder Qualifier,Q,Final,6.0,1.0,97.21,86.92
Mickey Mansell,Sietse Lap,2026-07-30,European Tour Card Holder Qualifier,Q,Semi Final,6.0,3.0,98.88,93.2
Tom Sykes,Max Hopp,2026-07-30,European Tour Card Holder Qualifier,Q,Quarter Final,4.0,6.0,78.83,83.23
Daryl Gurney,Andy Boulton,2026-08-25,Players Championship,PT,Last 128,6.0,1.0,97.57,87.92
Daryl Gurney,Callan Rydz,2026-08-24,World Series Finals Tour Card Qualifier,Q,Final,2.0,6.0,93.47,98.95
Daryl Gurney,Benjamin Pratnemer,2026-08-24,World Series Finals Tour Card Qualifier,Q,Semi Final,6.0,2.0,99.55,90.08
Sebastian Bialecki,Darryl Pilgrim,2026-08-24,World Series Finals Tour Card Qualifier,Q,Last 16,6.0,1.0,88.2,86.65
Sebastian Bialecki,Alexander Merkx,2026-08-24,World Series Finals Tour Card Qualifier,Q,Last 32,6.0,5.0,91.79,90.69
Sebastian Bialecki,Mario Vandenbogaerde,2026-07-29,Players Championship,PT,Final,8.0,6.0,93.8,85.91
Max Hopp,Stephen Burton,2026-07-29,Players Championship,PT,Last 128,6.0,3.0,90.91,91.07
Max Hopp,Jeffrey de Graaf,2026-07-28,Players Championship,PT,Quarter Final,1.0,6.0,92.53,99.47
Max Hopp,Sietse Lap,2026-07-28,Players Championship,PT,Last 16,6.0,0.0,92.97,70.84
James Hurrell,Beau Greaves,2026-07-30,European Tour Card Holder Qualifier,Q,Final,2.0,6.0,96.31,102.47
Ritchie Edhouse,Thomas Lovely,2026-07-30,European Tour Card Holder Qualifier,Q,Quarter Final,6.0,2.0,85.35,79.86
Ritchie Edhouse,Gian van Veen,2026-07-29,Players Championship,PT,Quarter Final,5.0,6.0,98.57,101.08
Bradley Brooks,Marvin Kraft,2026-08-25,Players Championship,PT,Last 128,6.0,2.0,97.15,89.34
Bradley Brooks,Karel Sedláček,2026-08-24,World Series Finals Tour Card Qualifier,Q,Last 32,4.0,6.0,100.03,97.33
Gabriel Clemens,Ryan Meikle,2026-07-30,European Tour Card Holder Qualifier,Q,Semi Final,6.0,2.0,87.73,77.49
Gabriel Clemens,Ritchie Edhouse,2026-07-30,European Tour Card Holder Qualifier,Q,Quarter Final,6.0,3.0,99.41,94.75
Mensur Suljović,Pascal Rupprecht,2026-07-29,Players Championship,PT,Last 128,6.0,4.0,97.64,92.71
Mensur Suljović,Steve Lennon,2026-07-28,Players Championship,PT,Last 128,5.0,6.0,89.55,89.69
Keane Barry,Archie Self,2026-08-26,Players Championship,PT,Last 128,6.0,5.0,97.53,94.88
Keane Barry,Chris Dobey,2026-08-25,Players Championship,PT,Last 32,5.0,6.0,95.98,99.32
Keane Barry,Greg Ritchie,2026-08-25,Players Championship,PT,Last 64,6.0,1.0,99.95,83.06
Mike De Decker,Sam Price,2026-08-26,Players Championship,PT,Last 64,6.0,1.0,90.65,84.91
Beau Greaves,Lisa Ashton,2026-08-23,Women&#039;s Series,0,Final,5.0,3.0,84.55,81.28
Beau Greaves,Kirsty Hutchinson,2026-08-23,Women&#039;s Series,0,Semi Final,5.0,2.0,78.25,64.81
Beau Greaves,Aileen de Graaf,2026-08-23,Women&#039;s Series,0,Quarter Final,5.0,1.0,96.3,81.17
Shane McGuirk,Stefan Bellmont,2026-07-29,Players Championship,PT,Last 128,6.0,5.0,79.35,84.3
Ricky Evans,Gian van Veen,2026-07-29,Players Championship,PT,Last 16,3.0,6.0,87.74,89.75
Darryl Pilgrim,Rhys Griffin,2026-07-30,European Tour Card Holder Qualifier,Q,Semi Final,6.0,3.0,91.98,88.29
Darryl Pilgrim,Carl Sneyd,2026-07-30,European Tour Card Holder Qualifier,Q,Quarter Final,6.0,2.0,95.56,85.5
Lukas Wenig,Bradley Brooks,2026-07-10,European Tour,ET,Last 48 (Premier),2.0,6.0,83.71,87.11
Lukas Wenig,Connor Scutt,2026-07-08,European Tour Card Holder Qualifier,Q,Last 16,4.0,6.0,90.64,93.64
Michael Smith,Greg Ritchie,2026-07-30,European Tour Card Holder Qualifier,Q,Quarter Final,6.0,4.0,83.51,84.63
Charlie Manby,Jan Lamein,2026-08-02,Development Tour,0,Last 64,4.0,3.0,79.51,76.69
Maik Kuivenhoven,Niels Zonneveld,2026-08-24,World Series Finals Tour Card Qualifier,Q,Quarter Final,6.0,5.0,92.57,95.08
Maik Kuivenhoven,Adam Gawlas,2026-08-24,World Series Finals Tour Card Qualifier,Q,Last 16,6.0,4.0,86.72,91.07
Maik Kuivenhoven,Marvin van Velzen,2026-08-24,World Series Finals Tour Card Qualifier,Q,Last 32,6.0,3.0,86.66,84.29
Dave Chisnall,Christian Kist,2026-08-25,Players Championship,PT,Last 128,6.0,4.0,87.59,90.93
Dave Chisnall,Benjamin Pratnemer,2026-08-24,World Series Finals Tour Card Qualifier,Q,Last 16,5.0,6.0,86.57,91.98
Dave Chisnall,Kim Huybrechts,2026-07-30,European Tour Card Holder Qualifier,Q,Quarter Final,3.0,6.0,84.72,92.36
Dave Chisnall,Viktor Tingstrom,2026-07-29,Players Championship,PT,Last 128,3.0,6.0,86.44,85.87
David Sharp,Stephen Rosney,2026-07-30,European Tour Card Holder Qualifier,Q,Quarter Final,6.0,2.0,92.36,90.34
Brendan Dolan,Yorick Hofkens,2026-08-26,Players Championship,PT,Last 128,6.0,4.0,88.2,81.06
Brendan Dolan,Martijn Dragt,2026-08-25,Players Championship,PT,Last 128,3.0,6.0,90.18,95.15
Madars Razma,Kevin Doets,2026-08-26,Players Championship,PT,Last 128,5.0,6.0,94.48,89.46
Stephen Burton,Maik Kuivenhoven,2026-07-30,European Tour Card Holder Qualifier,Q,Semi Final,1.0,6.0,79.7,85.4
Mario Vandenbogaerde,Chris Landman,2026-07-30,European Tour Card Holder Qualifier,Q,Semi Final,6.0,4.0,94.71,94.07
Mario Vandenbogaerde,Matthias Ehlers,2026-07-30,European Tour Card Holder Qualifier,Q,Quarter Final,6.0,1.0,85.26,72.77
Alexander Merkx,Pascal Rupprecht,2026-07-28,Players Championship,PT,Last 64,6.0,2.0,92.01,82.31
Jeffrey de Zwaan,Robert Owen,2026-07-28,Players Championship,PT,Last 64,4.0,6.0,90.16,87.97
Jeffrey de Zwaan,Radoslaw Szaganski,2026-07-28,Players Championship,PT,Last 128,6.0,5.0,83.59,78.89
Kai Gotthardt,Tom Bissell,2026-07-08,European Tour Card Holder Qualifier,Q,Semi Final,4.0,6.0,83.72,89.27
Kai Gotthardt,Filip Bereza,2026-07-08,European Tour Card Holder Qualifier,Q,Quarter Final,6.0,1.0,94.35,78.42
Scott Williams,Thibault Tricole,2026-07-30,European Tour Card Holder Qualifier,Q,Quarter Final,6.0,4.0,90.34,82.67
Scott Williams,Damon Heta,2026-07-29,Players Championship,PT,Last 64,5.0,6.0,92.09,92.96
Scott Williams,Callan Rydz,2026-07-29,Players Championship,PT,Last 128,6.0,3.0,97.92,86.05
Benjamin Pratnemer,Cor Dekker,2026-07-30,European Tour Card Holder Qualifier,Q,Semi Final,0.0,6.0,74.0,85.08
Benjamin Pratnemer,Brendan Dolan,2026-07-30,European Tour Card Holder Qualifier,Q,Quarter Final,6.0,2.0,96.13,91.47
Benjamin Pratnemer,Gian van Veen,2026-07-29,Players Championship,PT,Last 128,4.0,6.0,96.37,89.9
Christian Kist,Jim Long,2026-07-28,Players Championship,PT,Last 16,6.0,5.0,90.09,82.64
Darius Labanauskas,Roy Rustad,2026-08-09,Nordic Baltic Tour,0,Last 64,6.0,0.0,80.52,45.94
Darius Labanauskas,Jakob Skovgard,2026-08-08,Nordic Baltic Tour,0,Last 64,2.0,6.0,77.84,85.31
Darius Labanauskas,Shane McGuirk,2026-07-30,European Tour Card Holder Qualifier,Q,Quarter Final,5.0,6.0,94.79,95.68
Wesley Plaisier,Chris Landman,2026-07-30,European Tour Card Holder Qualifier,Q,Final,3.0,6.0,81.12,82.42
Wesley Plaisier,Marvin Kraft,2026-07-30,European Tour Card Holder Qualifier,Q,Semi Final,6.0,5.0,86.18,88.13
Chris Landman,Richard Veenstra,2026-07-30,European Tour Card Holder Qualifier,Q,Quarter Final,6.0,4.0,91.73,94.72
Chris Landman,Mario Vandenbogaerde,2026-07-30,European Tour Card Holder Qualifier,Q,Semi Final,4.0,6.0,94.07,94.71
Adam Lipscombe,Ricky Evans,2026-07-08,European Tour Card Holder Qualifier,Q,Semi Final,6.0,1.0,92.04,87.09
Ryan Meikle,Robert Owen,2026-07-29,Players Championship,PT,Last 128,6.0,3.0,87.54,91.98
Jimmy van Schie,Roland Stokmans,2026-08-22,Mariahout Dartshop Tournament,0,Round Robin,3.0,0.0,77.74,38.47
Dennie Olde Kalter,Robert Owen,2026-07-30,European Tour Card Holder Qualifier,Q,Semi Final,3.0,6.0,84.28,93.62
Cam Crabtree,John Cioffoletti,2026-08-13,CDC Classic,0,Quarter Final,2.0,0.0,79.11,72.24
Ian White,Justin Hood,2026-06-16,Players Championship,PT,Last 128,6.0,5.0,92.3,94.78
Cor Dekker,Line Kristiansen,2026-08-09,Nordic Baltic Tour,0,Last 64,6.0,3.0,89.53,74.44
Cor Dekker,Viktor Tingstrom,2026-08-08,Nordic Baltic Tour,0,Quarter Final,4.0,6.0,84.36,86.08
Cor Dekker,Valters Melderis,2026-08-08,Nordic Baltic Tour,0,Last 16,6.0,4.0,88.0,81.78
Cor Dekker,Lars-Erik Lindgreen,2026-08-08,Nordic Baltic Tour,0,Last 32,6.0,3.0,90.04,80.92
Raymond van Barneveld,Thomas Lovely,2026-07-30,European Tour Card Holder Qualifier,Q,Final,6.0,4.0,89.24,95.72
Raymond van Barneveld,Andy Boulton,2026-07-30,European Tour Card Holder Qualifier,Q,Semi Final,6.0,4.0,88.03,85.83
Mervyn King,Ziggy Schenk,2026-08-15,Zwaantje Masters,0,Round Robin,4.0,2.0,83.67,82.31
Adam Leek,Richard Veenstra,2026-07-29,Players Championship,PT,Last 128,3.0,6.0,81.72,93.15
Stephen Rosney,Keane Barry,2026-07-08,European Tour Card Holder Qualifier,Q,Quarter Final,4.0,6.0,84.48,89.93
Ricardo Pietreczko,Ryan Meikle,2026-07-30,European Tour Card Holder Qualifier,Q,Quarter Final,5.0,6.0,93.11,87.83
Ricardo Pietreczko,Ritchie Edhouse,2026-07-29,Players Championship,PT,Last 64,2.0,6.0,87.19,95.54
Ricardo Pietreczko,Martin Lukeman,2026-07-29,Players Championship,PT,Last 128,6.0,2.0,96.37,76.61
Andy Boulton,Cristo Reyes,2026-07-29,Players Championship,PT,Last 64,0.0,6.0,81.3,99.1
Thibault Tricole,Jeffrey de Graaf,2026-07-08,European Tour Card Holder Qualifier,Q,Final,1.0,6.0,87.62,94.44
Peter Wright,Pascal Rupprecht,2026-07-30,European Tour Card Holder Qualifier,Q,Quarter Final,6.0,2.0,80.82,72.46
Peter Wright,Rhys Griffin,2026-07-30,European Tour Card Holder Qualifier,Q,Quarter Final,5.0,6.0,79.57,79.93
Owen Bates,Krzysztof Ratajski,2026-08-24,World Series Finals Tour Card Qualifier,Q,Quarter Final,6.0,4.0,97.31,92.94
Adam Gawlas,Dave Chisnall,2026-08-25,Players Championship,PT,Last 64,6.0,5.0,92.0,88.4
Adam Gawlas,Ian White,2026-08-25,Players Championship,PT,Last 128,6.0,2.0,90.76,85.39
Adam Gawlas,Maik Kuivenhoven,2026-08-24,World Series Finals Tour Card Qualifier,Q,Last 16,4.0,6.0,91.07,86.72
Thomas Lovely,Mervyn King,2026-07-30,European Tour Card Holder Qualifier,Q,Quarter Final,6.0,3.0,90.32,91.69
Thomas Lovely,Dennie Olde Kalter,2026-07-30,European Tour Card Holder Qualifier,Q,Last 16,6.0,4.0,95.98,91.38
Dimitri Van den Bergh,Keane Barry,2026-05-20,European Tour Card Holder Qualifier,Q,Semi Final,3.0,6.0,90.73,93.05
Arno Merk,Beau Greaves,2026-07-08,European Tour Card Holder Qualifier,Q,Semi Final,4.0,6.0,89.56,88.68
Rhys Griffin,Karel Sedláček,2026-07-10,European Tour,ET,Last 48 (Premier),5.0,6.0,89.04,88.84
Rhys Griffin,Ricardo Pietreczko,2026-07-08,European Tour Card Holder Qualifier,Q,Quarter Final,2.0,6.0,92.58,93.73
Tyler Thorpe,Joseph Brady,2026-08-01,Development Tour,0,Last 256,4.0,2.0,70.22,68.83
Sietse Lap,Jeffrey de Zwaan,2026-07-30,European Tour Card Holder Qualifier,Q,Quarter Final,6.0,3.0,96.36,87.43
Jurjen van der Velde,Nicolas Lauwereins,2026-08-01,Development Tour,0,Last 256,4.0,1.0,79.77,54.3
Nick Kenny,Martin Lukeman,2026-07-30,European Tour Card Holder Qualifier,Q,Quarter Final,6.0,1.0,87.91,76.41
Jim Long,Edward Pope,2026-08-29,CDC Pro Tour,0,Last 64,5.0,1.0,77.12,70.63
Jim Long,Jason Watt,2026-08-29,CDC Pro Tour,0,Last 16,3.0,6.0,82.37,92.11
Adam Warner,Jimmy van Schie,2026-07-08,European Tour Card Holder Qualifier,Q,Quarter Final,6.0,4.0,85.27,82.06
Jeffrey Sparidaans,Oliver Mitchell,2026-07-28,Players Championship,PT,Last 128,5.0,6.0,77.64,84.66
Stefan Bellmont,Tytus Kanik,2026-07-08,European Tour Card Holder Qualifier,Q,Last 16,4.0,6.0,81.27,85.57
Stefan Bellmont,Connor Scutt,2026-07-08,European Tour Card Holder Qualifier,Q,Last 16,2.0,6.0,102.95,103.7
Marvin van Velzen,Ricardo Pietreczko,2026-08-26,Players Championship,PT,Last 128,5.0,6.0,88.22,91.12
Marvin van Velzen,Niko Springer,2026-08-25,Players Championship,PT,Last 128,5.0,6.0,90.62,95.78
Marvin van Velzen,Maik Kuivenhoven,2026-08-24,World Series Finals Tour Card Qualifier,Q,Last 32,3.0,6.0,84.29,86.66
Marvin van Velzen,Mike van Duivenbode,2026-08-15,Zwaantje Masters,0,Quarter Final,3.0,6.0,75.09,83.79
Marvin van Velzen,Joppe Bakens,2026-08-15,Zwaantje Masters,0,Last 16,5.0,2.0,91.71,89.57
Marvin van Velzen,Ziggy Schenk,2026-08-15,Zwaantje Masters,0,Round Robin,4.0,2.0,86.14,82.14
Marvin van Velzen,Niels Strijbosch,2026-08-15,Zwaantje Masters,0,Round Robin,4.0,1.0,75.95,69.89
Marvin van Velzen,Mervyn King,2026-08-15,Zwaantje Masters,0,Round Robin,2.0,4.0,91.75,88.58
Marvin van Velzen,Robby van Eijndhoven,2026-08-15,Zwaantje Masters,0,Round Robin,4.0,1.0,85.75,75.75
Marvin van Velzen,Mark Slegers,2026-08-15,Zwaantje Masters,0,Round Robin,4.0,0.0,84.68,67.46
Greg Ritchie,Shane McGuirk,2026-07-30,European Tour Card Holder Qualifier,Q,Semi Final,6.0,5.0,96.36,101.24
Greg Ritchie,Rhys Griffin,2026-07-30,European Tour Card Holder Qualifier,Q,Quarter Final,6.0,5.0,85.82,83.72
Oskar Lukasiak,Daniel Larsson,2026-08-09,Nordic Baltic Tour,0,Final,6.0,5.0,86.34,81.72
Oskar Lukasiak,Anton Ostlund,2026-08-09,Nordic Baltic Tour,0,Semi Final,6.0,3.0,86.29,80.03
Oskar Lukasiak,Petri Rasmus,2026-08-09,Nordic Baltic Tour,0,Quarter Final,6.0,4.0,83.2,82.25
Oskar Lukasiak,Jonas Sorensen,2026-08-09,Nordic Baltic Tour,0,Last 16,6.0,2.0,93.86,79.69
Oskar Lukasiak,Andreas Hyllgaardhus,2026-08-09,Nordic Baltic Tour,0,Last 32,6.0,3.0,73.83,63.84
Dominik Gruellich,William Einerfeldt,2026-08-02,Development Tour,0,Last 256,4.0,0.0,78.08,71.08
Niall Culleton,Bradley Brooks,2026-07-08,European Tour Card Holder Qualifier,Q,Last 16,6.0,2.0,90.86,85.29
Leon Weber,Jan Lamein,2026-08-01,Development Tour,0,Last 256,4.0,1.0,94.26,74.15
Carl Sneyd,Kai Gotthardt,2026-07-29,Players Championship,PT,Last 64,6.0,4.0,86.81,90.29
Marvin Kraft,Mario Vandenbogaerde,2026-07-08,European Tour Card Holder Qualifier,Q,Quarter Final,3.0,6.0,86.82,91.29
Viktor Tingstrom,Benjamin Drue Reus,2026-08-08,Nordic Baltic Tour,0,Semi Final,4.0,6.0,85.66,89.36
Viktor Tingstrom,Cor Dekker,2026-08-08,Nordic Baltic Tour,0,Quarter Final,6.0,4.0,86.08,84.36
Stefaan Henderyck,Sebastian Bialecki,2026-07-28,Players Championship,PT,Last 128,6.0,5.0,86.85,89.21
Adam Paxton,Peter Wright,2026-07-28,Players Championship,PT,Last 128,6.0,5.0,82.59,83.98
Sam Price,Viktor Tingstrom,2026-07-28,Players Championship,PT,Last 128,6.0,3.0,80.18,77.94
Martin Lukeman,Mensur Suljović,2026-07-08,European Tour Card Holder Qualifier,Q,Semi Final,2.0,6.0,83.42,97.12
Matthias Ehlers,Justin Hood,2026-04-15,European Tour Card Holder Qualifier,Q,Quarter Final,0.0,6.0,67.24,79.11
Tytus Kanik,Darryl Pilgrim,2026-07-08,European Tour Card Holder Qualifier,Q,Last 16,3.0,6.0,77.58,84.38
Filip Bereza,Owen Bates,2026-07-08,European Tour Card Holder Qualifier,Q,Quarter Final,5.0,6.0,77.74,81.88
Maximilian Czerwinski,Chris Dobey,2026-07-28,Players Championship,PT,Last 128,1.0,6.0,72.28,94.55
Tavis Dudeney,Tom Sykes,2026-07-08,European Tour Card Holder Qualifier,Q,Quarter Final,0.0,6.0,62.73,89.29
Pero Ljubić,Wessel Nijman,2026-06-17,Players Championship,PT,Last 128,2.0,6.0,79.76,92.09
Luke Littler,Andy Boulton,2026-08-26,Players Championship,PT,Last 16,6.0,3.0,95.48,87.29
Gerwyn Price,Callan Rydz,2026-09-05,European Tour,ET,Last 32,6.0,2.0,103.86,80.86
Gerwyn Price,James Wade,2026-08-22,World Series of Darts,WS,Semi Final,4.0,7.0,94.17,101.27
Gerwyn Price,Josh Rock,2026-08-22,World Series of Darts,WS,Quarter Final,6.0,2.0,101.34,90.24
Gian van Veen,Gary Anderson,2026-08-30,European Tour,ET,Quarter Final,5.0,6.0,99.79,101.45
Gian van Veen,Jermaine Wattimena,2026-08-30,European Tour,ET,Last 16,6.0,3.0,95.56,94.26
Ross Smith,Gerwyn Price,2026-09-06,European Tour,ET,Quarter Final,4.0,6.0,97.55,100.5
Ross Smith,Gian van Veen,2026-09-06,European Tour,ET,Last 16,6.0,3.0,91.38,90.19
Ross Smith,Stephen Burton,2026-09-05,European Tour,ET,Last 32,6.0,1.0,97.7,91.06
Dirk van Duijvenbode,Luke Woodhouse,2026-08-25,Players Championship,PT,Last 16,5.0,6.0,98.71,97.63
Jonny Clayton,Damon Heta,2026-08-22,World Series of Darts,WS,Quarter Final,6.0,3.0,97.96,95.2
Jonny Clayton,Ben Robb,2026-08-21,World Series of Darts,WS,Last 16,6.0,3.0,87.79,85.23
James Wade,Stephen Bunting,2026-08-22,World Series of Darts,WS,Quarter Final,6.0,5.0,98.57,95.6
Josh Rock,James Wade,2026-08-15,World Series of Darts,WS,Quarter Final,4.0,6.0,86.43,95.03
Luke Littler,Martin Schindler,2026-08-26,Players Championship,PT,Last 32,6.0,1.0,107.23,98.71
Luke Humphries,Owen Bates,2026-08-26,Players Championship,PT,Quarter Final,6.0,4.0,92.88,90.08
Gerwyn Price,Simon Whitlock,2026-08-21,World Series of Darts,WS,Last 16,6.0,2.0,87.58,89.78
Wessel Nijman,Kevin Doets,2026-08-25,Players Championship,PT,Semi Final,5.0,7.0,97.31,93.44
Gian van Veen,Nandor Major,2026-08-29,European Tour,ET,Last 32,6.0,0.0,98.02,82.14
Nathan Aspinall,Ricardo Pietreczko,2026-08-26,Players Championship,PT,Last 64,3.0,6.0,99.62,95.46
Ross Smith,Gary Anderson,2026-08-30,European Tour,ET,Final,8.0,2.0,101.01,90.5
Dirk van Duijvenbode,Joe Cullen,2026-08-25,Players Championship,PT,Last 32,6.0,4.0,99.29,86.09
Jonny Clayton,Gerwyn Price,2026-08-15,World Series of Darts,WS,Final,8.0,4.0,94.96,95.49
Ryan Searle,Adam Leek,2026-08-25,Players Championship,PT,Last 128,6.0,4.0,92.29,82.42
James Wade,Tim Pusey,2026-08-21,World Series of Darts,WS,Last 16,6.0,0.0,112.73,94.44
Josh Rock,Simon Whitlock,2026-08-14,World Series of Darts,WS,Last 16,6.0,4.0,92.62,83.64
Karel Sedláček,Brendan Dolan,2026-08-26,Players Championship,PT,Last 16,2.0,6.0,80.5,78.64
Daryl Gurney,Dominik Gruellich,2026-08-24,World Series Finals Tour Card Qualifier,Q,Quarter Final,6.0,3.0,92.7,84.98
Jim Long,Justin Fawcett,2026-08-29,CDC Pro Tour,0,Last 32,5.0,2.0,80.9,65.76
Luke Littler,Benjamin Pratnemer,2026-08-26,Players Championship,PT,Last 64,6.0,5.0,93.54,92.96
Gerwyn Price,Jonny Clayton,2026-08-15,World Series of Darts,WS,Final,4.0,8.0,95.49,94.96
Wessel Nijman,Kim Huybrechts,2026-08-25,Players Championship,PT,Quarter Final,6.0,3.0,102.81,88.2
Nathan Aspinall,Oskar Lukasiak,2026-08-26,Players Championship,PT,Last 128,6.0,2.0,96.0,87.13
Jonny Clayton,James Wade,2026-08-15,World Series of Darts,WS,Semi Final,7.0,2.0,98.93,90.26
James Wade,Jonny Clayton,2026-08-15,World Series of Darts,WS,Semi Final,2.0,7.0,90.26,98.93
Danny Noppert,Ritchie Edhouse,2026-08-29,European Tour,ET,Last 32,6.0,4.0,94.01,90.93
Damon Heta,Joe Comito,2026-08-21,World Series of Darts,WS,Last 16,6.0,2.0,102.39,84.8
Callan Rydz,Stefan Bellmont,2026-08-24,World Series Finals Tour Card Qualifier,Q,Last 16,6.0,3.0,90.94,85.57
Maik Kuivenhoven,Marvin Kraft,2026-07-30,European Tour Card Holder Qualifier,Q,Quarter Final,5.0,6.0,90.55,91.58
Adam Leek,Mervyn King,2026-07-28,Players Championship,PT,Last 128,4.0,6.0,85.89,87.25
Jim Long,BJ (William) Pollock,2026-08-29,CDC Pro Tour,0,Last 64,5.0,2.0,85.11,79.47
Luke Humphries,Danny Noppert,2026-08-26,Players Championship,PT,Last 16,6.0,5.0,99.7,97.95
Chris Dobey,Luke Littler,2026-08-25,Players Championship,PT,Last 16,0.0,6.0,96.38,98.02
Michael van Gerwen,Ted Evetts,2026-08-26,Players Championship,PT,Last 128,6.0,1.0,83.78,79.3
Gian van Veen,Brody Klinge,2026-08-22,World Series of Darts,WS,Quarter Final,4.0,6.0,93.8,97.9
Ross Smith,Danny Noppert,2026-08-30,European Tour,ET,Semi Final,7.0,3.0,93.3,87.49
Stephen Bunting,Niels Zonneveld,2026-07-18,World Matchplay,MJ,Last 32,13.0,12.0,94.49,91.29
Dirk van Duijvenbode,Tommy Morris,2026-08-25,Players Championship,PT,Last 64,6.0,2.0,94.65,87.72
Kevin Doets,Wessel Nijman,2026-08-25,Players Championship,PT,Semi Final,7.0,5.0,93.44,97.31
Rob Cross,Owen Bates,2026-08-25,Players Championship,PT,Last 64,6.0,4.0,90.53,88.8
Ryan Searle,James Wade,2026-07-22,World Matchplay,MJ,Last 16,8.0,11.0,95.76,99.85
Josh Rock,Luke Littler,2026-07-23,World Matchplay,MJ,Quarter Final,7.0,16.0,101.24,109.57
Jermaine Wattimena,Carl Sneyd,2026-08-25,Players Championship,PT,Last 16,6.0,4.0,102.27,95.19
Karel Sedláček,Ricardo Pietreczko,2026-08-26,Players Championship,PT,Last 32,6.0,4.0,101.32,100.51
Daryl Gurney,Jeffrey Sparidaans,2026-08-24,World Series Finals Tour Card Qualifier,Q,Last 16,6.0,5.0,90.84,85.29
Viktor Tingstrom,Mio Varila,2026-08-08,Nordic Baltic Tour,0,Last 16,6.0,3.0,89.86,77.58
Madars Razma,Adam Paxton,2026-08-25,Players Championship,PT,Last 128,5.0,6.0,88.51,86.76
Madars Razma,Keane Barry,2026-08-24,World Series Finals Tour Card Qualifier,Q,Quarter Final,0.0,6.0,93.59,103.66
Madars Razma,Martin Schindler,2026-08-24,World Series Finals Tour Card Qualifier,Q,Last 16,6.0,3.0,96.69,99.94
Madars Razma,Chris Landman,2026-07-30,European Tour Card Holder Qualifier,Q,Semi Final,3.0,6.0,90.93,95.65
Madars Razma,Darryl Pilgrim,2026-07-30,European Tour Card Holder Qualifier,Q,Quarter Final,6.0,2.0,92.36,91.06
Madars Razma,Jurjen van der Velde,2026-07-30,European Tour Card Holder Qualifier,Q,Semi Final,3.0,6.0,88.99,87.92
Madars Razma,Alexander Merkx,2026-07-30,European Tour Card Holder Qualifier,Q,Quarter Final,6.0,4.0,90.76,92.17
Madars Razma,Henry Coates,2026-07-29,Players Championship,PT,Last 128,1.0,6.0,92.97,109.34
Cam Crabtree,Alex Spellman,2026-08-13,CDC Classic,0,Last 16,2.0,0.0,91.09,73.71
Cam Crabtree,Moreno Blom,2026-08-13,CDC Classic,0,Last 32,2.0,0.0,83.52,81.25
Gerwyn Price,Raymond Smith,2026-08-15,World Series of Darts,WS,Semi Final,7.0,2.0,93.31,92.35
Chris Dobey,Keane Barry,2026-08-25,Players Championship,PT,Last 32,6.0,5.0,99.32,95.98
Chris Dobey,Stefan Bellmont,2026-08-25,Players Championship,PT,Last 64,6.0,1.0,93.4,82.31
Wessel Nijman,Bradley Brooks,2026-08-25,Players Championship,PT,Last 16,6.0,1.0,109.77,98.87
Gian van Veen,Raymond Smith,2026-08-21,World Series of Darts,WS,Last 16,6.0,3.0,95.98,92.6
Gian van Veen,Jonny Clayton,2026-08-15,World Series of Darts,WS,Quarter Final,3.0,6.0,95.11,90.64
Gian van Veen,Jonny Tata,2026-08-14,World Series of Darts,WS,Last 16,6.0,1.0,97.21,84.85
Nathan Aspinall,Mickey Mansell,2026-08-25,Players Championship,PT,Last 32,3.0,6.0,96.86,100.0
Nathan Aspinall,Adam Paxton,2026-08-25,Players Championship,PT,Last 64,6.0,1.0,95.34,81.81
Ross Smith,Dave Chisnall,2026-08-30,European Tour,ET,Quarter Final,6.0,2.0,95.35,89.63
Ross Smith,Jonny Clayton,2026-08-30,European Tour,ET,Last 16,6.0,4.0,92.83,96.85
Ross Smith,William O&#039;Connor,2026-08-29,European Tour,ET,Last 32,6.0,2.0,101.33,97.41
Ross Smith,Brody Klinge,2026-08-21,World Series of Darts,WS,Last 16,5.0,6.0,102.88,96.0
Stephen Bunting,Ryan Joyce,2026-07-11,European Tour,ET,Last 32,4.0,6.0,87.5,91.23
Kevin Doets,Cameron Menzies,2026-08-25,Players Championship,PT,Quarter Final,6.0,2.0,91.4,78.93
Rob Cross,Christopher Wickenden,2026-08-25,Players Championship,PT,Last 128,6.0,2.0,105.66,97.5
Ryan Searle,William O&#039;Connor,2026-07-19,World Matchplay,MJ,Last 32,10.0,6.0,94.98,95.18
Danny Noppert,Luke Humphries,2026-08-26,Players Championship,PT,Last 16,5.0,6.0,97.95,99.7
Danny Noppert,Cristo Reyes,2026-08-26,Players Championship,PT,Last 32,6.0,3.0,97.69,94.06
James Wade,Josh Rock,2026-08-15,World Series of Darts,WS,Quarter Final,6.0,4.0,95.03,86.43
James Wade,Kayden Milne,2026-08-14,World Series of Darts,WS,Last 16,6.0,0.0,87.55,68.03
James Wade,Gian van Veen,2026-07-24,World Matchplay,MJ,Quarter Final,13.0,16.0,97.05,93.04
James Wade,Ryan Searle,2026-07-22,World Matchplay,MJ,Last 16,11.0,8.0,99.85,95.76
Luke Woodhouse,Jim Long,2026-08-26,Players Championship,PT,Last 128,6.0,1.0,97.96,86.82
Damon Heta,Gerwyn Price,2026-08-15,World Series of Darts,WS,Quarter Final,2.0,6.0,90.83,97.19
Damon Heta,Ben Robb,2026-08-14,World Series of Darts,WS,Last 16,6.0,4.0,97.13,87.33
Damon Heta,Sebastian Bialecki,2026-07-29,Players Championship,PT,Quarter Final,2.0,6.0,90.74,89.72
Jermaine Wattimena,Daryl Gurney,2026-08-25,Players Championship,PT,Last 32,6.0,5.0,89.46,91.66
Ryan Joyce,Jeffrey Sparidaans,2026-08-26,Players Championship,PT,Last 128,6.0,4.0,91.07,88.17
Ryan Joyce,Bradley Brooks,2026-08-25,Players Championship,PT,Last 64,3.0,6.0,82.09,97.18
Gerwyn Price,Damon Heta,2026-08-15,World Series of Darts,WS,Quarter Final,6.0,2.0,97.19,90.83
Chris Dobey,Ricky Evans,2026-08-25,Players Championship,PT,Last 128,6.0,4.0,90.0,95.11
Wessel Nijman,Darryl Pilgrim,2026-08-25,Players Championship,PT,Last 32,6.0,1.0,93.75,93.39
Michael van Gerwen,Nick Kenny,2026-08-25,Players Championship,PT,Last 128,5.0,6.0,88.78,84.76
Gian van Veen,Sebastian Bialecki,2026-07-29,Players Championship,PT,Semi Final,4.0,7.0,89.88,94.01
Nathan Aspinall,Thibault Tricole,2026-08-25,Players Championship,PT,Last 128,6.0,1.0,95.97,83.48
Ross Smith,Adam Leek,2026-08-14,World Series of Darts,WS,Last 16,5.0,6.0,88.79,87.82
Stephen Bunting,Brendan Dolan,2026-07-07,Players Championship,PT,Last 128,5.0,6.0,94.11,92.1
Kevin Doets,Rob Cross,2026-08-25,Players Championship,PT,Last 16,6.0,3.0,82.33,85.43
Rob Cross,Dirk van Duijvenbode,2026-08-24,World Series Finals Tour Card Qualifier,Q,Final,6.0,3.0,98.41,91.45
Ryan Searle,Dave Chisnall,2026-07-06,Players Championship,PT,Last 16,4.0,6.0,99.85,94.58
Josh Rock,Stephen Bunting,2026-07-21,World Matchplay,MJ,Last 16,11.0,6.0,91.18,82.9
Danny Noppert,Keane Barry,2026-08-26,Players Championship,PT,Last 64,6.0,4.0,97.89,98.16
James Wade,Jermaine Wattimena,2026-07-19,World Matchplay,MJ,Last 32,10.0,7.0,96.19,92.87
Luke Woodhouse,Jermaine Wattimena,2026-08-25,Players Championship,PT,Semi Final,4.0,7.0,94.36,100.71
Krzysztof Ratajski,Stefaan Henderyck,2026-08-26,Players Championship,PT,Last 128,6.0,4.0,89.59,79.61
Damon Heta,Raymond van Barneveld,2026-07-29,Players Championship,PT,Last 16,6.0,2.0,96.34,83.57
Niels Zonneveld,Cristo Reyes,2026-08-24,World Series Finals Tour Card Qualifier,Q,Last 16,6.0,4.0,102.46,106.67
Jermaine Wattimena,Martin Lukeman,2026-08-25,Players Championship,PT,Last 64,6.0,4.0,95.21,81.72
Jeffrey de Graaf,Oskar Lukasiak,2026-08-24,World Series Finals Tour Card Qualifier,Q,Last 16,6.0,3.0,97.12,85.31
William O&#039;Connor,Adam Gawlas,2026-08-26,Players Championship,PT,Last 128,6.0,5.0,87.73,83.73
Karel Sedláček,Viktor Tingstrom,2026-08-26,Players Championship,PT,Last 64,6.0,1.0,94.35,77.43
Martin Schindler,Madars Razma,2026-08-24,World Series Finals Tour Card Qualifier,Q,Last 16,3.0,6.0,99.94,96.69
Niko Springer,Tyler Thorpe,2026-08-24,World Series Finals Tour Card Qualifier,Q,Last 16,6.0,0.0,102.48,99.26
Sebastian Bialecki,Gian van Veen,2026-07-29,Players Championship,PT,Semi Final,7.0,4.0,94.01,89.88
Bradley Brooks,Kim Huybrechts,2026-07-30,European Tour Card Holder Qualifier,Q,Final,6.0,1.0,98.28,84.24
Gabriel Clemens,Ricky Evans,2026-07-30,European Tour Card Holder Qualifier,Q,Quarter Final,5.0,6.0,87.79,85.88
Ryan Joyce,Jimmy van Schie,2026-08-25,Players Championship,PT,Last 128,6.0,3.0,94.37,94.21
Brendan Dolan,Rob Cross,2026-08-24,World Series Finals Tour Card Qualifier,Q,Quarter Final,2.0,6.0,86.27,100.55
Chris Landman,Marvin Kraft,2026-07-30,European Tour Card Holder Qualifier,Q,Quarter Final,6.0,4.0,93.27,85.83
Jim Long,Luke Woodhouse,2026-08-26,Players Championship,PT,Last 128,1.0,6.0,86.82,97.96
Dirk van Duijvenbode,Tyler Thorpe,2026-08-25,Players Championship,PT,Last 128,6.0,4.0,94.67,100.06
Kevin Doets,Wesley Plaisier,2026-08-25,Players Championship,PT,Last 32,6.0,4.0,91.16,79.62
Rob Cross,Peter Wright,2026-08-24,World Series Finals Tour Card Qualifier,Q,Semi Final,6.0,5.0,98.31,94.26
Damon Heta,Beau Greaves,2026-07-29,Players Championship,PT,Last 32,6.0,3.0,97.96,93.89
Niels Zonneveld,Joe Hunt,2026-07-29,Players Championship,PT,Last 16,4.0,6.0,95.89,96.39
Cristo Reyes,Matthias Ehlers,2026-07-30,European Tour Card Holder Qualifier,Q,Quarter Final,6.0,1.0,87.58,79.5
Jeffrey de Graaf,Stephen Rosney,2026-08-24,World Series Finals Tour Card Qualifier,Q,Last 32,6.0,3.0,93.82,90.2
William O&#039;Connor,Luke Littler,2026-08-25,Players Championship,PT,Last 32,3.0,6.0,89.56,95.27
Karel Sedláček,Ryan Meikle,2026-08-26,Players Championship,PT,Last 128,6.0,0.0,88.41,72.67
Andrew Gilding,Jurjen van der Velde,2026-08-24,World Series Finals Tour Card Qualifier,Q,Last 16,6.0,3.0,94.49,81.35
Kim Huybrechts,James Hurrell,2026-08-25,Players Championship,PT,Last 64,6.0,1.0,92.08,85.32
Cameron Menzies,Joe Hunt,2026-08-25,Players Championship,PT,Last 32,6.0,4.0,94.08,85.19
Joe Cullen,Charlie Manby,2026-07-10,European Tour,ET,Last 48 (Premier),6.0,4.0,97.62,93.69
Niko Springer,Justin Hood,2026-07-29,Players Championship,PT,Last 64,2.0,6.0,87.13,89.64
Mickey Mansell,Lukas Wenig,2026-07-30,European Tour Card Holder Qualifier,Q,Quarter Final,6.0,5.0,88.35,88.15
James Hurrell,Jurjen van der Velde,2026-07-30,European Tour Card Holder Qualifier,Q,Semi Final,6.0,3.0,85.99,78.21
Sebastian Bialecki,Damon Heta,2026-07-29,Players Championship,PT,Quarter Final,6.0,2.0,89.72,90.74
Bradley Brooks,Keane Barry,2026-07-30,European Tour Card Holder Qualifier,Q,Semi Final,6.0,4.0,92.45,83.85
Gabriel Clemens,Charlie Manby,2026-07-29,Players Championship,PT,Last 64,1.0,6.0,86.13,92.17
Beau Greaves,Gemma Hayter,2026-08-23,Women&#039;s Series,0,Last 16,4.0,3.0,87.8,84.08
Ryan Joyce,Gary Anderson,2026-07-19,World Matchplay,MJ,Last 32,2.0,10.0,95.49,109.96
Brendan Dolan,Jeffrey de Zwaan,2026-08-24,World Series Finals Tour Card Qualifier,Q,Last 16,6.0,2.0,84.86,88.43
Stephen Burton,Andy Boulton,2026-07-30,European Tour Card Holder Qualifier,Q,Quarter Final,6.0,2.0,93.99,92.87
Chris Landman,Tavis Dudeney,2026-07-30,European Tour Card Holder Qualifier,Q,Last 16,6.0,3.0,78.93,77.34
Raymond van Barneveld,Sam Price,2026-07-30,European Tour Card Holder Qualifier,Q,Quarter Final,6.0,2.0,86.47,67.31
Jim Long,Oskar Lukasiak,2026-08-25,Players Championship,PT,Last 128,2.0,6.0,88.51,94.01
Mike De Decker,Dirk van Duijvenbode,2026-08-26,Players Championship,PT,Last 128,6.0,4.0,88.52,90.72
Mike De Decker,David Sharp,2026-08-25,Players Championship,PT,Last 128,5.0,6.0,83.29,88.48
Mike De Decker,Ryan Meikle,2026-08-24,World Series Finals Tour Card Qualifier,Q,Last 16,3.0,6.0,88.06,84.48
Mike De Decker,Bradley Brooks,2026-07-30,European Tour Card Holder Qualifier,Q,Quarter Final,3.0,6.0,84.45,92.31
Mike De Decker,Bradley Brooks,2026-07-29,Players Championship,PT,Last 128,4.0,6.0,95.41,104.29
Dimitri Van den Bergh,Andy Boulton,2026-05-20,European Tour Card Holder Qualifier,Q,Quarter Final,6.0,3.0,97.86,91.24
Dimitri Van den Bergh,Greg Ritchie,2026-05-20,European Tour Card Holder Qualifier,Q,Quarter Final,4.0,6.0,90.62,90.02
Dimitri Van den Bergh,Sebastian Bialecki,2026-05-19,Players Championship,PT,Last 32,1.0,6.0,94.74,98.79
Leon Weber,William Einerfeldt,2026-08-01,Development Tour,0,Last 512,4.0,0.0,75.15,63.54
Maximilian Czerwinski,Ryan Meikle,2026-07-08,European Tour Card Holder Qualifier,Q,Semi Final,2.0,6.0,82.63,81.79
Maximilian Czerwinski,Rusty-Jake Rodriguez,2026-07-08,European Tour Card Holder Qualifier,Q,Quarter Final,6.0,2.0,77.5,77.0
Maximilian Czerwinski,Charlie Manby,2026-07-08,European Tour Card Holder Qualifier,Q,Quarter Final,4.0,6.0,85.5,96.32
Luke Littler,Stephen Rosney,2026-08-26,Players Championship,PT,Last 128,6.0,4.0,96.81,92.8
Luke Littler,Jermaine Wattimena,2026-08-25,Players Championship,PT,Quarter Final,5.0,6.0,95.68,92.36
Luke Littler,Chris Dobey,2026-08-25,Players Championship,PT,Last 16,6.0,0.0,98.02,96.38
Luke Littler,William O&#039;Connor,2026-08-25,Players Championship,PT,Last 32,6.0,3.0,95.27,89.56
Luke Humphries,Bradley Brooks,2026-08-26,Players Championship,PT,Last 32,6.0,5.0,95.91,99.49
Luke Humphries,Tommy Lishman,2026-08-26,Players Championship,PT,Last 64,6.0,1.0,108.66,99.2
Luke Humphries,Mario Vandenbogaerde,2026-08-26,Players Championship,PT,Last 128,6.0,4.0,92.38,89.34
Luke Humphries,Cam Crabtree,2026-08-25,Players Championship,PT,Last 128,3.0,6.0,97.85,98.77
Gerwyn Price,Mark Cleaver,2026-08-14,World Series of Darts,WS,Last 16,6.0,1.0,95.27,81.74
Gerwyn Price,Luke Littler,2026-07-26,World Matchplay,MJ,Final,9.0,18.0,104.97,111.53
Gerwyn Price,Gian van Veen,2026-07-25,World Matchplay,MJ,Semi Final,17.0,10.0,96.65,91.62
Wessel Nijman,Jack Tweddell,2026-08-25,Players Championship,PT,Last 64,6.0,4.0,86.75,85.29
Michael van Gerwen,Jeffrey de Graaf,2026-07-28,Players Championship,PT,Last 32,4.0,6.0,105.34,105.99
Michael van Gerwen,Darius Labanauskas,2026-07-28,Players Championship,PT,Last 64,6.0,3.0,95.4,87.62
Michael van Gerwen,Adam Warner,2026-07-28,Players Championship,PT,Last 128,6.0,0.0,77.74,70.18
Gian van Veen,Ritchie Edhouse,2026-07-29,Players Championship,PT,Quarter Final,6.0,5.0,101.08,98.57
Ross Smith,Gerwyn Price,2026-07-24,World Matchplay,MJ,Quarter Final,12.0,16.0,98.16,102.78
Ross Smith,Kevin Doets,2026-07-20,World Matchplay,MJ,Last 32,10.0,6.0,100.55,104.19
Jonny Clayton,Gian van Veen,2026-08-15,World Series of Darts,WS,Quarter Final,6.0,3.0,90.64,95.11
Jonny Clayton,Haupai Puha,2026-08-14,World Series of Darts,WS,Last 16,6.0,5.0,86.24,89.05
Josh Rock,Luke Woodhouse,2026-07-18,World Matchplay,MJ,Last 32,10.0,4.0,90.42,88.83
Danny Noppert,Leon Weber,2026-08-26,Players Championship,PT,Last 128,6.0,0.0,100.2,81.34
Danny Noppert,Jeffrey Sparidaans,2026-08-25,Players Championship,PT,Last 128,5.0,6.0,93.75,90.11
Luke Woodhouse,Mickey Mansell,2026-08-25,Players Championship,PT,Quarter Final,6.0,2.0,101.97,97.03
Krzysztof Ratajski,Cameron Menzies,2026-08-25,Players Championship,PT,Last 16,1.0,6.0,86.72,100.35
William O&#039;Connor,Jurjen van der Velde,2026-08-25,Players Championship,PT,Last 64,6.0,0.0,86.71,78.24
William O&#039;Connor,Cor Dekker,2026-08-25,Players Championship,PT,Last 128,6.0,3.0,90.92,95.42
Andrew Gilding,Tom Sykes,2026-07-29,Players Championship,PT,Last 64,2.0,6.0,78.15,91.96
Cameron Menzies,Ricardo Pietreczko,2026-08-25,Players Championship,PT,Last 64,6.0,3.0,105.17,91.54
Keane Barry,Henry Coates,2026-08-25,Players Championship,PT,Last 128,6.0,5.0,89.33,93.25
Luke Littler,Arno Merk,2026-08-25,Players Championship,PT,Last 64,6.0,3.0,105.12,91.62
Luke Humphries,Cameron Menzies,2026-07-20,World Matchplay,MJ,Last 32,7.0,10.0,99.56,97.83
Gerwyn Price,Ross Smith,2026-07-24,World Matchplay,MJ,Quarter Final,16.0,12.0,102.78,98.16
Gary Anderson,Cor Dekker,2026-07-07,Players Championship,PT,Last 128,6.0,3.0,95.82,88.37
Chris Dobey,Bradley Brooks,2026-07-29,Players Championship,PT,Last 32,3.0,6.0,107.28,108.86
Wessel Nijman,Lukas Wenig,2026-08-25,Players Championship,PT,Last 128,6.0,1.0,94.55,79.3
Michael van Gerwen,Dirk van Duijvenbode,2026-07-21,World Matchplay,MJ,Last 16,12.0,14.0,99.49,95.93
Gian van Veen,Ricky Evans,2026-07-29,Players Championship,PT,Last 16,6.0,3.0,89.75,87.74
Ross Smith,Nathan Aspinall,2026-07-12,European Tour,ET,Last 16,4.0,6.0,94.77,96.31
Nathan Aspinall,Luke Littler,2026-07-21,World Matchplay,MJ,Last 16,8.0,11.0,101.24,113.68
Jonny Clayton,Gary Anderson,2026-07-21,World Matchplay,MJ,Last 16,7.0,11.0,97.72,98.13
Stephen Bunting,Dave Chisnall,2026-07-06,Players Championship,PT,Last 32,4.0,6.0,94.73,96.44
Kevin Doets,Chris Landman,2026-08-25,Players Championship,PT,Last 64,6.0,3.0,89.21,88.97
Ryan Searle,Damon Heta,2026-07-06,Players Championship,PT,Last 32,6.0,5.0,95.59,97.24
Josh Rock,Scott Williams,2026-07-07,Players Championship,PT,Last 32,3.0,6.0,91.61,93.47
Danny Noppert,Mervyn King,2026-08-15,Zwaantje Masters,0,Quarter Final,4.0,6.0,86.73,85.42
Damon Heta,Scott Williams,2026-07-29,Players Championship,PT,Last 64,6.0,5.0,92.96,92.09
Krzysztof Ratajski,Peter Wright,2026-08-25,Players Championship,PT,Last 32,6.0,5.0,90.58,91.39
Luke Woodhouse,Dirk van Duijvenbode,2026-08-25,Players Championship,PT,Last 16,6.0,5.0,97.63,98.71
Jermaine Wattimena,Stephen Rosney,2026-08-25,Players Championship,PT,Last 128,6.0,3.0,92.58,81.57
Jeffrey de Graaf,Tyler Thorpe,2026-07-30,European Tour Card Holder Qualifier,Q,Final,6.0,4.0,85.2,83.05
William O&#039;Connor,Justin Hood,2026-07-29,Players Championship,PT,Last 16,4.0,6.0,87.13,87.53
Martin Schindler,Richard Veenstra,2026-07-29,Players Championship,PT,Last 32,3.0,6.0,94.07,94.2
Andrew Gilding,Daniel Klose,2026-07-29,Players Championship,PT,Last 128,6.0,4.0,87.33,85.87
Callan Rydz,Mervyn King,2026-08-24,World Series Finals Tour Card Qualifier,Q,Last 32,6.0,4.0,101.38,102.7
Cameron Menzies,Sietse Lap,2026-08-25,Players Championship,PT,Last 128,6.0,2.0,101.25,92.05
Niko Springer,Scott Waites,2026-07-29,Players Championship,PT,Last 128,6.0,4.0,93.25,100.01
Keane Barry,Maik Kuivenhoven,2026-08-24,World Series Finals Tour Card Qualifier,Q,Semi Final,2.0,6.0,89.37,91.51
Beau Greaves,Vicky Pruim,2026-08-23,Women&#039;s Series,0,Last 32,4.0,0.0,84.68,78.46
Ryan Joyce,Jermaine Wattimena,2026-07-12,European Tour,ET,Last 16,1.0,6.0,83.05,89.66
Mario Vandenbogaerde,Sebastian Bialecki,2026-07-29,Players Championship,PT,Final,6.0,8.0,85.91,93.8
Stephen Burton,Max Hopp,2026-07-29,Players Championship,PT,Last 128,3.0,6.0,91.07,90.91
Dirk van Duijvenbode,Rob Cross,2026-08-24,World Series Finals Tour Card Qualifier,Q,Final,3.0,6.0,91.45,98.41
Kevin Doets,Yorick Hofkens,2026-08-25,Players Championship,PT,Last 128,6.0,2.0,89.23,81.69
Rob Cross,Brendan Dolan,2026-08-24,World Series Finals Tour Card Qualifier,Q,Quarter Final,6.0,2.0,100.55,86.27
Damon Heta,Harry Ward,2026-07-29,Players Championship,PT,Last 128,6.0,2.0,101.74,88.21
Krzysztof Ratajski,Callan Rydz,2026-08-25,Players Championship,PT,Last 64,6.0,2.0,89.23,86.84
Luke Woodhouse,Tom Sykes,2026-08-25,Players Championship,PT,Last 32,6.0,1.0,88.79,87.65
Niels Zonneveld,Oskar Lukasiak,2026-07-29,Players Championship,PT,Last 32,6.0,5.0,99.56,95.09
Cristo Reyes,Robert Owen,2026-07-30,European Tour Card Holder Qualifier,Q,Final,6.0,0.0,89.29,83.06
William O&#039;Connor,Charlie Manby,2026-07-29,Players Championship,PT,Last 32,6.0,4.0,93.29,92.2
Jeffrey de Graaf,Justin Hood,2026-07-30,European Tour Card Holder Qualifier,Q,Semi Final,6.0,1.0,99.85,87.73
Martin Schindler,Jimmy van Schie,2026-07-29,Players Championship,PT,Last 64,6.0,4.0,96.83,95.9
Andrew Gilding,Tyler Thorpe,2026-07-28,Players Championship,PT,Last 64,1.0,6.0,89.6,91.13
Callan Rydz,Brendan Dolan,2026-07-30,European Tour Card Holder Qualifier,Q,Quarter Final,1.0,6.0,83.11,96.14
Karel Sedláček,Adam Lipscombe,2026-08-25,Players Championship,PT,Last 128,4.0,6.0,91.55,94.1
Karel Sedláček,Owen Bates,2026-08-24,World Series Finals Tour Card Qualifier,Q,Final,6.0,4.0,105.22,97.93
Karel Sedláček,Charlie Manby,2026-08-24,World Series Finals Tour Card Qualifier,Q,Semi Final,6.0,1.0,89.5,86.86
Karel Sedláček,Ryan Meikle,2026-08-24,World Series Finals Tour Card Qualifier,Q,Quarter Final,6.0,3.0,103.8,87.6
Karel Sedláček,Jimmy van Schie,2026-08-24,World Series Finals Tour Card Qualifier,Q,Last 16,6.0,5.0,101.82,97.66
Karel Sedláček,Bradley Brooks,2026-08-24,World Series Finals Tour Card Qualifier,Q,Last 32,6.0,4.0,97.33,100.03
Connor Scutt,Jeffrey Sparidaans,2026-07-29,Players Championship,PT,Last 128,6.0,3.0,87.94,84.26
Joe Cullen,Rob Cross,2026-07-07,Players Championship,PT,Last 32,5.0,6.0,96.76,96.25
Cameron Menzies,Luke Humphries,2026-07-20,World Matchplay,MJ,Last 32,10.0,7.0,97.83,99.56
Kim Huybrechts,Daniel Klose,2026-08-25,Players Championship,PT,Last 128,6.0,4.0,105.02,97.68
Niko Springer,Damon Heta,2026-07-28,Players Championship,PT,Semi Final,4.0,7.0,88.1,89.38
Daryl Gurney,Maik Kuivenhoven,2026-07-10,European Tour,ET,Last 48 (Premier),3.0,6.0,85.98,93.49
Keane Barry,Madars Razma,2026-08-24,World Series Finals Tour Card Qualifier,Q,Quarter Final,6.0,0.0,103.66,93.59
Beau Greaves,Sue Lowther,2026-08-23,Women&#039;s Series,0,Last 64,4.0,0.0,96.97,67.1
Ryan Joyce,Stephen Bunting,2026-07-11,European Tour,ET,Last 32,6.0,4.0,91.23,87.5
Ricky Evans,Max Hopp,2026-07-29,Players Championship,PT,Last 32,6.0,5.0,87.42,85.46
Mario Vandenbogaerde,Justin Hood,2026-07-29,Players Championship,PT,Semi Final,7.0,4.0,93.36,93.86
Stephen Burton,Mickey Mansell,2026-07-28,Players Championship,PT,Last 128,3.0,6.0,89.85,93.6
Adam Gawlas,Beau Greaves,2026-08-24,World Series Finals Tour Card Qualifier,Q,Last 32,6.0,3.0,95.48,91.29
Adam Gawlas,Daan Beernink,2026-08-02,Development Tour,0,Last 64,3.0,4.0,86.66,84.74
Adam Gawlas,Patrick Hanel,2026-08-02,Development Tour,0,Last 128,4.0,1.0,68.83,58.5
Adam Gawlas,Bartek Poplawski,2026-08-02,Development Tour,0,Last 256,4.0,0.0,63.96,43.81
Adam Gawlas,Harrison Leigh,2026-08-01,Development Tour,0,Last 128,2.0,4.0,85.9,92.41
Jim Long,Charlie Manby,2026-07-30,European Tour Card Holder Qualifier,Q,Final,6.0,1.0,92.95,87.29
Jim Long,Viktor Tingstrom,2026-07-30,European Tour Card Holder Qualifier,Q,Semi Final,6.0,3.0,92.96,90.41
Jim Long,Yorick Hofkens,2026-07-30,European Tour Card Holder Qualifier,Q,Quarter Final,6.0,1.0,89.82,79.91
Jim Long,Tytus Kanik,2026-07-30,European Tour Card Holder Qualifier,Q,Last 16,6.0,5.0,92.25,95.19
Jim Long,Cristo Reyes,2026-07-30,European Tour Card Holder Qualifier,Q,Quarter Final,1.0,6.0,89.74,99.17
Jim Long,Peter Wright,2026-07-29,Players Championship,PT,Last 128,4.0,6.0,93.82,87.25
Jim Long,Christian Kist,2026-07-28,Players Championship,PT,Last 16,5.0,6.0,82.64,90.09
Jim Long,Mickey Mansell,2026-07-28,Players Championship,PT,Last 32,6.0,1.0,78.45,76.13
Gary Anderson,James Wade,2026-07-06,Players Championship,PT,Last 128,5.0,6.0,100.66,100.84
Gary Anderson,Lukas Wenig,2026-06-03,Players Championship,PT,Last 64,3.0,6.0,87.87,84.69
Gary Anderson,Ryan Meikle,2026-06-03,Players Championship,PT,Last 128,6.0,4.0,89.56,86.63
Gary Anderson,Wessel Nijman,2026-06-02,Players Championship,PT,Last 32,3.0,6.0,101.67,95.71
Chris Dobey,Tyler Thorpe,2026-07-29,Players Championship,PT,Last 64,6.0,4.0,96.65,96.25
Chris Dobey,Chris Landman,2026-07-29,Players Championship,PT,Last 128,6.0,0.0,92.97,82.07
Michael van Gerwen,Andrew Gilding,2026-07-19,World Matchplay,MJ,Last 32,10.0,6.0,94.85,88.54
Gian van Veen,Mickey Mansell,2026-07-29,Players Championship,PT,Last 32,6.0,4.0,91.09,95.56
Gian van Veen,Stephen Rosney,2026-07-29,Players Championship,PT,Last 64,6.0,1.0,88.68,79.79
Ross Smith,Niels Zonneveld,2026-07-11,European Tour,ET,Last 32,6.0,1.0,100.24,85.89
Ross Smith,Jeffrey de Zwaan,2026-07-07,Players Championship,PT,Last 32,1.0,6.0,92.3,104.01
Ross Smith,Rhys Griffin,2026-07-07,Players Championship,PT,Last 64,6.0,0.0,99.1,87.72
Ross Smith,Filip Bereza,2026-07-07,Players Championship,PT,Last 128,6.0,2.0,103.5,87.73
Nathan Aspinall,Joe Cullen,2026-07-18,World Matchplay,MJ,Last 32,10.0,5.0,105.32,95.79
Nathan Aspinall,Krzysztof Ratajski,2026-07-12,European Tour,ET,Quarter Final,4.0,6.0,89.87,92.59
Nathan Aspinall,Ross Smith,2026-07-12,European Tour,ET,Last 16,6.0,4.0,96.31,94.77
Stephen Bunting,Shane McGuirk,2026-07-06,Players Championship,PT,Last 64,6.0,1.0,102.18,93.41
Dirk van Duijvenbode,Raymond van Barneveld,2026-08-24,World Series Finals Tour Card Qualifier,Q,Semi Final,6.0,3.0,99.6,88.6
Dirk van Duijvenbode,Mario Vandenbogaerde,2026-08-24,World Series Finals Tour Card Qualifier,Q,Quarter Final,6.0,3.0,104.63,105.74
Jonny Clayton,Damon Heta,2026-07-19,World Matchplay,MJ,Last 32,10.0,7.0,97.63,96.1
Rob Cross,Carl Sneyd,2026-08-24,World Series Finals Tour Card Qualifier,Q,Last 16,6.0,0.0,98.02,83.1
Josh Rock,Darryl Pilgrim,2026-07-07,Players Championship,PT,Last 64,6.0,5.0,104.76,95.88
Ryan Searle,Benjamin Pratnemer,2026-07-06,Players Championship,PT,Last 64,6.0,3.0,91.05,87.46
Danny Noppert,Dennis van der Steen,2026-08-15,Zwaantje Masters,0,Last 16,5.0,0.0,95.13,67.29
Danny Noppert,Dennie Olde Kalter,2026-08-15,Zwaantje Masters,0,Round Robin,4.0,1.0,96.32,87.26
Danny Noppert,Michael van de Ven,2026-08-15,Zwaantje Masters,0,Round Robin,4.0,2.0,79.15,83.57
Jermaine Wattimena,David Cameron,2026-08-15,DPFL Premier Division Playoffs,0,Final,5.0,4.0,93.44,100.69
Keane Barry,Thomas Lovely,2026-08-24,World Series Finals Tour Card Qualifier,Q,Last 16,6.0,3.0,90.91,89.84
Dave Chisnall,James Hurrell,2026-07-28,Players Championship,PT,Last 32,4.0,6.0,97.84,102.31
Dave Chisnall,Marvin van Velzen,2026-07-28,Players Championship,PT,Last 64,6.0,3.0,96.39,94.13
Luke Humphries,Luke Littler,2026-06-26,World Series of Darts,WS,Final,8.0,7.0,104.05,99.5
Gary Anderson,Yorick Hofkens,2026-06-02,Players Championship,PT,Last 64,6.0,4.0,96.34,94.47
Chris Dobey,Brendan Dolan,2026-07-28,Players Championship,PT,Last 32,5.0,6.0,96.66,91.9
Wessel Nijman,Karel Sedláček,2026-07-29,Players Championship,PT,Last 16,0.0,6.0,84.8,94.93
Michael van Gerwen,Damon Heta,2026-07-12,European Tour,ET,Last 16,4.0,6.0,98.32,100.74
Gian van Veen,Benjamin Pratnemer,2026-07-29,Players Championship,PT,Last 128,6.0,4.0,89.9,96.37
Ross Smith,Viktor Tingstrom,2026-07-06,Players Championship,PT,Last 128,3.0,6.0,89.12,94.52
Nathan Aspinall,Mickey Mansell,2026-07-11,European Tour,ET,Last 32,6.0,1.0,107.23,93.57
Stephen Bunting,Beau Greaves,2026-07-06,Players Championship,PT,Last 128,6.0,3.0,100.2,102.96
Jonny Clayton,Luke Woodhouse,2026-07-12,European Tour,ET,Last 16,5.0,6.0,93.76,98.29
Dirk van Duijvenbode,David Sharp,2026-08-24,World Series Finals Tour Card Qualifier,Q,Last 16,6.0,4.0,98.81,90.41
Josh Rock,Marvin Kraft,2026-07-07,Players Championship,PT,Last 128,6.0,3.0,84.32,84.91
Rob Cross,Gerwyn Price,2026-07-22,World Matchplay,MJ,Last 16,5.0,11.0,93.82,97.84
Ryan Searle,Darius Labanauskas,2026-07-06,Players Championship,PT,Last 128,6.0,3.0,91.42,86.55
Danny Noppert,Mike Jansen,2026-08-15,Zwaantje Masters,0,Round Robin,4.0,0.0,96.97,75.37
Krzysztof Ratajski,Rusty-Jake Rodriguez,2026-08-25,Players Championship,PT,Last 128,6.0,3.0,87.14,79.97
Luke Woodhouse,Oskar Lukasiak,2026-08-25,Players Championship,PT,Last 64,6.0,2.0,97.15,91.14
Jermaine Wattimena,Fred Krueger,2026-08-15,DPFL Premier Division Playoffs,0,Semi Final,4.0,3.0,95.16,94.61
William O&#039;Connor,Alexander Merkx,2026-07-29,Players Championship,PT,Last 64,6.0,4.0,97.51,94.57
Andrew Gilding,Cor Dekker,2026-07-28,Players Championship,PT,Last 128,6.0,4.0,95.67,97.01
Joe Cullen,Mensur Suljović,2026-07-07,Players Championship,PT,Last 64,6.0,3.0,105.98,93.44
Niko Springer,James Hurrell,2026-07-28,Players Championship,PT,Quarter Final,6.0,0.0,80.52,79.86
Tom Sykes,Filip Bereza,2026-07-30,European Tour Card Holder Qualifier,Q,Quarter Final,4.0,6.0,89.92,91.35
James Hurrell,Robert Owen,2026-07-30,European Tour Card Holder Qualifier,Q,Quarter Final,6.0,1.0,93.4,83.01
Ritchie Edhouse,Mensur Suljović,2026-07-29,Players Championship,PT,Last 16,6.0,1.0,97.88,84.82
Keane Barry,Bradley Brooks,2026-07-30,European Tour Card Holder Qualifier,Q,Semi Final,4.0,6.0,83.85,92.45
Ryan Joyce,Mio Varila,2026-07-10,European Tour,ET,Last 48 (Premier),6.0,1.0,85.49,72.53
Dave Chisnall,Mario Vandenbogaerde,2026-07-28,Players Championship,PT,Last 128,6.0,5.0,94.48,91.54
Madars Razma,Tavis Dudeney,2026-07-28,Players Championship,PT,Last 128,4.0,6.0,83.6,79.76
Dirk van Duijvenbode,James Hurrell,2026-07-29,Players Championship,PT,Last 128,5.0,6.0,98.62,100.83
Kevin Doets,Maik Kuivenhoven,2026-08-24,World Series Finals Tour Card Qualifier,Q,Final,6.0,3.0,91.77,93.29
Rob Cross,Danny Noppert,2026-07-20,World Matchplay,MJ,Last 32,10.0,3.0,97.41,91.8
Damon Heta,Henry Coates,2026-07-28,Players Championship,PT,Final,4.0,8.0,106.11,104.88
Krzysztof Ratajski,Owen Bates,2026-08-24,World Series Finals Tour Card Qualifier,Q,Quarter Final,4.0,6.0,92.94,97.31
Niels Zonneveld,Shane McGuirk,2026-07-29,Players Championship,PT,Last 64,6.0,1.0,85.89,77.93
Cristo Reyes,Keane Barry,2026-07-30,European Tour Card Holder Qualifier,Q,Semi Final,6.0,0.0,93.94,78.71
William O&#039;Connor,Jenson Walker,2026-07-29,Players Championship,PT,Last 128,6.0,5.0,90.42,90.55
Martin Schindler,Alan Soutar,2026-07-29,Players Championship,PT,Last 128,6.0,5.0,92.96,95.71
Callan Rydz,Scott Williams,2026-07-29,Players Championship,PT,Last 128,3.0,6.0,86.05,97.92
Andrew Gilding,Michael van Gerwen,2026-07-19,World Matchplay,MJ,Last 32,6.0,10.0,88.54,94.85
Connor Scutt,Tyler Thorpe,2026-07-28,Players Championship,PT,Last 128,4.0,6.0,85.54,91.6
Joe Cullen,Ritchie Edhouse,2026-07-07,Players Championship,PT,Last 128,6.0,5.0,97.38,95.5
Cameron Menzies,Jan Schmidt,2026-07-10,European Tour,ET,Last 48 (Premier),5.0,6.0,94.81,89.17
Niko Springer,Beau Greaves,2026-07-28,Players Championship,PT,Last 16,6.0,3.0,96.29,96.47
Tom Sykes,Raymond van Barneveld,2026-07-29,Players Championship,PT,Last 32,5.0,6.0,87.25,87.71
James Hurrell,Stephen Rosney,2026-07-30,European Tour Card Holder Qualifier,Q,Last 16,6.0,1.0,94.24,82.74
Daryl Gurney,Madars Razma,2026-07-07,Players Championship,PT,Last 128,5.0,6.0,91.11,87.27
Ritchie Edhouse,Cristo Reyes,2026-07-29,Players Championship,PT,Last 32,6.0,3.0,99.4,89.91
Keane Barry,Arno Merk,2026-07-30,European Tour Card Holder Qualifier,Q,Quarter Final,6.0,3.0,99.71,92.3
Beau Greaves,Jane Hawtin,2026-08-23,Women&#039;s Series,0,Last 128,4.0,0.0,84.68,47.3
Ryan Joyce,Mervyn King,2026-07-07,Players Championship,PT,Last 64,5.0,6.0,90.09,90.53
Maik Kuivenhoven,Jurjen van der Velde,2026-07-30,European Tour Card Holder Qualifier,Q,Final,6.0,2.0,94.67,82.49
Dave Chisnall,Wessel Nijman,2026-07-19,World Matchplay,MJ,Last 32,5.0,10.0,94.47,98.63
Adam Leek,Adam Lipscombe,2026-07-08,European Tour Card Holder Qualifier,Q,Final,6.0,4.0,96.42,91.2
Sam Price,Kim Huybrechts,2026-07-10,European Tour,ET,Last 48 (Premier),1.0,6.0,78.74,91.76
Luke Littler,Archie Self,2026-08-25,Players Championship,PT,Last 128,6.0,2.0,93.24,94.3
Luke Littler,Gerwyn Price,2026-07-26,World Matchplay,MJ,Final,18.0,9.0,111.53,104.97
Luke Littler,Dirk van Duijvenbode,2026-07-25,World Matchplay,MJ,Semi Final,17.0,5.0,110.88,92.02
Luke Littler,Josh Rock,2026-07-23,World Matchplay,MJ,Quarter Final,16.0,7.0,109.57,101.24
Luke Littler,Nathan Aspinall,2026-07-21,World Matchplay,MJ,Last 16,11.0,8.0,113.68,101.24
Luke Littler,Niko Springer,2026-07-18,World Matchplay,MJ,Last 32,10.0,6.0,109.53,97.65
Luke Humphries,Gian van Veen,2026-06-26,World Series of Darts,WS,Semi Final,7.0,6.0,101.57,97.24
Luke Humphries,Stephen Bunting,2026-06-26,World Series of Darts,WS,Quarter Final,6.0,3.0,105.7,102.72
Luke Humphries,Leonard Gates,2026-06-25,World Series of Darts,WS,Last 16,6.0,1.0,91.92,77.18
Luke Humphries,Michael van Gerwen,2026-06-06,World Series of Darts,WS,Final,7.0,8.0,98.83,98.9
Luke Humphries,Luke Littler,2026-06-06,World Series of Darts,WS,Semi Final,7.0,5.0,105.42,100.85
Luke Humphries,Gian van Veen,2026-06-06,World Series of Darts,WS,Quarter Final,6.0,5.0,96.39,96.71
Luke Humphries,Jeffrey de Graaf,2026-06-05,World Series of Darts,WS,Last 16,6.0,3.0,109.92,95.84
Chris Dobey,Jimmy van Schie,2026-07-28,Players Championship,PT,Last 64,6.0,2.0,102.65,101.15
Chris Dobey,Maximilian Czerwinski,2026-07-28,Players Championship,PT,Last 128,6.0,1.0,94.55,72.28
Wessel Nijman,Michael Smith,2026-07-29,Players Championship,PT,Last 32,6.0,1.0,93.36,86.94
Wessel Nijman,Stefaan Henderyck,2026-07-29,Players Championship,PT,Last 64,6.0,2.0,102.62,81.42
Wessel Nijman,Pero Ljubić,2026-07-29,Players Championship,PT,Last 128,6.0,2.0,94.39,81.65
Michael van Gerwen,Joe Cullen,2026-07-11,European Tour,ET,Last 32,6.0,2.0,99.61,93.32
Michael van Gerwen,Gabriel Clemens,2026-07-07,Players Championship,PT,Last 64,4.0,6.0,96.28,91.6
Michael van Gerwen,Tom Bissell,2026-07-07,Players Championship,PT,Last 128,6.0,5.0,101.49,104.32
Nathan Aspinall,Rob Cross,2026-06-21,European Tour,ET,Quarter Final,2.0,6.0,96.22,102.75
Nathan Aspinall,Ryan Searle,2026-06-21,European Tour,ET,Last 16,6.0,0.0,108.65,99.85
Dirk van Duijvenbode,Sietse Lap,2026-07-28,Players Championship,PT,Last 128,3.0,6.0,95.24,93.61
Kevin Doets,Andrew Gilding,2026-08-24,World Series Finals Tour Card Qualifier,Q,Semi Final,6.0,3.0,91.15,81.68
Kevin Doets,Ricky Evans,2026-08-24,World Series Finals Tour Card Qualifier,Q,Quarter Final,6.0,5.0,87.02,84.87
Danny Noppert,Jan-Willem van Hout,2026-08-15,Zwaantje Masters,0,Round Robin,4.0,2.0,81.08,71.33
Danny Noppert,Gaelle Dept,2026-08-15,Zwaantje Masters,0,Round Robin,4.0,0.0,70.73,53.93
Danny Noppert,Rob Cross,2026-07-20,World Matchplay,MJ,Last 32,3.0,10.0,91.8,97.41
Danny Noppert,Sebastian Bialecki,2026-07-11,European Tour,ET,Last 32,3.0,6.0,98.26,98.77
Krzysztof Ratajski,Greg Ritchie,2026-08-24,World Series Finals Tour Card Qualifier,Q,Last 16,6.0,0.0,90.18,73.94
Krzysztof Ratajski,Joe Hunt,2026-07-29,Players Championship,PT,Last 128,3.0,6.0,95.69,87.15
Krzysztof Ratajski,Damon Heta,2026-07-28,Players Championship,PT,Last 16,4.0,6.0,93.52,89.53
Krzysztof Ratajski,Alexander Merkx,2026-07-28,Players Championship,PT,Last 32,6.0,4.0,90.15,85.37
Krzysztof Ratajski,Oskar Lukasiak,2026-07-28,Players Championship,PT,Last 64,6.0,4.0,96.97,92.33
Luke Woodhouse,Filip Bereza,2026-08-25,Players Championship,PT,Last 128,6.0,1.0,94.35,87.08
Luke Woodhouse,Robert Owen,2026-08-24,World Series Finals Tour Card Qualifier,Q,Quarter Final,5.0,6.0,92.83,95.62
Luke Woodhouse,Andy Boulton,2026-08-24,World Series Finals Tour Card Qualifier,Q,Last 16,6.0,1.0,96.3,84.87
Luke Woodhouse,Josh Rock,2026-07-18,World Matchplay,MJ,Last 32,4.0,10.0,88.83,90.42
Luke Woodhouse,Jermaine Wattimena,2026-07-12,European Tour,ET,Quarter Final,5.0,6.0,89.49,90.16
Jermaine Wattimena,Leonard Gates,2026-08-15,DPFL Premier Division Playoffs,0,Quarter Final,4.0,1.0,97.03,89.7
Justin Hood,Jeffrey de Graaf,2026-07-30,European Tour Card Holder Qualifier,Q,Semi Final,1.0,6.0,87.73,99.85
Justin Hood,Pero Ljubić,2026-07-30,European Tour Card Holder Qualifier,Q,Quarter Final,6.0,0.0,82.73,73.49
Justin Hood,Dennie Olde Kalter,2026-07-30,European Tour Card Holder Qualifier,Q,Quarter Final,4.0,6.0,91.02,94.26
Justin Hood,Mario Vandenbogaerde,2026-07-29,Players Championship,PT,Semi Final,4.0,7.0,93.86,93.36
Niels Zonneveld,Adam Warner,2026-07-29,Players Championship,PT,Last 128,6.0,3.0,90.78,78.69
Niels Zonneveld,Christian Kist,2026-07-28,Players Championship,PT,Last 64,3.0,6.0,94.5,98.12
Cristo Reyes,Jim Long,2026-07-30,European Tour Card Holder Qualifier,Q,Quarter Final,6.0,1.0,99.17,89.74
Cristo Reyes,Ritchie Edhouse,2026-07-29,Players Championship,PT,Last 32,3.0,6.0,89.91,99.4
Cristo Reyes,Andy Boulton,2026-07-29,Players Championship,PT,Last 64,6.0,0.0,99.1,81.3
William O&#039;Connor,Lewis Pride,2026-07-28,Players Championship,PT,Last 64,3.0,6.0,88.72,89.4
William O&#039;Connor,Arno Merk,2026-07-28,Players Championship,PT,Last 128,6.0,0.0,89.29,78.61
William O&#039;Connor,Ryan Searle,2026-07-19,World Matchplay,MJ,Last 32,6.0,10.0,95.18,94.98
Martin Schindler,Nick Kenny,2026-07-28,Players Championship,PT,Last 128,4.0,6.0,88.42,89.26
Martin Schindler,Gerwyn Price,2026-07-20,World Matchplay,MJ,Last 32,9.0,11.0,90.69,93.88
Martin Schindler,Kevin Doets,2026-07-11,European Tour,ET,Last 32,3.0,6.0,79.12,90.56
Jeffrey de Graaf,Kai Gotthardt,2026-07-30,European Tour Card Holder Qualifier,Q,Quarter Final,6.0,1.0,99.17,86.94
Jeffrey de Graaf,Dominik Gruellich,2026-07-30,European Tour Card Holder Qualifier,Q,Last 16,6.0,2.0,90.9,89.46
Jeffrey de Graaf,Maximilian Czerwinski,2026-07-30,European Tour Card Holder Qualifier,Q,Final,6.0,5.0,87.02,84.35
Jeffrey de Graaf,Ryan Meikle,2026-07-30,European Tour Card Holder Qualifier,Q,Semi Final,6.0,3.0,86.23,79.25
Karel Sedláček,Brendan Dolan,2026-07-30,European Tour Card Holder Qualifier,Q,Final,6.0,0.0,95.94,87.73
Karel Sedláček,Scott Williams,2026-07-30,European Tour Card Holder Qualifier,Q,Semi Final,6.0,4.0,97.24,89.01
Karel Sedláček,Carl Sneyd,2026-07-30,European Tour Card Holder Qualifier,Q,Quarter Final,6.0,2.0,90.55,83.34
Karel Sedláček,Mario Vandenbogaerde,2026-07-30,European Tour Card Holder Qualifier,Q,Last 16,6.0,4.0,91.85,81.43
Callan Rydz,Justin Hood,2026-07-28,Players Championship,PT,Last 128,4.0,6.0,93.85,105.72
Andrew Gilding,Robert Owen,2026-07-10,European Tour,ET,Last 48 (Premier),5.0,6.0,91.68,97.89
Joe Cullen,Jack Tweddell,2026-07-06,Players Championship,PT,Last 64,3.0,6.0,97.32,87.27
Connor Scutt,Madars Razma,2026-07-08,European Tour Card Holder Qualifier,Q,Final,6.0,4.0,93.39,90.04
Connor Scutt,Brendan Dolan,2026-07-08,European Tour Card Holder Qualifier,Q,Semi Final,6.0,3.0,97.27,100.48
Richard Veenstra,Mario Vandenbogaerde,2026-07-29,Players Championship,PT,Last 16,1.0,6.0,91.33,95.37
Richard Veenstra,Martin Schindler,2026-07-29,Players Championship,PT,Last 32,6.0,3.0,94.2,94.07
Richard Veenstra,Marvin van Velzen,2026-07-29,Players Championship,PT,Last 64,6.0,0.0,102.48,80.39
Alan Soutar,Bradley Brooks,2026-07-08,European Tour Card Holder Qualifier,Q,Semi Final,4.0,6.0,90.7,89.32
Cameron Menzies,Owen Bates,2026-07-07,Players Championship,PT,Last 32,5.0,6.0,90.38,88.43
Cameron Menzies,Viktor Tingstrom,2026-07-07,Players Championship,PT,Last 64,6.0,2.0,95.98,93.57
Cameron Menzies,Robert Owen,2026-07-07,Players Championship,PT,Last 128,6.0,3.0,95.87,89.6
James Hurrell,Ricky Evans,2026-07-29,Players Championship,PT,Last 64,3.0,6.0,83.65,84.64
Tom Bissell,Oskar Lukasiak,2026-07-30,European Tour Card Holder Qualifier,Q,Semi Final,6.0,2.0,98.22,83.15
Tom Bissell,Owen Bates,2026-07-30,European Tour Card Holder Qualifier,Q,Quarter Final,6.0,4.0,98.67,92.22
Niko Springer,Joe Hunt,2026-07-28,Players Championship,PT,Last 32,6.0,4.0,92.59,91.66
Kim Huybrechts,Justin Hood,2026-08-24,World Series Finals Tour Card Qualifier,Q,Last 32,3.0,6.0,91.24,92.14
Kim Huybrechts,Andy Baetens,2026-08-15,Zwaantje Masters,0,Final,3.0,2.0,88.4,93.75
Kim Huybrechts,Mike van Duivenbode,2026-08-15,Zwaantje Masters,0,Semi Final,2.0,0.0,79.5,79.4
Kim Huybrechts,Jimmy van Schie,2026-08-15,Zwaantje Masters,0,Quarter Final,6.0,5.0,93.06,94.47
Kim Huybrechts,Mike Verkuijlen,2026-08-15,Zwaantje Masters,0,Last 16,5.0,0.0,93.94,66.72
Daryl Gurney,Kai Gotthardt,2026-07-06,Players Championship,PT,Last 128,5.0,6.0,94.38,96.24
Tom Sykes,Andrew Gilding,2026-07-29,Players Championship,PT,Last 64,6.0,2.0,91.96,78.15
Tom Sykes,Gilbert van der Meijden,2026-07-29,Players Championship,PT,Last 128,6.0,0.0,95.94,82.43
Bradley Brooks,Leon Weber,2026-07-30,European Tour Card Holder Qualifier,Q,Quarter Final,6.0,3.0,101.7,86.06
Bradley Brooks,Stefan Bellmont,2026-07-30,European Tour Card Holder Qualifier,Q,Last 16,6.0,4.0,90.92,82.18
Bradley Brooks,Alan Soutar,2026-07-30,European Tour Card Holder Qualifier,Q,Final,6.0,4.0,95.48,95.9
Mickey Mansell,Mervyn King,2026-07-30,European Tour Card Holder Qualifier,Q,Quarter Final,3.0,6.0,87.96,91.26
Ritchie Edhouse,Ricardo Pietreczko,2026-07-29,Players Championship,PT,Last 64,6.0,2.0,95.54,87.19
Gabriel Clemens,Niall Culleton,2026-07-29,Players Championship,PT,Last 128,6.0,2.0,91.84,79.66
Mike De Decker,Pascal Rupprecht,2026-07-28,Players Championship,PT,Last 128,3.0,6.0,88.17,87.55
Mike De Decker,Jan Schmidt,2026-07-11,European Tour,ET,Last 32,5.0,6.0,78.16,81.86
Mike De Decker,Ryan Meikle,2026-07-08,European Tour Card Holder Qualifier,Q,Quarter Final,1.0,6.0,80.94,94.51
Mike De Decker,Niall Culleton,2026-07-08,European Tour Card Holder Qualifier,Q,Quarter Final,1.0,6.0,87.22,93.46
Mike De Decker,Mickey Mansell,2026-07-07,Players Championship,PT,Last 128,4.0,6.0,91.68,91.61
Mike De Decker,Christian Kist,2026-07-06,Players Championship,PT,Last 16,4.0,6.0,82.2,91.42
Keane Barry,Cristo Reyes,2026-07-30,European Tour Card Holder Qualifier,Q,Semi Final,0.0,6.0,78.71,93.94
Keane Barry,Adam Paxton,2026-07-30,European Tour Card Holder Qualifier,Q,Quarter Final,6.0,0.0,91.09,73.1
Sebastian Bialecki,Bradley Brooks,2026-07-29,Players Championship,PT,Last 16,6.0,0.0,91.09,75.58
Sebastian Bialecki,Viktor Tingstrom,2026-07-29,Players Championship,PT,Last 32,6.0,1.0,91.58,76.92
Sebastian Bialecki,Cor Dekker,2026-07-29,Players Championship,PT,Last 64,6.0,5.0,101.12,97.41
Shane McGuirk,Jeffrey de Graaf,2026-07-28,Players Championship,PT,Last 64,4.0,6.0,91.19,92.59
Shane McGuirk,Charlie Manby,2026-07-28,Players Championship,PT,Last 128,6.0,2.0,91.52,91.98
Shane McGuirk,Connor Scutt,2026-07-08,European Tour Card Holder Qualifier,Q,Quarter Final,5.0,6.0,98.11,99.81
Beau Greaves,Aileen de Graaf,2026-08-23,Women&#039;s Series,0,Final,5.0,0.0,91.65,60.81
Ryan Joyce,Rusty-Jake Rodriguez,2026-07-07,Players Championship,PT,Last 128,6.0,3.0,95.01,84.45
Ryan Joyce,Mario Vandenbogaerde,2026-07-06,Players Championship,PT,Last 64,4.0,6.0,93.02,94.82
Ryan Joyce,Tyler Thorpe,2026-07-06,Players Championship,PT,Last 128,6.0,4.0,92.84,93.51
Ricky Evans,James Hurrell,2026-07-29,Players Championship,PT,Last 64,6.0,3.0,84.64,83.65
Lukas Wenig,Peter Wright,2026-07-08,European Tour Card Holder Qualifier,Q,Semi Final,6.0,1.0,96.67,92.0
Darryl Pilgrim,Oskar Lukasiak,2026-07-29,Players Championship,PT,Last 64,3.0,6.0,89.3,99.8
Michael Smith,Wessel Nijman,2026-07-29,Players Championship,PT,Last 32,1.0,6.0,86.94,93.36
Michael Smith,Cam Crabtree,2026-07-29,Players Championship,PT,Last 64,6.0,1.0,96.31,85.28
Dave Chisnall,Ricky Evans,2026-07-08,European Tour Card Holder Qualifier,Q,Quarter Final,4.0,6.0,91.43,89.35
Charlie Manby,Mikolaj Blaszko,2026-08-02,Development Tour,0,Last 128,4.0,0.0,79.11,62.12
Charlie Manby,Mark Tabak,2026-08-02,Development Tour,0,Last 256,4.0,2.0,84.98,76.38
Maik Kuivenhoven,Stephen Burton,2026-07-30,European Tour Card Holder Qualifier,Q,Semi Final,6.0,1.0,85.4,79.7
Maik Kuivenhoven,Leon Weber,2026-07-30,European Tour Card Holder Qualifier,Q,Quarter Final,6.0,2.0,84.17,79.76
Madars Razma,Connor Scutt,2026-07-08,European Tour Card Holder Qualifier,Q,Final,4.0,6.0,90.04,93.39
Brendan Dolan,Karel Sedláček,2026-07-30,European Tour Card Holder Qualifier,Q,Final,0.0,6.0,87.73,95.94
Brendan Dolan,Connor Scutt,2026-07-30,European Tour Card Holder Qualifier,Q,Semi Final,6.0,4.0,91.22,85.14
Brendan Dolan,Callan Rydz,2026-07-30,European Tour Card Holder Qualifier,Q,Quarter Final,6.0,1.0,96.14,83.11
Brendan Dolan,Benjamin Pratnemer,2026-07-30,European Tour Card Holder Qualifier,Q,Quarter Final,2.0,6.0,91.47,96.13
Brendan Dolan,Mario Vandenbogaerde,2026-07-29,Players Championship,PT,Last 32,2.0,6.0,92.45,97.62
Brendan Dolan,David Sharp,2026-07-29,Players Championship,PT,Last 64,6.0,1.0,102.98,95.08
Brendan Dolan,Tom Bissell,2026-07-29,Players Championship,PT,Last 128,6.0,4.0,88.75,88.06
Alexander Merkx,Jack Tweddell,2026-07-28,Players Championship,PT,Last 128,6.0,3.0,100.26,94.16
Mario Vandenbogaerde,Joe Hunt,2026-07-29,Players Championship,PT,Quarter Final,6.0,5.0,98.68,95.5
Scott Williams,Jeffrey de Graaf,2026-07-28,Players Championship,PT,Last 128,3.0,6.0,92.6,103.13
Scott Williams,Pero Ljubić,2026-07-08,European Tour Card Holder Qualifier,Q,Quarter Final,5.0,6.0,86.51,78.47
Wesley Plaisier,Benjamin Pratnemer,2026-07-30,European Tour Card Holder Qualifier,Q,Quarter Final,6.0,4.0,90.6,82.98
Wesley Plaisier,Jimmy van Schie,2026-07-30,European Tour Card Holder Qualifier,Q,Last 16,6.0,2.0,90.74,85.67
Wesley Plaisier,Robert Owen,2026-07-30,European Tour Card Holder Qualifier,Q,Quarter Final,3.0,6.0,76.46,94.33
Stephen Burton,Maik Kuivenhoven,2026-07-08,European Tour Card Holder Qualifier,Q,Quarter Final,5.0,6.0,90.5,92.34
David Sharp,Brendan Dolan,2026-07-29,Players Championship,PT,Last 64,1.0,6.0,95.08,102.98
David Sharp,Keane Barry,2026-07-29,Players Championship,PT,Last 128,6.0,2.0,90.71,79.94
Jeffrey de Zwaan,James Hurrell,2026-07-08,European Tour Card Holder Qualifier,Q,Quarter Final,3.0,6.0,92.45,91.34
Jeffrey de Zwaan,Thomas Lovely,2026-07-08,European Tour Card Holder Qualifier,Q,Last 16,6.0,5.0,90.05,93.96
Kai Gotthardt,Mensur Suljović,2026-07-08,European Tour Card Holder Qualifier,Q,Quarter Final,3.0,6.0,95.91,94.81
Christian Kist,Maik Kuivenhoven,2026-07-28,Players Championship,PT,Last 32,6.0,3.0,82.96,77.35
Darius Labanauskas,Filip Bereza,2026-07-30,European Tour Card Holder Qualifier,Q,Last 16,6.0,0.0,88.41,85.66
Darius Labanauskas,Cor Dekker,2026-07-30,European Tour Card Holder Qualifier,Q,Last 16,5.0,6.0,85.98,86.17
Adam Lipscombe,Adam Warner,2026-07-08,European Tour Card Holder Qualifier,Q,Quarter Final,6.0,5.0,85.52,82.61
Chris Landman,Chris Dobey,2026-07-29,Players Championship,PT,Last 128,0.0,6.0,82.07,92.97
Dennie Olde Kalter,Justin Hood,2026-07-30,European Tour Card Holder Qualifier,Q,Quarter Final,6.0,4.0,94.26,91.02
Benjamin Pratnemer,Sietse Lap,2026-07-28,Players Championship,PT,Last 32,5.0,6.0,88.84,83.73
Benjamin Pratnemer,Rhys Griffin,2026-07-28,Players Championship,PT,Last 64,6.0,5.0,93.65,93.46
Raymond van Barneveld,David Sharp,2026-07-30,European Tour Card Holder Qualifier,Q,Final,6.0,5.0,88.15,95.09
Raymond van Barneveld,Connor Scutt,2026-07-30,European Tour Card Holder Qualifier,Q,Semi Final,6.0,4.0,88.03,91.13
Ryan Meikle,Ted Evetts,2026-07-28,Players Championship,PT,Last 128,5.0,6.0,94.35,90.42
Cor Dekker,Morten Christiansen,2026-08-08,Nordic Baltic Tour,0,Last 64,6.0,0.0,71.01,38.0
Jimmy van Schie,Kendji Steinbach,2026-08-22,Mariahout Dartshop Tournament,0,Round Robin,3.0,0.0,90.18,78.0
Cam Crabtree,Mike Celio,2026-08-13,CDC Classic,0,Last 64,2.0,0.0,77.08,72.72
Cam Crabtree,Nathan Potter,2026-08-02,Development Tour,0,Last 64,1.0,4.0,88.27,98.17
Ian White,Ross Smith,2026-06-03,Players Championship,PT,Last 32,1.0,6.0,93.0,108.59
Ian White,Raymond van Barneveld,2026-06-03,Players Championship,PT,Last 64,6.0,5.0,89.08,91.42
Mervyn King,Niels Strijbosch,2026-08-15,Zwaantje Masters,0,Round Robin,4.0,0.0,88.41,71.14
Stephen Rosney,Callan Rydz,2026-07-08,European Tour Card Holder Qualifier,Q,Semi Final,4.0,6.0,87.99,93.94
Thibault Tricole,Mervyn King,2026-07-08,European Tour Card Holder Qualifier,Q,Semi Final,6.0,5.0,88.81,88.54
Andy Boulton,Sietse Lap,2026-07-29,Players Championship,PT,Last 128,6.0,4.0,88.69,90.76
Andy Boulton,Christian Kist,2026-07-28,Players Championship,PT,Last 128,4.0,6.0,86.83,90.99
Andy Boulton,Beau Greaves,2026-07-08,European Tour Card Holder Qualifier,Q,Last 16,4.0,6.0,93.75,100.24
Andy Boulton,Rusty-Jake Rodriguez,2026-07-08,European Tour Card Holder Qualifier,Q,Quarter Final,2.0,6.0,90.14,84.93
Adam Gawlas,Benjamin Sienkewitz,2026-08-01,Development Tour,0,Last 256,4.0,1.0,90.18,81.07
Ricardo Pietreczko,Cristo Reyes,2026-07-28,Players Championship,PT,Last 64,4.0,6.0,96.22,99.84
Ricardo Pietreczko,Daniel Ayres,2026-07-28,Players Championship,PT,Last 128,6.0,2.0,105.3,100.77
Ricardo Pietreczko,Cam Crabtree,2026-07-08,European Tour Card Holder Qualifier,Q,Semi Final,3.0,6.0,80.89,83.17
Peter Wright,Jeffrey de Graaf,2026-07-29,Players Championship,PT,Last 64,4.0,6.0,93.74,96.77
Thomas Lovely,Ritchie Edhouse,2026-07-30,European Tour Card Holder Qualifier,Q,Quarter Final,2.0,6.0,79.86,85.35
Thomas Lovely,Marvin van Velzen,2026-07-29,Players Championship,PT,Last 128,3.0,6.0,88.38,92.41
Thomas Lovely,Jermaine Wattimena,2026-07-28,Players Championship,PT,Last 128,2.0,6.0,89.6,90.44
Adam Leek,Mervyn King,2026-07-08,European Tour Card Holder Qualifier,Q,Semi Final,6.0,5.0,93.4,89.25
Owen Bates,Lukas Wenig,2026-08-24,World Series Finals Tour Card Qualifier,Q,Last 16,6.0,2.0,92.4,91.51
Owen Bates,Thibault Tricole,2026-08-24,World Series Finals Tour Card Qualifier,Q,Last 32,6.0,4.0,96.89,92.37
Owen Bates,David Fidler,2026-08-02,Development Tour,0,Last 256,3.0,4.0,83.87,84.38
Owen Bates,Jamai van den Herik,2026-08-01,Development Tour,0,Quarter Final,4.0,5.0,94.73,88.49
Owen Bates,Ethan Bynorth,2026-08-01,Development Tour,0,Last 16,4.0,0.0,85.89,67.05
Tyler Thorpe,Joshua Jones,2026-08-01,Development Tour,0,Last 256,1.0,4.0,66.06,71.38
Arno Merk,Jeffrey Sparidaans,2026-07-08,European Tour Card Holder Qualifier,Q,Quarter Final,6.0,4.0,84.64,80.33
Arno Merk,Jeffrey de Graaf,2026-07-08,European Tour Card Holder Qualifier,Q,Quarter Final,0.0,6.0,89.23,98.02
Jurjen van der Velde,Moritz Weck,2026-08-01,Development Tour,0,Last 512,4.0,0.0,76.1,46.46
Jurjen van der Velde,Ieuan Halsall,2026-08-01,Development Tour,0,Last 16,3.0,4.0,76.68,89.04
Rhys Griffin,Mervyn King,2026-07-08,European Tour Card Holder Qualifier,Q,Quarter Final,1.0,6.0,85.21,95.34
Sietse Lap,Andy Boulton,2026-07-29,Players Championship,PT,Last 128,4.0,6.0,90.76,88.69
Sietse Lap,Max Hopp,2026-07-28,Players Championship,PT,Last 16,0.0,6.0,70.84,92.97
Sietse Lap,Benjamin Pratnemer,2026-07-28,Players Championship,PT,Last 32,6.0,5.0,83.73,88.84
Jim Long,Gian van Veen,2026-07-28,Players Championship,PT,Last 64,6.0,3.0,80.89,78.4
Nick Kenny,Viktor Tingstrom,2026-07-29,Players Championship,PT,Last 64,4.0,6.0,85.31,93.49
Nick Kenny,Adam Lipscombe,2026-07-29,Players Championship,PT,Last 128,6.0,3.0,86.05,82.37
Adam Warner,Adam Gawlas,2026-07-07,Players Championship,PT,Last 128,1.0,6.0,72.83,90.57
Adam Warner,Charlie Manby,2026-07-06,Players Championship,PT,Last 16,3.0,6.0,83.07,95.93
Jeffrey Sparidaans,Arno Merk,2026-07-08,European Tour Card Holder Qualifier,Q,Quarter Final,4.0,6.0,80.33,84.64
Stefan Bellmont,Marvin van Velzen,2026-07-07,Players Championship,PT,Last 128,3.0,6.0,87.74,91.1
Marvin van Velzen,Michael Smith,2026-07-30,European Tour Card Holder Qualifier,Q,Quarter Final,2.0,6.0,84.79,95.34
Dominik Gruellich,Jamai van den Herik,2026-08-01,Development Tour,0,Last 16,2.0,4.0,87.55,87.92
Oskar Lukasiak,Bent Lambertsen,2026-08-09,Nordic Baltic Tour,0,Last 64,6.0,3.0,84.72,81.55
Greg Ritchie,Michael Smith,2026-07-30,European Tour Card Holder Qualifier,Q,Quarter Final,4.0,6.0,84.63,83.51
Greg Ritchie,Mickey Mansell,2026-07-29,Players Championship,PT,Last 128,3.0,6.0,88.14,87.75
Greg Ritchie,Michael Smith,2026-07-28,Players Championship,PT,Last 128,4.0,6.0,84.57,91.57
Greg Ritchie,Tom Sykes,2026-07-08,European Tour Card Holder Qualifier,Q,Final,4.0,6.0,84.33,86.89
Niall Culleton,Robert Owen,2026-07-08,European Tour Card Holder Qualifier,Q,Final,4.0,6.0,90.46,91.26
Yorick Hofkens,Jerko Moerenhout,2026-08-01,Development Tour,0,Last 128,4.0,0.0,79.11,70.21
Leon Weber,Connor Hopkins,2026-08-01,Development Tour,0,Last 256,2.0,4.0,83.48,87.9
Stefaan Henderyck,Keane Barry,2026-07-08,European Tour Card Holder Qualifier,Q,Semi Final,5.0,6.0,86.48,89.63
Marvin Kraft,Kim Huybrechts,2026-07-08,European Tour Card Holder Qualifier,Q,Last 16,5.0,6.0,82.98,93.87
Adam Paxton,Carl Sneyd,2026-07-08,European Tour Card Holder Qualifier,Q,Quarter Final,3.0,6.0,73.8,81.24
Adam Paxton,Adam Lipscombe,2026-07-08,European Tour Card Holder Qualifier,Q,Quarter Final,4.0,6.0,77.55,84.55
Carl Sneyd,Lukas Wenig,2026-07-29,Players Championship,PT,Last 128,6.0,5.0,89.92,86.29
Viktor Tingstrom,Alexander Thorvaldsson,2026-08-08,Nordic Baltic Tour,0,Last 32,6.0,3.0,82.57,72.7
Viktor Tingstrom,Michael Hansen,2026-08-08,Nordic Baltic Tour,0,Last 64,6.0,5.0,85.44,80.79
Sam Price,Benjamin Pratnemer,2026-07-08,European Tour Card Holder Qualifier,Q,Final,6.0,5.0,89.84,90.43
Sam Price,Mario Vandenbogaerde,2026-07-08,European Tour Card Holder Qualifier,Q,Semi Final,6.0,5.0,87.74,88.89
Martin Lukeman,Cam Crabtree,2026-07-08,European Tour Card Holder Qualifier,Q,Quarter Final,6.0,5.0,79.27,84.67
Tytus Kanik,Kevin Doets,2026-07-07,Players Championship,PT,Last 128,3.0,6.0,94.43,100.84
Rusty-Jake Rodriguez,Andy Boulton,2026-07-08,European Tour Card Holder Qualifier,Q,Quarter Final,6.0,2.0,84.93,90.14
Filip Bereza,Ross Smith,2026-07-07,Players Championship,PT,Last 128,2.0,6.0,87.73,103.5
Tavis Dudeney,Stephen Burton,2026-07-07,Players Championship,PT,Last 128,1.0,6.0,69.92,88.94
Luke Littler,Luke Humphries,2026-06-26,World Series of Darts,WS,Final,7.0,8.0,99.5,104.05
Luke Littler,James Wade,2026-06-26,World Series of Darts,WS,Semi Final,7.0,4.0,97.46,100.26
Luke Littler,Jim Long,2026-06-26,World Series of Darts,WS,Quarter Final,6.0,1.0,102.15,89.38
Luke Littler,Dave Cameron,2026-06-25,World Series of Darts,WS,Last 16,6.0,4.0,87.84,80.28
Luke Littler,Luke Humphries,2026-06-06,World Series of Darts,WS,Semi Final,5.0,7.0,100.85,105.42
Luke Humphries,Luke Littler,2026-05-28,Premier League,U,Final,10.0,11.0,105.6,111.67
Chris Dobey,Dirk van Duijvenbode,2026-07-19,World Matchplay,MJ,Last 32,11.0,13.0,97.35,92.78
Chris Dobey,Dirk van Duijvenbode,2026-07-11,European Tour,ET,Last 32,2.0,6.0,95.55,94.65
Chris Dobey,Brendan Dolan,2026-07-07,Players Championship,PT,Quarter Final,5.0,6.0,100.95,102.55
Chris Dobey,Owen Bates,2026-07-07,Players Championship,PT,Last 16,6.0,3.0,91.43,78.17
Michael van Gerwen,Daniel Ayres,2026-07-06,Players Championship,PT,Last 128,5.0,6.0,93.61,93.8
Wessel Nijman,Darryl Pilgrim,2026-07-28,Players Championship,PT,Last 128,3.0,6.0,99.61,90.63
Wessel Nijman,Gian van Veen,2026-07-22,World Matchplay,MJ,Last 16,12.0,14.0,97.44,96.95
Wessel Nijman,Dave Chisnall,2026-07-19,World Matchplay,MJ,Last 32,10.0,5.0,98.63,94.47
Wessel Nijman,Dirk van Duijvenbode,2026-07-12,European Tour,ET,Last 16,3.0,6.0,96.64,91.38
Wessel Nijman,Bradley Brooks,2026-07-11,European Tour,ET,Last 32,6.0,0.0,94.93,86.86
Wessel Nijman,Ryan Meikle,2026-07-07,Players Championship,PT,Last 128,5.0,6.0,95.32,91.52
Kevin Doets,Mario Vandenbogaerde,2026-07-29,Players Championship,PT,Last 64,5.0,6.0,90.93,93.16
Kevin Doets,Mervyn King,2026-07-29,Players Championship,PT,Last 128,6.0,5.0,88.92,84.75
Kevin Doets,Damon Heta,2026-07-28,Players Championship,PT,Quarter Final,2.0,6.0,96.52,105.05
Kevin Doets,Cristo Reyes,2026-07-28,Players Championship,PT,Last 16,6.0,1.0,108.03,96.55
Kevin Doets,Justin Hood,2026-07-28,Players Championship,PT,Last 32,6.0,5.0,108.74,105.44
Kevin Doets,Jurjen van der Velde,2026-07-28,Players Championship,PT,Last 64,6.0,2.0,100.66,80.44
Kevin Doets,Jenson Walker,2026-07-28,Players Championship,PT,Last 128,6.0,0.0,108.65,83.46
Kevin Doets,Ross Smith,2026-07-20,World Matchplay,MJ,Last 32,6.0,10.0,104.19,100.55
Kevin Doets,Sebastian Bialecki,2026-07-12,European Tour,ET,Last 16,4.0,6.0,98.28,102.15
Kevin Doets,Martin Schindler,2026-07-11,European Tour,ET,Last 32,6.0,3.0,90.56,79.12
Nathan Aspinall,Jim Long,2026-06-20,European Tour,ET,Last 32,6.0,4.0,90.99,87.06
Nathan Aspinall,Andy Boulton,2026-06-03,Players Championship,PT,Last 32,4.0,6.0,86.82,92.72
Nathan Aspinall,Beau Greaves,2026-06-03,Players Championship,PT,Last 64,6.0,4.0,91.34,89.01
Dirk van Duijvenbode,Luke Littler,2026-07-25,World Matchplay,MJ,Semi Final,5.0,17.0,92.02,110.88
Dirk van Duijvenbode,Gary Anderson,2026-07-23,World Matchplay,MJ,Quarter Final,16.0,13.0,101.49,101.32
Dirk van Duijvenbode,Michael van Gerwen,2026-07-21,World Matchplay,MJ,Last 16,14.0,12.0,95.93,99.49
Dirk van Duijvenbode,Chris Dobey,2026-07-19,World Matchplay,MJ,Last 32,13.0,11.0,92.78,97.35
Dirk van Duijvenbode,Damon Heta,2026-07-12,European Tour,ET,Quarter Final,2.0,6.0,90.3,96.15
Dirk van Duijvenbode,Wessel Nijman,2026-07-12,European Tour,ET,Last 16,6.0,3.0,91.38,96.64
Dirk van Duijvenbode,Chris Dobey,2026-07-11,European Tour,ET,Last 32,6.0,2.0,94.65,95.55
Dirk van Duijvenbode,Jaimy van de Weerd,2026-07-10,European Tour,ET,Last 48 (Premier),6.0,3.0,89.35,87.59
Rob Cross,Max Hopp,2026-07-10,European Tour,ET,Last 48 (Premier),3.0,6.0,93.3,95.34
Rob Cross,Danny Noppert,2026-07-07,Players Championship,PT,Last 16,4.0,6.0,100.01,96.63
Rob Cross,Joe Cullen,2026-07-07,Players Championship,PT,Last 32,6.0,5.0,96.25,96.76
Rob Cross,Adam Gawlas,2026-07-07,Players Championship,PT,Last 64,6.0,2.0,98.22,93.24
Rob Cross,Leon Weber,2026-07-07,Players Championship,PT,Last 128,6.0,0.0,96.97,81.93
Rob Cross,Wesley Plaisier,2026-07-06,Players Championship,PT,Last 32,2.0,6.0,98.18,100.35
Rob Cross,Max Hopp,2026-07-06,Players Championship,PT,Last 64,6.0,4.0,94.84,93.14
Rob Cross,Keane Barry,2026-07-06,Players Championship,PT,Last 128,6.0,2.0,103.99,91.77
Ryan Searle,Nathan Aspinall,2026-06-21,European Tour,ET,Last 16,0.0,6.0,99.85,108.65
Ryan Searle,Kim Huybrechts,2026-06-20,European Tour,ET,Last 32,6.0,3.0,89.78,83.21
Ryan Searle,Maik Kuivenhoven,2026-06-17,Players Championship,PT,Last 16,3.0,6.0,100.41,97.85
Ryan Searle,Greg Ritchie,2026-06-17,Players Championship,PT,Last 32,6.0,2.0,102.11,92.5
Danny Noppert,Luke Woodhouse,2026-07-07,Players Championship,PT,Quarter Final,0.0,6.0,88.67,101.33
Krzysztof Ratajski,Adam Lipscombe,2026-07-28,Players Championship,PT,Last 128,6.0,4.0,97.47,90.34
Krzysztof Ratajski,Gian van Veen,2026-07-19,World Matchplay,MJ,Last 32,6.0,10.0,95.55,93.55
Krzysztof Ratajski,Jermaine Wattimena,2026-07-12,European Tour,ET,Final,8.0,6.0,92.43,86.73
Krzysztof Ratajski,Sebastian Bialecki,2026-07-12,European Tour,ET,Semi Final,7.0,5.0,100.4,94.57
Krzysztof Ratajski,Nathan Aspinall,2026-07-12,European Tour,ET,Quarter Final,6.0,4.0,92.59,89.87
Krzysztof Ratajski,Gian van Veen,2026-07-12,European Tour,ET,Last 16,6.0,3.0,91.8,88.91
Luke Woodhouse,Jonny Clayton,2026-07-12,European Tour,ET,Last 16,6.0,5.0,98.29,93.76
Luke Woodhouse,Dragutin Horvat,2026-07-11,European Tour,ET,Last 32,6.0,0.0,91.09,75.75
Luke Woodhouse,Gabriel Clemens,2026-07-07,Players Championship,PT,Final,6.0,8.0,96.0,94.53
Luke Woodhouse,Gian van Veen,2026-07-07,Players Championship,PT,Semi Final,7.0,5.0,86.08,83.37
Luke Woodhouse,Danny Noppert,2026-07-07,Players Championship,PT,Quarter Final,6.0,0.0,101.33,88.67
Luke Woodhouse,Justin Hood,2026-07-07,Players Championship,PT,Last 16,6.0,3.0,87.69,87.31
Luke Woodhouse,Cam Crabtree,2026-07-07,Players Championship,PT,Last 32,6.0,3.0,92.91,89.36
Luke Woodhouse,Raymond van Barneveld,2026-07-07,Players Championship,PT,Last 64,6.0,3.0,90.69,90.77
Niels Zonneveld,Ricky Evans,2026-07-28,Players Championship,PT,Last 128,6.0,4.0,97.04,93.36
Niels Zonneveld,Stephen Bunting,2026-07-18,World Matchplay,MJ,Last 32,12.0,13.0,91.29,94.49
Niels Zonneveld,Ross Smith,2026-07-11,European Tour,ET,Last 32,1.0,6.0,85.89,100.24
Niels Zonneveld,Daniel Klose,2026-07-10,European Tour,ET,Last 48 (Premier),6.0,2.0,98.54,98.78
Niels Zonneveld,Connor Scutt,2026-07-07,Players Championship,PT,Last 32,3.0,6.0,87.77,96.89
Jermaine Wattimena,John Schaumann,2026-08-15,DPFL Premier Division Playoffs,0,Last 16,4.0,1.0,79.5,77.84
Jermaine Wattimena,Cam Crabtree,2026-08-13,CDC Classic,0,Final,3.0,2.0,94.26,90.31
Jermaine Wattimena,Stuart Dutton,2026-08-13,CDC Classic,0,Semi Final,3.0,1.0,85.54,81.27
Jermaine Wattimena,Fred Krueger,2026-08-13,CDC Classic,0,Quarter Final,2.0,0.0,94.48,96.03
Jermaine Wattimena,Joey Lynaugh,2026-08-13,CDC Classic,0,Last 16,2.0,1.0,92.85,87.15
Jermaine Wattimena,David Fatum,2026-08-13,CDC Classic,0,Last 32,2.0,0.0,89.74,80.35
Jermaine Wattimena,Johnny Kuczynski,2026-08-13,CDC Classic,0,Last 64,2.0,0.0,80.16,65.0
Justin Hood,Karel Sedláček,2026-07-29,Players Championship,PT,Quarter Final,6.0,2.0,101.59,96.97
Justin Hood,William O&#039;Connor,2026-07-29,Players Championship,PT,Last 16,6.0,4.0,87.53,87.13
Justin Hood,Henry Coates,2026-07-29,Players Championship,PT,Last 32,6.0,1.0,90.44,88.26
Justin Hood,Niko Springer,2026-07-29,Players Championship,PT,Last 64,6.0,2.0,89.64,87.13
Justin Hood,Martijn Dragt,2026-07-29,Players Championship,PT,Last 128,6.0,3.0,87.71,78.16
Justin Hood,Kevin Doets,2026-07-28,Players Championship,PT,Last 32,5.0,6.0,105.44,108.74
Cristo Reyes,Tavis Dudeney,2026-07-29,Players Championship,PT,Last 128,6.0,0.0,92.02,80.16
Cristo Reyes,Kevin Doets,2026-07-28,Players Championship,PT,Last 16,1.0,6.0,96.55,108.03
William O&#039;Connor,Sebastian Bialecki,2026-07-10,European Tour,ET,Last 48 (Premier),5.0,6.0,84.93,86.17
William O&#039;Connor,Owen Bates,2026-07-07,Players Championship,PT,Last 64,5.0,6.0,86.83,90.27
William O&#039;Connor,Pero Ljubić,2026-07-07,Players Championship,PT,Last 128,6.0,1.0,86.87,75.25
Martin Schindler,Connor Scutt,2026-07-07,Players Championship,PT,Last 128,4.0,6.0,97.01,98.9
Martin Schindler,Rhys Griffin,2026-07-06,Players Championship,PT,Last 128,4.0,6.0,89.57,83.89
Martin Schindler,Tom Sykes,2026-06-20,European Tour,ET,Last 32,5.0,6.0,90.73,94.6
Martin Schindler,Gian van Veen,2026-06-17,Players Championship,PT,Last 32,5.0,6.0,108.19,103.6
Jeffrey de Graaf,Dominik Gruellich,2026-07-30,European Tour Card Holder Qualifier,Q,Quarter Final,6.0,4.0,93.91,89.81
Jeffrey de Graaf,Karel Sedláček,2026-07-29,Players Championship,PT,Last 32,1.0,6.0,75.19,92.68
Jeffrey de Graaf,Peter Wright,2026-07-29,Players Championship,PT,Last 64,6.0,4.0,96.77,93.74
Jeffrey de Graaf,Christopher Wickenden,2026-07-29,Players Championship,PT,Last 128,6.0,1.0,91.61,90.35
Andrew Gilding,Madars Razma,2026-07-07,Players Championship,PT,Last 32,5.0,6.0,91.81,91.9
Andrew Gilding,Benjamin Pratnemer,2026-07-07,Players Championship,PT,Last 64,6.0,3.0,91.83,84.0
Andrew Gilding,Ricardo Pietreczko,2026-07-07,Players Championship,PT,Last 128,6.0,4.0,90.82,85.13
Andrew Gilding,Tom Sykes,2026-07-06,Players Championship,PT,Last 128,0.0,6.0,89.79,96.97
Joe Cullen,Connor Scutt,2026-07-06,Players Championship,PT,Last 128,6.0,4.0,100.1,100.04
Joe Cullen,Ross Smith,2026-06-20,European Tour,ET,Last 32,5.0,6.0,96.63,92.03
Joe Cullen,Peter Kelemen,2026-06-19,European Tour,ET,Last 48 (Premier),6.0,3.0,92.83,86.64
Callan Rydz,James Hurrell,2026-07-08,European Tour Card Holder Qualifier,Q,Final,4.0,6.0,91.72,92.41
Callan Rydz,Thibault Tricole,2026-07-08,European Tour Card Holder Qualifier,Q,Semi Final,6.0,2.0,85.59,79.85
Callan Rydz,Marvin van Velzen,2026-07-08,European Tour Card Holder Qualifier,Q,Quarter Final,6.0,2.0,90.16,80.82
Callan Rydz,David Sharp,2026-07-08,European Tour Card Holder Qualifier,Q,Final,6.0,4.0,101.7,91.16
Callan Rydz,Stephen Rosney,2026-07-08,European Tour Card Holder Qualifier,Q,Semi Final,6.0,4.0,93.94,87.99
Callan Rydz,Tom Bissell,2026-07-08,European Tour Card Holder Qualifier,Q,Quarter Final,6.0,4.0,89.21,97.37
Callan Rydz,Tom Sykes,2026-07-07,Players Championship,PT,Last 128,1.0,6.0,78.06,94.64
Karel Sedláček,Mensur Suljović,2026-07-30,European Tour Card Holder Qualifier,Q,Final,2.0,6.0,88.24,94.45
Karel Sedláček,Ritchie Edhouse,2026-07-30,European Tour Card Holder Qualifier,Q,Semi Final,6.0,4.0,96.53,88.96
Karel Sedláček,Adam Leek,2026-07-30,European Tour Card Holder Qualifier,Q,Quarter Final,6.0,2.0,98.57,84.93
Karel Sedláček,Justin Hood,2026-07-29,Players Championship,PT,Quarter Final,2.0,6.0,96.97,101.59
Karel Sedláček,Wessel Nijman,2026-07-29,Players Championship,PT,Last 16,6.0,0.0,94.93,84.8
Karel Sedláček,Jeffrey de Graaf,2026-07-29,Players Championship,PT,Last 32,6.0,1.0,92.68,75.19
Connor Scutt,Shane McGuirk,2026-07-08,European Tour Card Holder Qualifier,Q,Quarter Final,6.0,5.0,99.81,98.11
Richard Veenstra,Adam Leek,2026-07-29,Players Championship,PT,Last 128,6.0,3.0,93.15,81.72
Richard Veenstra,Damon Heta,2026-07-28,Players Championship,PT,Last 32,3.0,6.0,96.56,99.23
Richard Veenstra,Niall Culleton,2026-07-28,Players Championship,PT,Last 64,6.0,3.0,89.24,83.73
Richard Veenstra,Martin Lukeman,2026-07-28,Players Championship,PT,Last 128,6.0,2.0,82.57,75.88
James Hurrell,Dirk van Duijvenbode,2026-07-29,Players Championship,PT,Last 128,6.0,5.0,100.83,98.62
James Hurrell,Niko Springer,2026-07-28,Players Championship,PT,Quarter Final,0.0,6.0,79.86,80.52
James Hurrell,Darryl Pilgrim,2026-07-28,Players Championship,PT,Last 16,6.0,4.0,85.25,81.97
James Hurrell,Dave Chisnall,2026-07-28,Players Championship,PT,Last 32,6.0,4.0,102.31,97.84
James Hurrell,Kim Huybrechts,2026-07-28,Players Championship,PT,Last 64,6.0,5.0,84.87,92.81
Alan Soutar,Darius Labanauskas,2026-07-08,European Tour Card Holder Qualifier,Q,Quarter Final,6.0,3.0,93.13,88.39
Alan Soutar,Nathan Potter,2026-07-07,Players Championship,PT,Last 128,5.0,6.0,88.55,84.99
Cameron Menzies,Cristo Reyes,2026-07-06,Players Championship,PT,Final,8.0,5.0,95.55,94.78
Cameron Menzies,Dave Chisnall,2026-07-06,Players Championship,PT,Semi Final,7.0,5.0,94.55,98.23
Cameron Menzies,Charlie Manby,2026-07-06,Players Championship,PT,Quarter Final,6.0,2.0,96.18,90.86
Cameron Menzies,Josh Rock,2026-07-06,Players Championship,PT,Last 16,6.0,3.0,97.54,93.52
Cameron Menzies,Cor Dekker,2026-07-06,Players Championship,PT,Last 32,6.0,0.0,92.02,82.78
Niko Springer,Marvin Kraft,2026-07-28,Players Championship,PT,Last 64,6.0,5.0,83.62,89.35
Niko Springer,Cam Crabtree,2026-07-28,Players Championship,PT,Last 128,6.0,4.0,86.01,81.43
Niko Springer,Luke Littler,2026-07-18,World Matchplay,MJ,Last 32,6.0,10.0,97.65,109.53
Niko Springer,Gian van Veen,2026-07-11,European Tour,ET,Last 32,3.0,6.0,102.84,101.59
Daryl Gurney,Jim Long,2026-06-19,European Tour,ET,Last 48 (Premier),1.0,6.0,89.33,96.31
Daryl Gurney,Viktor Tingstrom,2026-06-17,Players Championship,PT,Last 64,1.0,6.0,89.14,94.0
Daryl Gurney,Rusty-Jake Rodriguez,2026-06-17,Players Championship,PT,Last 128,6.0,2.0,99.93,80.07
Daryl Gurney,Callan Rydz,2026-06-16,Players Championship,PT,Last 128,5.0,6.0,93.91,92.51
Daryl Gurney,Krzysztof Ratajski,2026-06-03,Players Championship,PT,Last 32,3.0,6.0,91.09,100.32
Daryl Gurney,Nathan Potter,2026-06-03,Players Championship,PT,Last 64,6.0,5.0,96.38,94.05
Daryl Gurney,Gabriel Clemens,2026-06-03,Players Championship,PT,Last 128,6.0,4.0,103.13,100.59
Tom Bissell,Brendan Dolan,2026-07-29,Players Championship,PT,Last 128,4.0,6.0,88.06,88.75
Tom Bissell,Bradley Brooks,2026-07-28,Players Championship,PT,Last 64,2.0,6.0,99.55,99.19
Tom Bissell,Adam Gawlas,2026-07-28,Players Championship,PT,Last 128,6.0,2.0,97.88,83.4
Tom Bissell,Beau Greaves,2026-07-08,European Tour Card Holder Qualifier,Q,Final,4.0,6.0,99.98,103.03
Kim Huybrechts,Willem Mandigers,2026-08-15,Zwaantje Masters,0,Round Robin,4.0,2.0,85.63,77.45
Kim Huybrechts,Tim van Rijsingen,2026-08-15,Zwaantje Masters,0,Round Robin,4.0,1.0,98.32,75.96
Kim Huybrechts,Rowan Pluym-Hommersom,2026-08-15,Zwaantje Masters,0,Round Robin,4.0,0.0,92.49,44.85
Kim Huybrechts,Terry Jenkins,2026-08-15,Zwaantje Masters,0,Round Robin,4.0,1.0,93.0,77.92
Kim Huybrechts,Kevin van Hove Speltincx,2026-08-15,Zwaantje Masters,0,Round Robin,4.0,0.0,69.1,57.14
Kim Huybrechts,Bradley Brooks,2026-07-30,European Tour Card Holder Qualifier,Q,Final,1.0,6.0,84.24,98.28
Tom Sykes,Gian van Veen,2026-07-28,Players Championship,PT,Last 128,3.0,6.0,102.48,105.69
Tom Sykes,Greg Ritchie,2026-07-08,European Tour Card Holder Qualifier,Q,Final,6.0,4.0,86.89,84.33
Tom Sykes,Pero Ljubić,2026-07-08,European Tour Card Holder Qualifier,Q,Semi Final,6.0,4.0,89.52,72.91
Tom Sykes,Peter Wright,2026-07-08,European Tour Card Holder Qualifier,Q,Quarter Final,6.0,0.0,104.86,87.61
Tom Sykes,Connor Scutt,2026-07-08,European Tour Card Holder Qualifier,Q,Semi Final,5.0,6.0,102.29,102.94
Mike De Decker,Krzysztof Ratajski,2026-07-06,Players Championship,PT,Last 32,6.0,5.0,93.46,93.18
Mike De Decker,Rhys Griffin,2026-07-06,Players Championship,PT,Last 64,6.0,3.0,95.74,82.79
Ritchie Edhouse,Kim Huybrechts,2026-07-29,Players Championship,PT,Last 128,6.0,5.0,97.73,98.3
Ritchie Edhouse,Robert Owen,2026-07-28,Players Championship,PT,Last 128,2.0,6.0,85.77,95.52
Ritchie Edhouse,Sebastian Bialecki,2026-07-08,European Tour Card Holder Qualifier,Q,Final,6.0,4.0,99.94,96.3
Bradley Brooks,Viktor Tingstrom,2026-07-30,European Tour Card Holder Qualifier,Q,Semi Final,6.0,1.0,99.63,84.12
Bradley Brooks,Mike De Decker,2026-07-30,European Tour Card Holder Qualifier,Q,Quarter Final,6.0,3.0,92.31,84.45
Bradley Brooks,Sebastian Bialecki,2026-07-29,Players Championship,PT,Last 16,0.0,6.0,75.58,91.09
Bradley Brooks,Chris Dobey,2026-07-29,Players Championship,PT,Last 32,6.0,3.0,108.86,107.28
Bradley Brooks,Jurjen van der Velde,2026-07-29,Players Championship,PT,Last 64,6.0,3.0,98.29,81.47
Gabriel Clemens,Rhys Griffin,2026-07-28,Players Championship,PT,Last 128,4.0,6.0,84.76,83.76
Gabriel Clemens,Benjamin Pratnemer,2026-07-08,European Tour Card Holder Qualifier,Q,Quarter Final,5.0,6.0,90.34,91.37
Gabriel Clemens,Max Hopp,2026-07-08,European Tour Card Holder Qualifier,Q,Semi Final,3.0,6.0,91.78,93.02
Gabriel Clemens,Richard Veenstra,2026-07-08,European Tour Card Holder Qualifier,Q,Quarter Final,6.0,3.0,98.75,95.48
Mickey Mansell,Gian van Veen,2026-07-29,Players Championship,PT,Last 32,4.0,6.0,95.56,91.09
Mickey Mansell,Maximilian Czerwinski,2026-07-29,Players Championship,PT,Last 64,6.0,1.0,95.86,77.24
Mickey Mansell,Greg Ritchie,2026-07-29,Players Championship,PT,Last 128,6.0,3.0,87.75,88.14
Mickey Mansell,Jim Long,2026-07-28,Players Championship,PT,Last 32,1.0,6.0,76.13,78.45
Mickey Mansell,Raymond van Barneveld,2026-07-28,Players Championship,PT,Last 64,6.0,1.0,98.12,88.15
Mickey Mansell,Stephen Burton,2026-07-28,Players Championship,PT,Last 128,6.0,3.0,93.6,89.85
Sebastian Bialecki,Dennie Olde Kalter,2026-07-29,Players Championship,PT,Last 128,6.0,5.0,100.52,96.1
Sebastian Bialecki,Stefaan Henderyck,2026-07-28,Players Championship,PT,Last 128,5.0,6.0,89.21,86.85
Sebastian Bialecki,Krzysztof Ratajski,2026-07-12,European Tour,ET,Semi Final,5.0,7.0,94.57,100.4
Sebastian Bialecki,James Wade,2026-07-12,European Tour,ET,Quarter Final,6.0,2.0,96.93,86.71
Beau Greaves,Karolina Ratajska,2026-08-23,Women&#039;s Series,0,Semi Final,5.0,1.0,89.2,81.41
Beau Greaves,Angela Kirkwood,2026-08-23,Women&#039;s Series,0,Quarter Final,5.0,0.0,75.15,72.56
Shane McGuirk,Kim Huybrechts,2026-07-08,European Tour Card Holder Qualifier,Q,Semi Final,2.0,6.0,88.58,98.65
Shane McGuirk,Justin Hood,2026-07-08,European Tour Card Holder Qualifier,Q,Quarter Final,6.0,3.0,92.47,97.68
Keane Barry,Adam Lipscombe,2026-07-30,European Tour Card Holder Qualifier,Q,Last 16,6.0,5.0,93.55,91.6
Keane Barry,David Sharp,2026-07-29,Players Championship,PT,Last 128,2.0,6.0,79.94,90.71
Keane Barry,Raymond van Barneveld,2026-07-28,Players Championship,PT,Last 128,5.0,6.0,92.38,94.81
Keane Barry,Ryan Meikle,2026-07-08,European Tour Card Holder Qualifier,Q,Final,6.0,5.0,90.77,86.31
Keane Barry,Stefaan Henderyck,2026-07-08,European Tour Card Holder Qualifier,Q,Semi Final,6.0,5.0,89.63,86.48
Keane Barry,Stephen Rosney,2026-07-08,European Tour Card Holder Qualifier,Q,Quarter Final,6.0,4.0,89.93,84.48
Ryan Joyce,Mike De Decker,2026-06-21,European Tour,ET,Last 16,5.0,6.0,90.36,93.07
Ryan Joyce,Jonny Clayton,2026-06-20,European Tour,ET,Last 32,6.0,5.0,95.41,94.66
Ricky Evans,Florian Preis,2026-07-29,Players Championship,PT,Last 128,6.0,2.0,88.61,81.79
Ricky Evans,Niels Zonneveld,2026-07-28,Players Championship,PT,Last 128,4.0,6.0,93.36,97.04
Ricky Evans,Adam Lipscombe,2026-07-08,European Tour Card Holder Qualifier,Q,Semi Final,1.0,6.0,87.09,92.04
Ricky Evans,Martin Lukeman,2026-07-08,European Tour Card Holder Qualifier,Q,Quarter Final,6.0,3.0,94.31,84.93
Lukas Wenig,Chris Landman,2026-07-08,European Tour Card Holder Qualifier,Q,Quarter Final,6.0,5.0,89.35,80.41
Lukas Wenig,Danny Noppert,2026-07-07,Players Championship,PT,Last 128,4.0,6.0,92.61,97.23
Darryl Pilgrim,Maik Kuivenhoven,2026-07-29,Players Championship,PT,Last 128,6.0,5.0,89.79,90.48
Darryl Pilgrim,James Hurrell,2026-07-28,Players Championship,PT,Last 16,4.0,6.0,81.97,85.25
Darryl Pilgrim,Robert Owen,2026-07-28,Players Championship,PT,Last 32,6.0,4.0,87.08,94.74
Darryl Pilgrim,Michael Smith,2026-07-28,Players Championship,PT,Last 64,6.0,2.0,95.16,76.48
Darryl Pilgrim,Wessel Nijman,2026-07-28,Players Championship,PT,Last 128,6.0,3.0,90.63,99.61
Michael Smith,Radoslaw Szaganski,2026-07-29,Players Championship,PT,Last 128,6.0,3.0,87.21,86.61
Michael Smith,Darryl Pilgrim,2026-07-28,Players Championship,PT,Last 64,2.0,6.0,76.48,95.16
Michael Smith,Greg Ritchie,2026-07-28,Players Championship,PT,Last 128,6.0,4.0,91.57,84.57
Dave Chisnall,Scott Williams,2026-07-07,Players Championship,PT,Last 64,2.0,6.0,95.21,93.8
Dave Chisnall,Greg Ritchie,2026-07-07,Players Championship,PT,Last 128,6.0,4.0,79.1,74.98
Dave Chisnall,Cameron Menzies,2026-07-06,Players Championship,PT,Semi Final,5.0,7.0,98.23,94.55
Charlie Manby,Sam Jackson,2026-08-01,Development Tour,0,Quarter Final,1.0,5.0,82.22,100.65
Charlie Manby,James Buckby,2026-08-01,Development Tour,0,Last 16,4.0,3.0,86.37,83.2
Charlie Manby,Thomas Banks,2026-08-01,Development Tour,0,Last 32,4.0,3.0,68.19,68.08
Charlie Manby,Ben Townley,2026-08-01,Development Tour,0,Last 64,4.0,0.0,85.89,72.35
Charlie Manby,Ben Mulvey,2026-08-01,Development Tour,0,Last 128,4.0,1.0,103.39,84.13
Charlie Manby,Tido Barkhoff,2026-08-01,Development Tour,0,Last 256,4.0,0.0,80.16,64.04
Maik Kuivenhoven,Darryl Pilgrim,2026-07-29,Players Championship,PT,Last 128,5.0,6.0,90.48,89.79
Maik Kuivenhoven,Christian Kist,2026-07-28,Players Championship,PT,Last 32,3.0,6.0,77.35,82.96
Maik Kuivenhoven,Christopher Wickenden,2026-07-28,Players Championship,PT,Last 64,6.0,5.0,85.42,82.77
Maik Kuivenhoven,Yorick Hofkens,2026-07-28,Players Championship,PT,Last 128,6.0,1.0,107.23,93.88
Maik Kuivenhoven,James Wade,2026-07-11,European Tour,ET,Last 32,4.0,6.0,88.1,89.58
Maik Kuivenhoven,Daryl Gurney,2026-07-10,European Tour,ET,Last 48 (Premier),6.0,3.0,93.49,85.98
Scott Williams,Peter Wright,2026-07-08,European Tour Card Holder Qualifier,Q,Quarter Final,3.0,6.0,93.47,95.98
Scott Williams,Gabriel Clemens,2026-07-07,Players Championship,PT,Last 16,5.0,6.0,94.48,94.17
Madars Razma,Alexander Merkx,2026-07-08,European Tour Card Holder Qualifier,Q,Semi Final,6.0,4.0,89.96,88.97
Madars Razma,Darius Labanauskas,2026-07-08,European Tour Card Holder Qualifier,Q,Quarter Final,6.0,5.0,93.16,84.58
Madars Razma,Alexander Merkx,2026-07-08,European Tour Card Holder Qualifier,Q,Semi Final,1.0,6.0,79.15,88.12
Wesley Plaisier,Mensur Suljović,2026-07-29,Players Championship,PT,Last 64,5.0,6.0,82.73,91.89
Wesley Plaisier,Matthias Ehlers,2026-07-29,Players Championship,PT,Last 128,6.0,1.0,94.96,89.26
Wesley Plaisier,Beau Greaves,2026-07-28,Players Championship,PT,Last 64,2.0,6.0,86.34,93.68
Wesley Plaisier,Harry Ward,2026-07-28,Players Championship,PT,Last 128,6.0,5.0,87.75,87.1
Wesley Plaisier,Ritchie Edhouse,2026-07-08,European Tour Card Holder Qualifier,Q,Quarter Final,5.0,6.0,93.79,95.25
Alexander Merkx,Madars Razma,2026-07-08,European Tour Card Holder Qualifier,Q,Semi Final,4.0,6.0,88.97,89.96
Alexander Merkx,Adam Gawlas,2026-07-08,European Tour Card Holder Qualifier,Q,Quarter Final,6.0,2.0,98.04,93.67
Alexander Merkx,Keane Barry,2026-07-08,European Tour Card Holder Qualifier,Q,Final,4.0,6.0,91.98,94.97
Brendan Dolan,Jeffrey de Graaf,2026-07-28,Players Championship,PT,Last 16,5.0,6.0,93.27,95.53
Brendan Dolan,Chris Dobey,2026-07-28,Players Championship,PT,Last 32,6.0,5.0,91.9,96.66
Brendan Dolan,Gilbert van der Meijden,2026-07-28,Players Championship,PT,Last 64,6.0,2.0,94.44,85.04
Jeffrey de Zwaan,David Sharp,2026-07-08,European Tour Card Holder Qualifier,Q,Quarter Final,5.0,6.0,75.67,82.36
Jeffrey de Zwaan,Gian van Veen,2026-07-07,Players Championship,PT,Last 16,3.0,6.0,81.38,87.26
Jeffrey de Zwaan,Ross Smith,2026-07-07,Players Championship,PT,Last 32,6.0,1.0,104.01,92.3
Stephen Burton,Mensur Suljović,2026-07-08,European Tour Card Holder Qualifier,Q,Final,6.0,2.0,96.52,94.53
Mario Vandenbogaerde,Richard Veenstra,2026-07-29,Players Championship,PT,Last 16,6.0,1.0,95.37,91.33
Mario Vandenbogaerde,Brendan Dolan,2026-07-29,Players Championship,PT,Last 32,6.0,2.0,97.62,92.45
Mario Vandenbogaerde,Kevin Doets,2026-07-29,Players Championship,PT,Last 64,6.0,5.0,93.16,90.93
David Sharp,Cristo Reyes,2026-07-28,Players Championship,PT,Last 32,2.0,6.0,86.82,88.26
David Sharp,Nick Kenny,2026-07-28,Players Championship,PT,Last 64,6.0,3.0,87.8,89.5
David Sharp,Scott Waites,2026-07-28,Players Championship,PT,Last 128,6.0,0.0,96.97,84.06
Kai Gotthardt,Jimmy van Schie,2026-07-07,Players Championship,PT,Last 128,3.0,6.0,85.82,81.18
Kai Gotthardt,Yorick Hofkens,2026-07-06,Players Championship,PT,Last 64,4.0,6.0,94.04,98.0
Christian Kist,Niels Zonneveld,2026-07-28,Players Championship,PT,Last 64,6.0,3.0,98.12,94.5
Christian Kist,Andy Boulton,2026-07-28,Players Championship,PT,Last 128,6.0,4.0,90.99,86.83
Christian Kist,Alan Soutar,2026-07-08,European Tour Card Holder Qualifier,Q,Quarter Final,3.0,6.0,78.83,85.17
Darius Labanauskas,Henry Coates,2026-07-29,Players Championship,PT,Last 64,3.0,6.0,95.59,105.79
Darius Labanauskas,Rusty-Jake Rodriguez,2026-07-29,Players Championship,PT,Last 128,6.0,1.0,88.88,87.29
Darius Labanauskas,Michael van Gerwen,2026-07-28,Players Championship,PT,Last 64,3.0,6.0,87.62,95.4
Raymond van Barneveld,Arno Merk,2026-07-30,European Tour Card Holder Qualifier,Q,Quarter Final,6.0,3.0,92.05,84.86
Raymond van Barneveld,Damon Heta,2026-07-29,Players Championship,PT,Last 16,2.0,6.0,83.57,96.34
Raymond van Barneveld,Tom Sykes,2026-07-29,Players Championship,PT,Last 32,6.0,5.0,87.71,87.25
Raymond van Barneveld,Ryan Meikle,2026-07-29,Players Championship,PT,Last 64,6.0,2.0,89.4,84.88
Raymond van Barneveld,Ben Townley,2026-07-29,Players Championship,PT,Last 128,6.0,2.0,96.87,87.48
Chris Landman,Beau Greaves,2026-07-28,Players Championship,PT,Last 128,2.0,6.0,86.57,99.95
Chris Landman,Greg Ritchie,2026-07-08,European Tour Card Holder Qualifier,Q,Semi Final,4.0,6.0,88.49,82.26
Chris Landman,Jeffrey de Graaf,2026-07-08,European Tour Card Holder Qualifier,Q,Quarter Final,6.0,4.0,90.29,90.99
Adam Lipscombe,Stephen Burton,2026-07-08,European Tour Card Holder Qualifier,Q,Semi Final,5.0,6.0,80.97,85.59
Adam Lipscombe,Adam Paxton,2026-07-08,European Tour Card Holder Qualifier,Q,Quarter Final,6.0,4.0,84.55,77.55
Adam Lipscombe,Mickey Mansell,2026-07-08,European Tour Card Holder Qualifier,Q,Last 16,6.0,5.0,87.05,87.68
Dennie Olde Kalter,Sebastian Bialecki,2026-07-29,Players Championship,PT,Last 128,5.0,6.0,96.1,100.52
Dennie Olde Kalter,Damon Heta,2026-07-28,Players Championship,PT,Last 128,3.0,6.0,79.93,98.82
Benjamin Pratnemer,Rusty-Jake Rodriguez,2026-07-28,Players Championship,PT,Last 128,6.0,3.0,95.38,92.38
Benjamin Pratnemer,Sam Price,2026-07-08,European Tour Card Holder Qualifier,Q,Final,5.0,6.0,90.43,89.84
Benjamin Pratnemer,Dennie Olde Kalter,2026-07-08,European Tour Card Holder Qualifier,Q,Semi Final,6.0,4.0,95.15,89.34
Benjamin Pratnemer,Gabriel Clemens,2026-07-08,European Tour Card Holder Qualifier,Q,Quarter Final,6.0,5.0,91.37,90.34
Ryan Meikle,Keane Barry,2026-07-08,European Tour Card Holder Qualifier,Q,Final,5.0,6.0,86.31,90.77
Ryan Meikle,Maximilian Czerwinski,2026-07-08,European Tour Card Holder Qualifier,Q,Semi Final,6.0,2.0,81.79,82.63
Ryan Meikle,Mike De Decker,2026-07-08,European Tour Card Holder Qualifier,Q,Quarter Final,6.0,1.0,94.51,80.94
Cor Dekker,Stephen Burton,2026-07-30,European Tour Card Holder Qualifier,Q,Semi Final,4.0,6.0,86.4,84.94
Cor Dekker,Niall Culleton,2026-07-30,European Tour Card Holder Qualifier,Q,Quarter Final,6.0,5.0,87.46,82.26
Ian White,Peter Wright,2026-06-03,Players Championship,PT,Last 128,6.0,4.0,84.1,84.81
Ian White,Thomas Lovely,2026-06-02,Players Championship,PT,Last 128,4.0,6.0,79.97,94.63
Jimmy van Schie,Kim Huybrechts,2026-08-15,Zwaantje Masters,0,Quarter Final,5.0,6.0,94.47,93.06
Jimmy van Schie,Michael van de Ven,2026-08-15,Zwaantje Masters,0,Last 16,5.0,4.0,86.68,82.9
Jimmy van Schie,Edwin Schellings,2026-08-15,Zwaantje Masters,0,Round Robin,4.0,0.0,81.24,57.17
Jimmy van Schie,Robert van der Heijden,2026-08-15,Zwaantje Masters,0,Round Robin,4.0,1.0,92.04,70.15
Jimmy van Schie,Sander van Bergen,2026-08-15,Zwaantje Masters,0,Round Robin,4.0,0.0,85.89,54.96
Jimmy van Schie,Dennis Beeren,2026-08-15,Zwaantje Masters,0,Round Robin,4.0,2.0,72.91,65.48
Jimmy van Schie,Johann Brouwer,2026-08-15,Zwaantje Masters,0,Round Robin,4.0,3.0,89.68,83.05
Jimmy van Schie,Wesley Plaisier,2026-07-30,European Tour Card Holder Qualifier,Q,Last 16,2.0,6.0,85.67,90.74
Jimmy van Schie,Viktor Tingstrom,2026-07-30,European Tour Card Holder Qualifier,Q,Quarter Final,3.0,6.0,79.9,85.79
Jimmy van Schie,Martin Schindler,2026-07-29,Players Championship,PT,Last 64,4.0,6.0,95.9,96.83
Cam Crabtree,Johnny Stewart,2026-08-02,Development Tour,0,Last 128,4.0,0.0,84.68,62.87
Cam Crabtree,Drew Arathoon,2026-08-02,Development Tour,0,Last 256,4.0,0.0,71.57,61.46
Cam Crabtree,Angelo Balsamo,2026-08-01,Development Tour,0,Quarter Final,1.0,5.0,79.26,88.24
Stephen Rosney,James Hurrell,2026-07-08,European Tour Card Holder Qualifier,Q,Quarter Final,6.0,1.0,93.08,84.37
Stephen Rosney,Mensur Suljović,2026-07-07,Players Championship,PT,Last 128,4.0,6.0,94.77,99.9
Mervyn King,Thomas Lovely,2026-07-30,European Tour Card Holder Qualifier,Q,Quarter Final,3.0,6.0,91.69,90.32
Mervyn King,Sietse Lap,2026-07-30,European Tour Card Holder Qualifier,Q,Semi Final,4.0,6.0,94.89,98.71
Thibault Tricole,Darryl Pilgrim,2026-07-08,European Tour Card Holder Qualifier,Q,Quarter Final,6.0,3.0,94.95,89.8
Thibault Tricole,Luke Woodhouse,2026-07-07,Players Championship,PT,Last 128,5.0,6.0,85.29,92.11
Andy Boulton,Cristo Reyes,2026-07-07,Players Championship,PT,Last 128,5.0,6.0,90.32,94.04
Andy Boulton,Yorick Hofkens,2026-07-06,Players Championship,PT,Last 32,5.0,6.0,88.5,87.92
Ricardo Pietreczko,Rhys Griffin,2026-07-08,European Tour Card Holder Qualifier,Q,Quarter Final,6.0,2.0,93.73,92.58
Ricardo Pietreczko,Jeffrey de Graaf,2026-07-08,European Tour Card Holder Qualifier,Q,Semi Final,3.0,6.0,98.4,98.77
Ricardo Pietreczko,Carl Sneyd,2026-07-08,European Tour Card Holder Qualifier,Q,Quarter Final,6.0,5.0,80.77,78.47
Adam Gawlas,Yorick Hofkens,2026-08-01,Development Tour,0,Final,4.0,5.0,86.36,85.8
Adam Gawlas,Dylan Slevin,2026-08-01,Development Tour,0,Semi Final,5.0,4.0,102.21,95.2
Adam Gawlas,Ieuan Halsall,2026-08-01,Development Tour,0,Quarter Final,5.0,2.0,90.48,84.08
Adam Gawlas,Owen Bates,2026-08-01,Development Tour,0,Last 16,4.0,1.0,98.12,90.44
Adam Gawlas,Arthur Allston,2026-08-01,Development Tour,0,Last 32,4.0,1.0,86.69,80.14
Adam Leek,Dominik Gruellich,2026-07-08,European Tour Card Holder Qualifier,Q,Quarter Final,6.0,1.0,100.11,92.33
Thomas Lovely,Jeffrey de Zwaan,2026-07-08,European Tour Card Holder Qualifier,Q,Last 16,5.0,6.0,93.96,90.05
Thomas Lovely,Robert Owen,2026-07-08,European Tour Card Holder Qualifier,Q,Semi Final,2.0,6.0,83.76,89.65
Thomas Lovely,Stefaan Henderyck,2026-07-08,European Tour Card Holder Qualifier,Q,Quarter Final,6.0,1.0,94.27,75.14
Tyler Thorpe,Cayden Smith,2026-07-31,Development Tour,0,Last 128,3.0,4.0,64.84,70.86
Tyler Thorpe,Kyle Manton,2026-07-31,Development Tour,0,Last 256,4.0,0.0,66.8,66.0
Peter Wright,Jim Long,2026-07-29,Players Championship,PT,Last 128,6.0,4.0,87.25,93.82
Peter Wright,Adam Paxton,2026-07-28,Players Championship,PT,Last 128,5.0,6.0,83.98,82.59
Peter Wright,Tom Sykes,2026-07-08,European Tour Card Holder Qualifier,Q,Quarter Final,0.0,6.0,87.61,104.86
Peter Wright,Lukas Wenig,2026-07-08,European Tour Card Holder Qualifier,Q,Semi Final,1.0,6.0,92.0,96.67
Peter Wright,Scott Williams,2026-07-08,European Tour Card Holder Qualifier,Q,Quarter Final,6.0,3.0,95.98,93.47
Peter Wright,James Hurrell,2026-07-07,Players Championship,PT,Last 128,3.0,6.0,88.24,91.78
Arno Merk,Christopher Wickenden,2026-07-07,Players Championship,PT,Last 128,5.0,6.0,88.78,85.32
Arno Merk,Krzysztof Ratajski,2026-07-06,Players Championship,PT,Last 64,4.0,6.0,84.47,90.48
Arno Merk,Sam Price,2026-07-06,Players Championship,PT,Last 128,6.0,3.0,89.57,89.61
Owen Bates,Matyas Rejhon,2026-08-01,Development Tour,0,Last 32,4.0,0.0,101.9,80.95
Owen Bates,Joseph Simpson,2026-08-01,Development Tour,0,Last 64,4.0,1.0,80.93,74.07
Owen Bates,Shane de Jong,2026-08-01,Development Tour,0,Last 128,4.0,1.0,86.27,71.86
Owen Bates,Lukas Fraulob,2026-08-01,Development Tour,0,Last 256,4.0,1.0,81.79,77.23
Owen Bates,Adam Gawlas,2026-08-01,Development Tour,0,Last 16,1.0,4.0,90.44,98.12
Owen Bates,Matthias Moors,2026-08-01,Development Tour,0,Last 32,4.0,3.0,81.57,75.92
Owen Bates,Carl van Mens,2026-08-01,Development Tour,0,Last 64,4.0,0.0,92.49,70.9
Nick Kenny,David Sharp,2026-07-28,Players Championship,PT,Last 64,3.0,6.0,89.5,87.8
Nick Kenny,Martin Schindler,2026-07-28,Players Championship,PT,Last 128,6.0,4.0,89.26,88.42
Nick Kenny,Max Hopp,2026-07-08,European Tour Card Holder Qualifier,Q,Quarter Final,3.0,6.0,83.92,88.21
Nick Kenny,Stephen Burton,2026-07-08,European Tour Card Holder Qualifier,Q,Quarter Final,5.0,6.0,83.67,83.88
Sietse Lap,Oliver Mitchell,2026-07-28,Players Championship,PT,Last 64,6.0,0.0,77.08,67.24
Sietse Lap,Dirk van Duijvenbode,2026-07-28,Players Championship,PT,Last 128,6.0,3.0,93.61,95.24
Jurjen van der Velde,Mika Donnevert,2026-08-01,Development Tour,0,Last 32,4.0,3.0,90.6,79.19
Jurjen van der Velde,Noah Roeschlein,2026-08-01,Development Tour,0,Last 64,4.0,3.0,80.46,74.01
Jurjen van der Velde,Jaco van Dijk,2026-08-01,Development Tour,0,Last 128,4.0,0.0,81.24,60.64
Rhys Griffin,Ross Smith,2026-07-07,Players Championship,PT,Last 64,0.0,6.0,87.72,99.1
Jim Long,Kai Gotthardt,2026-07-28,Players Championship,PT,Last 128,6.0,5.0,88.47,91.62
Adam Warner,Viktor Tingstrom,2026-07-06,Players Championship,PT,Last 32,6.0,3.0,87.18,82.34
Jeffrey Sparidaans,Niall Culleton,2026-07-08,European Tour Card Holder Qualifier,Q,Semi Final,2.0,6.0,76.9,77.03
Jeffrey Sparidaans,Viktor Tingstrom,2026-07-08,European Tour Card Holder Qualifier,Q,Quarter Final,6.0,2.0,94.64,89.47
Jeffrey Sparidaans,James Hurrell,2026-07-07,Players Championship,PT,Last 64,0.0,6.0,71.58,88.41
Jeffrey Sparidaans,Kim Huybrechts,2026-07-07,Players Championship,PT,Last 128,6.0,5.0,81.51,90.18
Stefan Bellmont,Kim Huybrechts,2026-07-06,Players Championship,PT,Last 64,2.0,6.0,88.46,96.0
Stefan Bellmont,Owen Bates,2026-07-06,Players Championship,PT,Last 128,6.0,4.0,84.38,77.25
Stefan Bellmont,Cristo Reyes,2026-06-17,Players Championship,PT,Last 64,2.0,6.0,91.25,98.25
Stefan Bellmont,Ian White,2026-06-17,Players Championship,PT,Last 128,6.0,5.0,87.05,85.47
Dominik Gruellich,Denfie Drenthen,2026-08-01,Development Tour,0,Last 32,4.0,0.0,78.08,66.42
Dominik Gruellich,Jarod Becker,2026-08-01,Development Tour,0,Last 64,4.0,0.0,89.73,86.14
Dominik Gruellich,Justin Paul,2026-08-01,Development Tour,0,Last 128,4.0,1.0,87.0,78.32
Dominik Gruellich,Niels Van Mechelen,2026-08-01,Development Tour,0,Last 256,4.0,1.0,82.42,80.47
Marvin van Velzen,Charlie Manby,2026-07-30,European Tour Card Holder Qualifier,Q,Quarter Final,0.0,6.0,81.03,82.73
Marvin van Velzen,Richard Veenstra,2026-07-29,Players Championship,PT,Last 64,0.0,6.0,80.39,102.48
Greg Ritchie,Chris Landman,2026-07-08,European Tour Card Holder Qualifier,Q,Semi Final,6.0,4.0,82.26,88.49
Greg Ritchie,Tytus Kanik,2026-07-08,European Tour Card Holder Qualifier,Q,Quarter Final,6.0,3.0,87.78,82.04
Greg Ritchie,Max Hopp,2026-07-08,European Tour Card Holder Qualifier,Q,Quarter Final,1.0,6.0,83.24,93.91
Stefaan Henderyck,Mensur Suljović,2026-07-08,European Tour Card Holder Qualifier,Q,Quarter Final,6.0,5.0,92.47,102.57
Stefaan Henderyck,Thomas Lovely,2026-07-08,European Tour Card Holder Qualifier,Q,Quarter Final,1.0,6.0,75.14,94.27
Stefaan Henderyck,Max Hopp,2026-07-07,Players Championship,PT,Last 128,3.0,6.0,92.29,89.55
Stefaan Henderyck,Raymond van Barneveld,2026-07-06,Players Championship,PT,Last 128,2.0,6.0,77.69,88.46
Oskar Lukasiak,Benjamin Drue Reus,2026-08-08,Nordic Baltic Tour,0,Quarter Final,3.0,6.0,83.72,83.67
Oskar Lukasiak,Jonas Masalin,2026-08-08,Nordic Baltic Tour,0,Last 16,6.0,3.0,82.95,84.93
Oskar Lukasiak,Nemanja Cosovic,2026-08-08,Nordic Baltic Tour,0,Last 32,6.0,0.0,84.28,65.23
Oskar Lukasiak,Stefan Erlendsson,2026-08-08,Nordic Baltic Tour,0,Last 64,6.0,0.0,81.24,44.64
Niall Culleton,Jeffrey Sparidaans,2026-07-08,European Tour Card Holder Qualifier,Q,Semi Final,6.0,2.0,77.03,76.9
Niall Culleton,Mike De Decker,2026-07-08,European Tour Card Holder Qualifier,Q,Quarter Final,6.0,1.0,93.46,87.22
Leon Weber,Jerko Moerenhout,2026-08-01,Development Tour,0,Last 512,4.0,0.0,84.68,71.5
Leon Weber,Kaya Baysal,2026-07-31,Development Tour,0,Semi Final,4.0,5.0,88.6,84.8
Yorick Hofkens,Zak Edmunds,2026-08-01,Development Tour,0,Last 256,4.0,0.0,87.13,74.86
Yorick Hofkens,Adam Gawlas,2026-08-01,Development Tour,0,Final,5.0,4.0,85.8,86.36
Yorick Hofkens,Cam Crabtree,2026-08-01,Development Tour,0,Semi Final,5.0,3.0,86.35,84.83
Adam Paxton,Connor Scutt,2026-07-07,Players Championship,PT,Last 64,3.0,6.0,86.78,89.1
Adam Paxton,Maximilian Czerwinski,2026-07-07,Players Championship,PT,Last 128,6.0,3.0,83.85,79.98
Adam Paxton,Damon Heta,2026-07-06,Players Championship,PT,Last 128,1.0,6.0,73.1,91.23
Marvin Kraft,Josh Rock,2026-07-07,Players Championship,PT,Last 128,3.0,6.0,84.91,84.32
Marvin Kraft,Benjamin Pratnemer,2026-07-06,Players Championship,PT,Last 128,1.0,6.0,71.57,97.77
Carl Sneyd,Jimmy van Schie,2026-07-28,Players Championship,PT,Last 128,0.0,6.0,83.07,98.02
Carl Sneyd,Cristo Reyes,2026-07-08,European Tour Card Holder Qualifier,Q,Semi Final,4.0,6.0,86.68,91.91
Carl Sneyd,Adam Paxton,2026-07-08,European Tour Card Holder Qualifier,Q,Quarter Final,6.0,3.0,81.24,73.8
Carl Sneyd,Ricardo Pietreczko,2026-07-08,European Tour Card Holder Qualifier,Q,Quarter Final,5.0,6.0,78.47,80.77
Carl Sneyd,Cam Crabtree,2026-07-07,Players Championship,PT,Last 128,3.0,6.0,78.22,84.58
Viktor Tingstrom,Jim Long,2026-07-30,European Tour Card Holder Qualifier,Q,Semi Final,3.0,6.0,90.41,92.96
Martin Lukeman,Scott Williams,2026-07-07,Players Championship,PT,Last 128,2.0,6.0,93.73,95.87
Martin Lukeman,Bradley Brooks,2026-07-06,Players Championship,PT,Last 128,3.0,6.0,94.3,97.37
Martin Lukeman,Alexander Merkx,2026-06-17,Players Championship,PT,Last 128,2.0,6.0,80.46,95.04
Sam Price,Cor Dekker,2026-07-08,European Tour Card Holder Qualifier,Q,Quarter Final,6.0,5.0,86.98,83.05
Sam Price,Keane Barry,2026-07-08,European Tour Card Holder Qualifier,Q,Quarter Final,5.0,6.0,85.82,90.54
Rusty-Jake Rodriguez,Ryan Joyce,2026-07-07,Players Championship,PT,Last 128,3.0,6.0,84.45,95.01
Rusty-Jake Rodriguez,Callan Rydz,2026-07-06,Players Championship,PT,Last 128,1.0,6.0,92.74,98.58
Tytus Kanik,Kim Huybrechts,2026-07-06,Players Championship,PT,Last 128,4.0,6.0,79.14,89.18
Tytus Kanik,Martin Schindler,2026-06-17,Players Championship,PT,Last 64,5.0,6.0,92.07,89.98
Filip Bereza,Cristo Reyes,2026-07-06,Players Championship,PT,Last 128,3.0,6.0,81.3,82.51
Filip Bereza,Maciej Luczak,2026-07-04,Polish National Championship Men,0,Last 32,3.0,4.0,76.37,77.73
Tavis Dudeney,Thibault Tricole,2026-07-06,Players Championship,PT,Last 128,2.0,6.0,80.05,82.1
Tavis Dudeney,Stephen Bunting,2026-06-17,Players Championship,PT,Last 128,0.0,6.0,80.52,96.97
Beau Greaves,James Hurrell,2026-07-30,European Tour Card Holder Qualifier,Q,Final,6.0,2.0,102.47,96.31
Beau Greaves,David Sharp,2026-07-30,European Tour Card Holder Qualifier,Q,Semi Final,6.0,2.0,89.34,87.53
Beau Greaves,Martin Lukeman,2026-07-30,European Tour Card Holder Qualifier,Q,Quarter Final,6.0,5.0,88.77,84.93
Beau Greaves,Owen Bates,2026-07-30,European Tour Card Holder Qualifier,Q,Last 16,3.0,6.0,82.46,90.84
Beau Greaves,Damon Heta,2026-07-29,Players Championship,PT,Last 32,3.0,6.0,93.89,97.96
Beau Greaves,Yorick Hofkens,2026-07-29,Players Championship,PT,Last 64,6.0,5.0,104.11,93.54
Beau Greaves,Adam Paxton,2026-07-29,Players Championship,PT,Last 128,6.0,1.0,106.59,87.63
Beau Greaves,Niko Springer,2026-07-28,Players Championship,PT,Last 16,3.0,6.0,96.47,96.29
Beau Greaves,Lewis Pride,2026-07-28,Players Championship,PT,Last 32,6.0,1.0,97.77,94.11
Beau Greaves,Wesley Plaisier,2026-07-28,Players Championship,PT,Last 64,6.0,2.0,93.68,86.34
Gerwyn Price,Rob Cross,2026-07-22,World Matchplay,MJ,Last 16,11.0,5.0,97.84,93.82
Gerwyn Price,Martin Schindler,2026-07-20,World Matchplay,MJ,Last 32,11.0,9.0,93.88,90.69
Gian van Veen,Jim Long,2026-07-28,Players Championship,PT,Last 64,3.0,6.0,78.4,80.89
Stephen Bunting,Luke Humphries,2026-06-26,World Series of Darts,WS,Quarter Final,3.0,6.0,102.72,105.7
Jonny Clayton,Karel Sedláček,2026-07-11,European Tour,ET,Last 32,6.0,1.0,99.44,97.93
Jonny Clayton,Gian van Veen,2026-06-26,World Series of Darts,WS,Quarter Final,3.0,6.0,91.25,106.45
Josh Rock,Cameron Menzies,2026-07-06,Players Championship,PT,Last 16,3.0,6.0,93.52,97.54
James Wade,Sebastian Bialecki,2026-07-12,European Tour,ET,Quarter Final,2.0,6.0,86.71,96.93
James Wade,Jan Schmidt,2026-07-12,European Tour,ET,Last 16,6.0,2.0,86.54,80.15
James Wade,Maik Kuivenhoven,2026-07-11,European Tour,ET,Last 32,6.0,4.0,89.58,88.1
Damon Heta,Niko Springer,2026-07-28,Players Championship,PT,Semi Final,7.0,4.0,89.38,88.1
Gerwyn Price,Harry Ward,2026-07-06,Players Championship,PT,Last 128,5.0,6.0,96.72,92.61
Stephen Bunting,Alex Spellman,2026-06-25,World Series of Darts,WS,Last 16,6.0,2.0,90.97,72.84
Gian van Veen,Tom Sykes,2026-07-28,Players Championship,PT,Last 128,6.0,3.0,105.69,102.48
Ross Smith,Wessel Nijman,2026-06-21,European Tour,ET,Semi Final,6.0,7.0,96.73,98.63
Jonny Clayton,Gary Mawson,2026-06-25,World Series of Darts,WS,Last 16,6.0,2.0,98.54,78.33
Josh Rock,Jack Tweddell,2026-07-06,Players Championship,PT,Last 32,6.0,2.0,93.29,87.3
James Wade,Christian Kist,2026-07-07,Players Championship,PT,Last 128,4.0,6.0,102.99,99.39
Damon Heta,Kevin Doets,2026-07-28,Players Championship,PT,Quarter Final,6.0,2.0,105.05,96.52
Adam Leek,Viktor Tingstrom,2026-07-08,European Tour Card Holder Qualifier,Q,Last 16,6.0,1.0,94.73,80.69
Danny Noppert,Rob Cross,2026-07-07,Players Championship,PT,Last 16,6.0,4.0,96.63,100.01
Danny Noppert,Nathan Potter,2026-07-07,Players Championship,PT,Last 32,6.0,4.0,93.38,88.03
Danny Noppert,Max Hopp,2026-07-07,Players Championship,PT,Last 64,6.0,5.0,92.8,94.5
Danny Noppert,Lukas Wenig,2026-07-07,Players Championship,PT,Last 128,6.0,4.0,97.23,92.61
Danny Noppert,Cor Dekker,2026-07-06,Players Championship,PT,Last 64,1.0,6.0,91.81,101.68
Danny Noppert,Ryan Meikle,2026-07-06,Players Championship,PT,Last 128,6.0,4.0,97.63,90.23
Danny Noppert,Jermaine Wattimena,2026-06-21,European Tour,ET,Last 16,5.0,6.0,93.07,90.25
Jermaine Wattimena,Steve Lennon,2026-07-29,Players Championship,PT,Last 128,0.0,6.0,85.32,101.33
Jermaine Wattimena,Bradley Brooks,2026-07-28,Players Championship,PT,Last 32,0.0,6.0,84.26,92.02
Jermaine Wattimena,Adam Paxton,2026-07-28,Players Championship,PT,Last 64,6.0,3.0,94.94,88.56
Jermaine Wattimena,Thomas Lovely,2026-07-28,Players Championship,PT,Last 128,6.0,2.0,90.44,89.6
Kim Huybrechts,Max Hopp,2026-07-30,European Tour Card Holder Qualifier,Q,Semi Final,6.0,3.0,101.02,91.94
Kim Huybrechts,Dave Chisnall,2026-07-30,European Tour Card Holder Qualifier,Q,Quarter Final,6.0,3.0,92.36,84.72
Kim Huybrechts,Mensur Suljović,2026-07-30,European Tour Card Holder Qualifier,Q,Quarter Final,1.0,6.0,85.82,95.32
Kim Huybrechts,Ritchie Edhouse,2026-07-29,Players Championship,PT,Last 128,5.0,6.0,98.3,97.73
Kim Huybrechts,James Hurrell,2026-07-28,Players Championship,PT,Last 64,5.0,6.0,92.81,84.87
Kim Huybrechts,Tytus Kanik,2026-07-28,Players Championship,PT,Last 128,6.0,1.0,96.17,80.13
Kim Huybrechts,Jermaine Wattimena,2026-07-11,European Tour,ET,Last 32,0.0,6.0,78.97,92.97
Kim Huybrechts,Sam Price,2026-07-10,European Tour,ET,Last 48 (Premier),6.0,1.0,91.76,78.74
Kim Huybrechts,Brendan Dolan,2026-07-08,European Tour Card Holder Qualifier,Q,Quarter Final,4.0,6.0,92.31,89.34
Dennie Olde Kalter,Benjamin Pratnemer,2026-07-08,European Tour Card Holder Qualifier,Q,Semi Final,4.0,6.0,89.34,95.15
Dennie Olde Kalter,Sietse Lap,2026-07-08,European Tour Card Holder Qualifier,Q,Quarter Final,6.0,5.0,91.38,93.05
Dennie Olde Kalter,Kim Huybrechts,2026-07-08,European Tour Card Holder Qualifier,Q,Quarter Final,2.0,6.0,88.01,98.67
Dennie Olde Kalter,Tommy Morris,2026-07-07,Players Championship,PT,Last 128,2.0,6.0,88.6,93.26
Dennie Olde Kalter,James Wade,2026-07-06,Players Championship,PT,Last 64,4.0,6.0,91.71,99.04
Jimmy van Schie,Dominik Gruellich,2026-07-29,Players Championship,PT,Last 128,6.0,5.0,78.17,78.92
Jimmy van Schie,Chris Dobey,2026-07-28,Players Championship,PT,Last 64,2.0,6.0,101.15,102.65
Jimmy van Schie,Carl Sneyd,2026-07-28,Players Championship,PT,Last 128,6.0,0.0,98.02,83.07
Jimmy van Schie,Cor Dekker,2026-07-08,European Tour Card Holder Qualifier,Q,Last 16,1.0,6.0,85.77,93.85
Jimmy van Schie,Adam Warner,2026-07-08,European Tour Card Holder Qualifier,Q,Quarter Final,4.0,6.0,82.06,85.27
Jimmy van Schie,Damon Heta,2026-07-07,Players Championship,PT,Last 64,3.0,6.0,82.98,95.8
Jimmy van Schie,Kai Gotthardt,2026-07-07,Players Championship,PT,Last 128,6.0,3.0,81.18,85.82
Mervyn King,Mickey Mansell,2026-07-30,European Tour Card Holder Qualifier,Q,Quarter Final,6.0,3.0,91.26,87.96
Mervyn King,Kevin Doets,2026-07-29,Players Championship,PT,Last 128,5.0,6.0,84.75,88.92
Mervyn King,Henry Coates,2026-07-28,Players Championship,PT,Last 32,5.0,6.0,78.19,90.93
Mervyn King,Stefaan Henderyck,2026-07-28,Players Championship,PT,Last 64,6.0,5.0,80.85,80.83
Mervyn King,Adam Leek,2026-07-28,Players Championship,PT,Last 128,6.0,4.0,87.25,85.89
Mervyn King,Adam Leek,2026-07-08,European Tour Card Holder Qualifier,Q,Semi Final,5.0,6.0,89.25,93.4
Mervyn King,Tyler Thorpe,2026-07-08,European Tour Card Holder Qualifier,Q,Quarter Final,6.0,3.0,93.65,90.62
Mervyn King,Thibault Tricole,2026-07-08,European Tour Card Holder Qualifier,Q,Semi Final,5.0,6.0,88.54,88.81
Marvin van Velzen,Thomas Lovely,2026-07-29,Players Championship,PT,Last 128,6.0,3.0,92.41,88.38
Marvin van Velzen,Dave Chisnall,2026-07-28,Players Championship,PT,Last 64,3.0,6.0,94.13,96.39
Marvin van Velzen,Stephen Rosney,2026-07-28,Players Championship,PT,Last 128,6.0,1.0,84.91,80.32
Marvin van Velzen,Callan Rydz,2026-07-08,European Tour Card Holder Qualifier,Q,Quarter Final,2.0,6.0,80.82,90.16
Marvin van Velzen,Madars Razma,2026-07-08,European Tour Card Holder Qualifier,Q,Quarter Final,3.0,6.0,86.69,96.71
Marvin van Velzen,Chris Dobey,2026-07-07,Players Championship,PT,Last 64,2.0,6.0,86.71,103.68
Marvin van Velzen,Stefan Bellmont,2026-07-07,Players Championship,PT,Last 128,6.0,3.0,91.1,87.74
Gerwyn Price,James Wade,2026-06-26,World Series of Darts,WS,Quarter Final,3.0,6.0,103.93,102.07
Gerwyn Price,Brayden Hall,2026-06-25,World Series of Darts,WS,Last 16,6.0,4.0,91.83,78.7
Gerwyn Price,Cameron Menzies,2026-06-20,European Tour,ET,Last 32,2.0,6.0,96.74,106.0
Gian van Veen,Gerwyn Price,2026-07-25,World Matchplay,MJ,Semi Final,10.0,17.0,91.62,96.65
Jonny Clayton,Ryan Joyce,2026-06-20,European Tour,ET,Last 32,5.0,6.0,94.66,95.41
Jonny Clayton,Tom Bissell,2026-06-17,Players Championship,PT,Last 16,5.0,6.0,98.92,99.88
Jonny Clayton,Viktor Tingstrom,2026-06-17,Players Championship,PT,Last 32,6.0,5.0,90.96,90.78
Josh Rock,Raymond van Barneveld,2026-07-06,Players Championship,PT,Last 64,6.0,0.0,95.94,88.76
James Wade,William O&#039;Connor,2026-07-06,Players Championship,PT,Last 32,4.0,6.0,90.86,89.24
James Wade,Dennie Olde Kalter,2026-07-06,Players Championship,PT,Last 64,6.0,4.0,99.04,91.71
Damon Heta,Krzysztof Ratajski,2026-07-28,Players Championship,PT,Last 16,6.0,4.0,89.53,93.52
Adam Leek,Connor Scutt,2026-07-08,European Tour Card Holder Qualifier,Q,Quarter Final,0.0,6.0,97.04,99.1
Gerwyn Price,Callan Rydz,2026-06-17,Players Championship,PT,Last 64,5.0,6.0,96.71,102.02
Stephen Bunting,Wessel Nijman,2026-06-21,European Tour,ET,Last 16,1.0,6.0,93.73,98.88
Gian van Veen,James Wade,2026-07-24,World Matchplay,MJ,Quarter Final,16.0,13.0,93.04,97.05
Ross Smith,Andrew Gilding,2026-06-21,European Tour,ET,Quarter Final,6.0,4.0,88.71,82.79
Jonny Clayton,Darius Labanauskas,2026-06-17,Players Championship,PT,Last 64,6.0,2.0,93.19,90.5
Josh Rock,Aden Kirk,2026-07-06,Players Championship,PT,Last 128,6.0,2.0,99.77,92.2
James Wade,Gary Anderson,2026-07-06,Players Championship,PT,Last 128,6.0,5.0,100.84,100.66
Damon Heta,Richard Veenstra,2026-07-28,Players Championship,PT,Last 32,6.0,3.0,99.23,96.56
Jermaine Wattimena,James Wade,2026-07-19,World Matchplay,MJ,Last 32,7.0,10.0,92.87,96.19
Jermaine Wattimena,Krzysztof Ratajski,2026-07-12,European Tour,ET,Final,6.0,8.0,86.73,92.43
Jermaine Wattimena,Damon Heta,2026-07-12,European Tour,ET,Semi Final,7.0,3.0,86.67,88.52
Jermaine Wattimena,Luke Woodhouse,2026-07-12,European Tour,ET,Quarter Final,6.0,5.0,90.16,89.49
Jermaine Wattimena,Ryan Joyce,2026-07-12,European Tour,ET,Last 16,6.0,1.0,89.66,83.05
Jermaine Wattimena,Kim Huybrechts,2026-07-11,European Tour,ET,Last 32,6.0,0.0,92.97,78.97
Cam Crabtree,Jenson Walker,2026-08-01,Development Tour,0,Last 16,4.0,3.0,79.9,78.78
Cam Crabtree,Kaya Baysal,2026-08-01,Development Tour,0,Last 32,4.0,1.0,86.67,86.24
Cam Crabtree,Luuk De Waal,2026-08-01,Development Tour,0,Last 64,4.0,3.0,92.64,87.13
Cam Crabtree,Oskar Leyhe,2026-08-01,Development Tour,0,Last 128,4.0,2.0,87.62,72.66
Cam Crabtree,Balazs Szotak,2026-08-01,Development Tour,0,Last 256,4.0,2.0,84.29,73.88
Cam Crabtree,Yorick Hofkens,2026-08-01,Development Tour,0,Semi Final,3.0,5.0,84.83,86.35
Adam Leek,Harry Ward,2026-07-07,Players Championship,PT,Last 128,4.0,6.0,83.21,87.08
Cor Dekker,Andreas U Nielsen,2026-08-09,Nordic Baltic Tour,0,Last 16,6.0,4.0,93.41,90.41
Darius Labanauskas,Leon Weber,2026-07-28,Players Championship,PT,Last 128,6.0,3.0,93.17,82.3
Darius Labanauskas,Niko Springer,2026-07-10,European Tour,ET,Last 48 (Premier),2.0,6.0,83.2,105.21
Darius Labanauskas,Madars Razma,2026-07-08,European Tour Card Holder Qualifier,Q,Quarter Final,5.0,6.0,84.58,93.16
Darius Labanauskas,Alan Soutar,2026-07-08,European Tour Card Holder Qualifier,Q,Quarter Final,3.0,6.0,88.39,93.13
Cor Dekker,Michael Smith,2026-07-30,European Tour Card Holder Qualifier,Q,Final,5.0,6.0,90.89,99.31
Cor Dekker,Benjamin Pratnemer,2026-07-30,European Tour Card Holder Qualifier,Q,Semi Final,6.0,0.0,85.08,74.0
Cor Dekker,Tyler Thorpe,2026-07-30,European Tour Card Holder Qualifier,Q,Quarter Final,6.0,4.0,82.83,90.99
Cor Dekker,Darius Labanauskas,2026-07-30,European Tour Card Holder Qualifier,Q,Last 16,6.0,5.0,86.17,85.98
Cor Dekker,Sebastian Bialecki,2026-07-29,Players Championship,PT,Last 64,5.0,6.0,97.41,101.12
Cor Dekker,Thibault Tricole,2026-07-29,Players Championship,PT,Last 128,6.0,1.0,92.41,78.73
Cor Dekker,Andrew Gilding,2026-07-28,Players Championship,PT,Last 128,4.0,6.0,97.01,95.67
Cor Dekker,Sam Price,2026-07-08,European Tour Card Holder Qualifier,Q,Quarter Final,5.0,6.0,83.05,86.98
Oskar Lukasiak,Thomas Lovely,2026-07-30,European Tour Card Holder Qualifier,Q,Semi Final,4.0,6.0,99.91,102.85
Oskar Lukasiak,Christian Kist,2026-07-30,European Tour Card Holder Qualifier,Q,Quarter Final,6.0,3.0,81.25,82.05
Oskar Lukasiak,Tom Bissell,2026-07-30,European Tour Card Holder Qualifier,Q,Semi Final,2.0,6.0,83.15,98.22
Oskar Lukasiak,Pascal Rupprecht,2026-07-30,European Tour Card Holder Qualifier,Q,Quarter Final,6.0,1.0,93.59,86.13
Oskar Lukasiak,Niels Zonneveld,2026-07-29,Players Championship,PT,Last 32,5.0,6.0,95.09,99.56
Oskar Lukasiak,Darryl Pilgrim,2026-07-29,Players Championship,PT,Last 64,6.0,3.0,99.8,89.3
Oskar Lukasiak,Arno Merk,2026-07-29,Players Championship,PT,Last 128,6.0,4.0,87.64,85.46
Oskar Lukasiak,Krzysztof Ratajski,2026-07-28,Players Championship,PT,Last 64,4.0,6.0,92.33,96.97
Oskar Lukasiak,Levy Frauenfelder,2026-07-28,Players Championship,PT,Last 128,6.0,4.0,87.38,86.1
Oskar Lukasiak,Michael van Gerwen,2026-06-05,World Series of Darts,WS,Last 16,2.0,6.0,79.68,88.76
Viktor Tingstrom,Maximilian Czerwinski,2026-07-30,European Tour Card Holder Qualifier,Q,Quarter Final,6.0,4.0,76.67,70.24
Viktor Tingstrom,Bradley Brooks,2026-07-30,European Tour Card Holder Qualifier,Q,Semi Final,1.0,6.0,84.12,99.63
Viktor Tingstrom,Jimmy van Schie,2026-07-30,European Tour Card Holder Qualifier,Q,Quarter Final,6.0,3.0,85.79,79.9
Viktor Tingstrom,Sebastian Bialecki,2026-07-29,Players Championship,PT,Last 32,1.0,6.0,76.92,91.58
Viktor Tingstrom,Nick Kenny,2026-07-29,Players Championship,PT,Last 64,6.0,4.0,93.49,85.31
Viktor Tingstrom,Dave Chisnall,2026-07-29,Players Championship,PT,Last 128,6.0,3.0,85.87,86.44
Viktor Tingstrom,Sam Price,2026-07-28,Players Championship,PT,Last 128,3.0,6.0,77.94,80.18
Viktor Tingstrom,Adam Leek,2026-07-08,European Tour Card Holder Qualifier,Q,Last 16,1.0,6.0,80.69,94.73
Viktor Tingstrom,Jeffrey Sparidaans,2026-07-08,European Tour Card Holder Qualifier,Q,Quarter Final,2.0,6.0,89.47,94.64
Charlie Manby,Jim Long,2026-07-30,European Tour Card Holder Qualifier,Q,Final,1.0,6.0,87.29,92.95
Charlie Manby,Peter Wright,2026-07-30,European Tour Card Holder Qualifier,Q,Semi Final,6.0,3.0,100.43,87.23
Charlie Manby,Adam Leek,2026-07-30,European Tour Card Holder Qualifier,Q,Quarter Final,6.0,5.0,84.02,90.62
Charlie Manby,Maximilian Czerwinski,2026-07-30,European Tour Card Holder Qualifier,Q,Semi Final,5.0,6.0,86.36,79.68
Charlie Manby,Marvin van Velzen,2026-07-30,European Tour Card Holder Qualifier,Q,Quarter Final,6.0,0.0,82.73,81.03
Charlie Manby,William O&#039;Connor,2026-07-29,Players Championship,PT,Last 32,4.0,6.0,92.2,93.29
Charlie Manby,Gabriel Clemens,2026-07-29,Players Championship,PT,Last 64,6.0,1.0,92.17,86.13
Charlie Manby,Levy Frauenfelder,2026-07-29,Players Championship,PT,Last 128,6.0,5.0,89.55,93.36
Charlie Manby,Shane McGuirk,2026-07-28,Players Championship,PT,Last 128,2.0,6.0,91.98,91.52
Charlie Manby,Joe Cullen,2026-07-10,European Tour,ET,Last 48 (Premier),4.0,6.0,93.69,97.62
Cam Crabtree,Cristo Reyes,2026-07-30,European Tour Card Holder Qualifier,Q,Semi Final,3.0,6.0,78.13,82.31
Cam Crabtree,Jeffrey de Zwaan,2026-07-30,European Tour Card Holder Qualifier,Q,Quarter Final,6.0,2.0,86.49,86.07
Cam Crabtree,Jeffrey Sparidaans,2026-07-30,European Tour Card Holder Qualifier,Q,Last 16,6.0,3.0,82.8,76.67
Cam Crabtree,Nick Kenny,2026-07-30,European Tour Card Holder Qualifier,Q,Semi Final,5.0,6.0,92.53,90.54
Cam Crabtree,Adam Warner,2026-07-30,European Tour Card Holder Qualifier,Q,Quarter Final,6.0,1.0,91.03,76.38
Cam Crabtree,Michael Smith,2026-07-29,Players Championship,PT,Last 64,1.0,6.0,85.28,96.31
Cam Crabtree,Lewis Pride,2026-07-29,Players Championship,PT,Last 128,6.0,2.0,90.23,82.51
Cam Crabtree,Niko Springer,2026-07-28,Players Championship,PT,Last 128,4.0,6.0,81.43,86.01
Cam Crabtree,Maik Kuivenhoven,2026-07-08,European Tour Card Holder Qualifier,Q,Final,5.0,6.0,97.34,96.09
Cam Crabtree,Ricardo Pietreczko,2026-07-08,European Tour Card Holder Qualifier,Q,Semi Final,6.0,3.0,83.17,80.89
Tyler Thorpe,Jeffrey de Graaf,2026-07-30,European Tour Card Holder Qualifier,Q,Final,4.0,6.0,83.05,85.2
Tyler Thorpe,Michael Smith,2026-07-30,European Tour Card Holder Qualifier,Q,Semi Final,6.0,0.0,85.08,82.82
Tyler Thorpe,Adam Paxton,2026-07-30,European Tour Card Holder Qualifier,Q,Quarter Final,6.0,4.0,85.05,77.93
Tyler Thorpe,Cor Dekker,2026-07-30,European Tour Card Holder Qualifier,Q,Quarter Final,4.0,6.0,90.99,82.83
Tyler Thorpe,Chris Dobey,2026-07-29,Players Championship,PT,Last 64,4.0,6.0,96.25,96.65
Tyler Thorpe,Tommy Morris,2026-07-29,Players Championship,PT,Last 128,6.0,4.0,84.25,86.86
Tyler Thorpe,Max Hopp,2026-07-28,Players Championship,PT,Last 32,3.0,6.0,81.99,83.56
Tyler Thorpe,Andrew Gilding,2026-07-28,Players Championship,PT,Last 64,6.0,1.0,91.13,89.6
Tyler Thorpe,Connor Scutt,2026-07-28,Players Championship,PT,Last 128,6.0,4.0,91.6,85.54
Tyler Thorpe,Mervyn King,2026-07-08,European Tour Card Holder Qualifier,Q,Quarter Final,3.0,6.0,90.62,93.65
Adam Gawlas,David Sharp,2026-07-30,European Tour Card Holder Qualifier,Q,Quarter Final,5.0,6.0,83.68,90.09
Adam Gawlas,Jurjen van der Velde,2026-07-30,European Tour Card Holder Qualifier,Q,Quarter Final,5.0,6.0,83.76,81.87
Adam Gawlas,Stephen Rosney,2026-07-29,Players Championship,PT,Last 128,3.0,6.0,83.76,84.41
Adam Gawlas,Tom Bissell,2026-07-28,Players Championship,PT,Last 128,2.0,6.0,83.4,97.88
Adam Gawlas,Alexander Merkx,2026-07-08,European Tour Card Holder Qualifier,Q,Quarter Final,2.0,6.0,93.67,98.04
Adam Gawlas,Rob Cross,2026-07-07,Players Championship,PT,Last 64,2.0,6.0,93.24,98.22
Adam Gawlas,Adam Warner,2026-07-07,Players Championship,PT,Last 128,6.0,1.0,90.57,72.83
Adam Gawlas,Niall Culleton,2026-07-06,Players Championship,PT,Last 128,4.0,6.0,83.17,88.06
Adam Gawlas,Jurjen van der Velde,2026-06-17,Players Championship,PT,Last 128,5.0,6.0,91.87,92.95
Adam Gawlas,Wessel Nijman,2026-06-16,Players Championship,PT,Last 32,2.0,6.0,87.98,89.73
Jurjen van der Velde,James Hurrell,2026-07-30,European Tour Card Holder Qualifier,Q,Semi Final,3.0,6.0,78.21,85.99
Jurjen van der Velde,Adam Warner,2026-07-30,European Tour Card Holder Qualifier,Q,Quarter Final,6.0,4.0,88.79,77.63
Jurjen van der Velde,Maik Kuivenhoven,2026-07-30,European Tour Card Holder Qualifier,Q,Final,2.0,6.0,82.49,94.67
Jurjen van der Velde,Madars Razma,2026-07-30,European Tour Card Holder Qualifier,Q,Semi Final,6.0,3.0,87.92,88.99
Jurjen van der Velde,Adam Gawlas,2026-07-30,European Tour Card Holder Qualifier,Q,Quarter Final,6.0,5.0,81.87,83.76
Jurjen van der Velde,Bradley Brooks,2026-07-29,Players Championship,PT,Last 64,3.0,6.0,81.47,98.29
Jurjen van der Velde,Oliver Mitchell,2026-07-29,Players Championship,PT,Last 128,6.0,5.0,85.74,87.59
Jurjen van der Velde,Kevin Doets,2026-07-28,Players Championship,PT,Last 64,2.0,6.0,80.44,100.66
Jurjen van der Velde,Thibault Tricole,2026-07-28,Players Championship,PT,Last 128,6.0,3.0,84.25,80.92
Jurjen van der Velde,Thibault Tricole,2026-07-08,European Tour Card Holder Qualifier,Q,Quarter Final,4.0,6.0,82.04,82.46
Owen Bates,Andy Boulton,2026-07-30,European Tour Card Holder Qualifier,Q,Quarter Final,2.0,6.0,84.33,89.23
Owen Bates,Tom Bissell,2026-07-30,European Tour Card Holder Qualifier,Q,Quarter Final,4.0,6.0,92.22,98.67
Owen Bates,Beau Greaves,2026-07-30,European Tour Card Holder Qualifier,Q,Last 16,6.0,3.0,90.84,82.46
Owen Bates,Stefaan Henderyck,2026-07-29,Players Championship,PT,Last 128,2.0,6.0,82.62,83.37
Owen Bates,Max Hopp,2026-07-28,Players Championship,PT,Last 128,3.0,6.0,85.9,86.06
Owen Bates,Richard Veenstra,2026-07-08,European Tour Card Holder Qualifier,Q,Quarter Final,2.0,6.0,91.34,98.29
Owen Bates,Yorick Hofkens,2026-07-08,European Tour Card Holder Qualifier,Q,Last 16,6.0,3.0,91.42,85.79
Owen Bates,Cristo Reyes,2026-07-08,European Tour Card Holder Qualifier,Q,Semi Final,0.0,6.0,91.22,107.36
Owen Bates,Filip Bereza,2026-07-08,European Tour Card Holder Qualifier,Q,Quarter Final,6.0,5.0,81.88,77.74
Owen Bates,Chris Dobey,2026-07-07,Players Championship,PT,Last 16,3.0,6.0,78.17,91.43
Dominik Gruellich,Jeffrey de Graaf,2026-07-30,European Tour Card Holder Qualifier,Q,Last 16,2.0,6.0,89.46,90.9
Dominik Gruellich,Jeffrey de Graaf,2026-07-30,European Tour Card Holder Qualifier,Q,Quarter Final,4.0,6.0,89.81,93.91
Dominik Gruellich,Jimmy van Schie,2026-07-29,Players Championship,PT,Last 128,5.0,6.0,78.92,78.17
Dominik Gruellich,James Hurrell,2026-07-28,Players Championship,PT,Last 128,3.0,6.0,87.96,83.18
Dominik Gruellich,Kevin Doets,2026-07-10,European Tour,ET,Last 48 (Premier),4.0,6.0,84.76,98.72
Dominik Gruellich,Adam Leek,2026-07-08,European Tour Card Holder Qualifier,Q,Quarter Final,1.0,6.0,92.33,100.11
Dominik Gruellich,Sietse Lap,2026-07-08,European Tour Card Holder Qualifier,Q,Last 16,3.0,6.0,83.89,91.37
Dominik Gruellich,Niels Zonneveld,2026-07-07,Players Championship,PT,Last 128,4.0,6.0,93.47,96.88
Dominik Gruellich,Jim Long,2026-07-06,Players Championship,PT,Last 64,5.0,6.0,85.61,91.96
Dominik Gruellich,Pero Ljubić,2026-07-06,Players Championship,PT,Last 128,6.0,3.0,85.31,83.17
Leon Weber,Bradley Brooks,2026-07-30,European Tour Card Holder Qualifier,Q,Quarter Final,3.0,6.0,86.06,101.7
Leon Weber,Maik Kuivenhoven,2026-07-30,European Tour Card Holder Qualifier,Q,Quarter Final,2.0,6.0,79.76,84.17
Leon Weber,Christian Kist,2026-07-30,European Tour Card Holder Qualifier,Q,Last 16,6.0,1.0,88.64,81.97
Leon Weber,Daniel Ayres,2026-07-29,Players Championship,PT,Last 128,4.0,6.0,91.24,92.41
Leon Weber,Darius Labanauskas,2026-07-28,Players Championship,PT,Last 128,3.0,6.0,82.3,93.17
Leon Weber,Cristo Reyes,2026-07-08,European Tour Card Holder Qualifier,Q,Quarter Final,2.0,6.0,76.74,94.29
Leon Weber,Robert Owen,2026-07-08,European Tour Card Holder Qualifier,Q,Last 16,6.0,1.0,73.14,75.64
Leon Weber,Jurjen van der Velde,2026-07-08,European Tour Card Holder Qualifier,Q,Quarter Final,5.0,6.0,83.21,83.49
Leon Weber,Rob Cross,2026-07-07,Players Championship,PT,Last 128,0.0,6.0,81.93,96.97
Leon Weber,Gabriel Clemens,2026-07-06,Players Championship,PT,Last 128,1.0,6.0,82.77,92.44
Yorick Hofkens,Jim Long,2026-07-30,European Tour Card Holder Qualifier,Q,Quarter Final,1.0,6.0,79.91,89.82
Yorick Hofkens,Maximilian Czerwinski,2026-07-30,European Tour Card Holder Qualifier,Q,Quarter Final,4.0,6.0,80.37,83.88
Yorick Hofkens,Tytus Kanik,2026-07-30,European Tour Card Holder Qualifier,Q,Last 16,6.0,1.0,85.32,80.87
Yorick Hofkens,Beau Greaves,2026-07-29,Players Championship,PT,Last 64,5.0,6.0,93.54,104.11
Yorick Hofkens,Rhys Griffin,2026-07-29,Players Championship,PT,Last 128,6.0,4.0,86.43,84.67
Yorick Hofkens,Maik Kuivenhoven,2026-07-28,Players Championship,PT,Last 128,1.0,6.0,93.88,107.23
Yorick Hofkens,Owen Bates,2026-07-08,European Tour Card Holder Qualifier,Q,Last 16,3.0,6.0,85.79,91.42
Yorick Hofkens,Maik Kuivenhoven,2026-07-08,European Tour Card Holder Qualifier,Q,Last 16,4.0,6.0,85.46,87.3
Yorick Hofkens,Niall Culleton,2026-07-07,Players Championship,PT,Last 128,5.0,6.0,85.68,83.75
Yorick Hofkens,Daniel Ayres,2026-07-06,Players Championship,PT,Last 16,4.0,6.0,96.99,97.79
Wessel Nijman,Pero Ljubic,2026-07-29,Players Championship,PT,Last 128,6.0,2.0,94.39,81.65
Cristo Reyes,Rob Owen,2026-07-30,European Tour Card Holder Qualifier,Q,Final,6.0,0.0,89.29,83.06
Justin Hood,Pero Ljubic,2026-07-30,European Tour Card Holder Qualifier,Q,Quarter Final,6.0,0.0,82.73,73.49
Karel Sedláček,Christian Kist,2026-07-29,Players Championship,PT,Last 64,6.0,3.0,90.84,77.59
Karel Sedláček,Filip Bereza,2026-07-29,Players Championship,PT,Last 128,6.0,5.0,96.36,83.5
Karel Sedláček,Henry Coates,2026-07-28,Players Championship,PT,Last 64,5.0,6.0,99.32,96.13
Karel Sedláček,Stefan Bellmont,2026-07-28,Players Championship,PT,Last 128,6.0,3.0,98.53,83.26
Karel Sedláček,Jonny Clayton,2026-07-11,European Tour,ET,Last 32,1.0,6.0,97.93,99.44
Karel Sedláček,Rhys Griffin,2026-07-10,European Tour,ET,Last 48 (Premier),6.0,5.0,88.84,89.04
Karel Sedláček,Mickey Mansell,2026-07-08,European Tour Card Holder Qualifier,Q,Semi Final,1.0,6.0,88.65,95.63
James Hurrell,Rob Owen,2026-07-30,European Tour Card Holder Qualifier,Q,Quarter Final,6.0,1.0,93.4,83.01
Kim Huybrechts,Mensur Suljovic,2026-07-30,European Tour Card Holder Qualifier,Q,Quarter Final,1.0,6.0,85.82,95.32
Tom Bissell,Mensur Suljovic,2026-07-30,European Tour Card Holder Qualifier,Q,Semi Final,6.0,1.0,98.55,86.36
Ritchie Edhouse,Karel Sedlacek,2026-07-30,European Tour Card Holder Qualifier,Q,Semi Final,4.0,6.0,88.96,96.53
Mensur Suljović,Stefaan Henderyck,2026-07-08,European Tour Card Holder Qualifier,Q,Quarter Final,5.0,6.0,102.57,92.47
Mensur Suljović,Stephen Burton,2026-07-08,European Tour Card Holder Qualifier,Q,Final,2.0,6.0,94.53,96.52
Mensur Suljović,Martin Lukeman,2026-07-08,European Tour Card Holder Qualifier,Q,Semi Final,6.0,2.0,97.12,83.42
Mensur Suljović,Kai Gotthardt,2026-07-08,European Tour Card Holder Qualifier,Q,Quarter Final,6.0,3.0,94.81,95.91
Mensur Suljović,Joe Cullen,2026-07-07,Players Championship,PT,Last 64,3.0,6.0,93.44,105.98
Lukas Wenig,Samuel Price,2026-07-30,European Tour Card Holder Qualifier,Q,Quarter Final,6.0,0.0,100.2,64.21
Ricky Evans,Mensur Suljovic,2026-07-30,European Tour Card Holder Qualifier,Q,Semi Final,4.0,6.0,94.38,99.71
Wesley Plaisier,Rob Owen,2026-07-30,European Tour Card Holder Qualifier,Q,Quarter Final,3.0,6.0,76.46,94.33
Brendan Dolan,Karel Sedlacek,2026-07-30,European Tour Card Holder Qualifier,Q,Final,0.0,6.0,87.73,95.94
Mario Vandenbogaerde,Karel Sedlacek,2026-07-30,European Tour Card Holder Qualifier,Q,Last 16,4.0,6.0,81.43,91.85
Scott Williams,Karel Sedlacek,2026-07-30,European Tour Card Holder Qualifier,Q,Semi Final,4.0,6.0,89.01,97.24
Dennie Olde Kalter,Rob Owen,2026-07-30,European Tour Card Holder Qualifier,Q,Semi Final,3.0,6.0,84.28,93.62
Raymond van Barneveld,Samuel Price,2026-07-30,European Tour Card Holder Qualifier,Q,Quarter Final,6.0,2.0,86.47,67.31
Ricardo Pietreczko,Mensur Suljovic,2026-07-30,European Tour Card Holder Qualifier,Q,Quarter Final,3.0,6.0,92.06,98.22
Adam Leek,Karel Sedlacek,2026-07-30,European Tour Card Holder Qualifier,Q,Quarter Final,2.0,6.0,84.93,98.57
Jeffrey Sparidaans,Pero Ljubic,2026-07-30,European Tour Card Holder Qualifier,Q,Quarter Final,6.0,3.0,77.3,77.11
Sam Price,Sebastian Bialecki,2026-07-08,European Tour Card Holder Qualifier,Q,Last 16,6.0,5.0,93.27,92.2
Sam Price,Darryl Pilgrim,2026-07-07,Players Championship,PT,Last 128,2.0,6.0,87.95,87.65
Carl Sneyd,Karel Sedlacek,2026-07-30,European Tour Card Holder Qualifier,Q,Quarter Final,2.0,6.0,83.34,90.55
Pero Ljubić,Karel Sedláček,2026-06-16,Players Championship,PT,Last 64,2.0,6.0,78.12,92.88
Pero Ljubić,Marvin Kraft,2026-06-16,Players Championship,PT,Last 128,6.0,5.0,87.93,81.69
Pero Ljubić,Ritchie Edhouse,2026-05-20,European Tour Card Holder Qualifier,Q,Quarter Final,0.0,6.0,55.58,88.41
Pero Ljubić,Scott Williams,2026-05-20,European Tour Card Holder Qualifier,Q,Quarter Final,1.0,6.0,63.9,88.18
Cristo Reyes,David Sharp,2026-07-28,Players Championship,PT,Last 32,6.0,2.0,88.26,86.82
Cristo Reyes,Ricardo Pietreczko,2026-07-28,Players Championship,PT,Last 64,6.0,4.0,99.84,96.22
Cristo Reyes,Pero Ljubic,2026-07-28,Players Championship,PT,Last 128,6.0,0.0,96.97,84.27
Cristo Reyes,Mickey Mansell,2026-07-08,European Tour Card Holder Qualifier,Q,Final,6.0,1.0,100.11,88.84
Cristo Reyes,Carl Sneyd,2026-07-08,European Tour Card Holder Qualifier,Q,Semi Final,6.0,4.0,91.91,86.68
Cristo Reyes,Leon Weber,2026-07-08,European Tour Card Holder Qualifier,Q,Quarter Final,6.0,2.0,94.29,76.74
Jeffrey de Graaf,Henry Coates,2026-07-28,Players Championship,PT,Semi Final,3.0,7.0,94.53,95.76
Jeffrey de Graaf,Max Hopp,2026-07-28,Players Championship,PT,Quarter Final,6.0,1.0,99.47,92.53
Jeffrey de Graaf,Brendan Dolan,2026-07-28,Players Championship,PT,Last 16,6.0,5.0,95.53,93.27
Jeffrey de Graaf,Michael van Gerwen,2026-07-28,Players Championship,PT,Last 32,6.0,4.0,105.99,105.34
Jeffrey de Graaf,Shane McGuirk,2026-07-28,Players Championship,PT,Last 64,6.0,4.0,92.59,91.19
Jeffrey de Graaf,Scott Williams,2026-07-28,Players Championship,PT,Last 128,6.0,3.0,103.13,92.6
Jeffrey de Graaf,Chris Landman,2026-07-08,European Tour Card Holder Qualifier,Q,Quarter Final,4.0,6.0,90.99,90.29
Justin Hood,Steve Lennon,2026-07-28,Players Championship,PT,Last 64,6.0,1.0,93.56,82.74
Justin Hood,Callan Rydz,2026-07-28,Players Championship,PT,Last 128,6.0,4.0,105.72,93.85
Justin Hood,Mickey Mansell,2026-07-08,European Tour Card Holder Qualifier,Q,Quarter Final,0.0,6.0,86.58,93.94
Connor Scutt,Lukas Wenig,2026-07-08,European Tour Card Holder Qualifier,Q,Last 16,6.0,4.0,93.64,90.64
Connor Scutt,Ricky Evans,2026-07-08,European Tour Card Holder Qualifier,Q,Final,6.0,4.0,108.09,95.36
Connor Scutt,Tom Sykes,2026-07-08,European Tour Card Holder Qualifier,Q,Semi Final,6.0,5.0,102.94,102.29
Connor Scutt,Adam Leek,2026-07-08,European Tour Card Holder Qualifier,Q,Quarter Final,6.0,0.0,99.1,97.04
Callan Rydz,Cristo Reyes,2026-07-06,Players Championship,PT,Last 64,4.0,6.0,90.02,96.04
James Hurrell,Dominik Gruellich,2026-07-28,Players Championship,PT,Last 128,6.0,3.0,83.18,87.96
James Hurrell,Callan Rydz,2026-07-08,European Tour Card Holder Qualifier,Q,Final,6.0,4.0,92.41,91.72
James Hurrell,Max Hopp,2026-07-08,European Tour Card Holder Qualifier,Q,Semi Final,6.0,5.0,93.55,97.69
James Hurrell,Jeffrey de Zwaan,2026-07-08,European Tour Card Holder Qualifier,Q,Quarter Final,6.0,3.0,91.34,92.45
Richard Veenstra,Maik Kuivenhoven,2026-07-08,European Tour Card Holder Qualifier,Q,Semi Final,3.0,6.0,85.47,85.13
Richard Veenstra,Owen Bates,2026-07-08,European Tour Card Holder Qualifier,Q,Quarter Final,6.0,2.0,98.29,91.34
Richard Veenstra,Gabriel Clemens,2026-07-08,European Tour Card Holder Qualifier,Q,Quarter Final,3.0,6.0,95.48,98.75
Alan Soutar,Nathan Potter,2026-07-06,Players Championship,PT,Last 128,4.0,6.0,95.36,88.73
Alan Soutar,Maik Kuivenhoven,2026-06-17,Players Championship,PT,Last 64,3.0,6.0,76.73,80.4
Alan Soutar,Karel Sedláček,2026-06-17,Players Championship,PT,Last 128,6.0,1.0,101.62,96.5
Kim Huybrechts,Charlie Manby,2026-07-08,European Tour Card Holder Qualifier,Q,Final,6.0,4.0,94.34,86.94
Kim Huybrechts,Shane McGuirk,2026-07-08,European Tour Card Holder Qualifier,Q,Semi Final,6.0,2.0,98.65,88.58
Kim Huybrechts,Dennie Olde Kalter,2026-07-08,European Tour Card Holder Qualifier,Q,Quarter Final,6.0,2.0,98.67,88.01
Kim Huybrechts,Marvin Kraft,2026-07-08,European Tour Card Holder Qualifier,Q,Last 16,6.0,5.0,93.87,82.98
Ritchie Edhouse,Darryl Pilgrim,2026-07-08,European Tour Card Holder Qualifier,Q,Semi Final,6.0,4.0,95.13,101.65
Ritchie Edhouse,Wesley Plaisier,2026-07-08,European Tour Card Holder Qualifier,Q,Quarter Final,6.0,5.0,95.25,93.79
Ritchie Edhouse,Bradley Brooks,2026-07-08,European Tour Card Holder Qualifier,Q,Quarter Final,4.0,6.0,89.37,93.16
Mike De Decker,Chris Landman,2026-07-06,Players Championship,PT,Last 128,6.0,5.0,89.07,89.98
Tom Bissell,Kai Gotthardt,2026-07-08,European Tour Card Holder Qualifier,Q,Semi Final,6.0,4.0,89.27,83.72
Tom Bissell,Raymond van Barneveld,2026-07-08,European Tour Card Holder Qualifier,Q,Quarter Final,6.0,0.0,96.97,87.17
Tom Bissell,Callan Rydz,2026-07-08,European Tour Card Holder Qualifier,Q,Quarter Final,4.0,6.0,97.37,89.21
Tom Bissell,Michael van Gerwen,2026-07-07,Players Championship,PT,Last 128,5.0,6.0,104.32,101.49
Tom Bissell,Dave Chisnall,2026-07-06,Players Championship,PT,Last 128,5.0,6.0,104.57,97.97
Tom Bissell,Maik Kuivenhoven,2026-06-17,Players Championship,PT,Semi Final,6.0,7.0,83.35,83.45
Bradley Brooks,Mike De Decker,2026-07-29,Players Championship,PT,Last 128,6.0,4.0,104.29,95.41
Bradley Brooks,Henry Coates,2026-07-28,Players Championship,PT,Last 16,4.0,6.0,95.54,104.59
Bradley Brooks,Jermaine Wattimena,2026-07-28,Players Championship,PT,Last 32,6.0,0.0,92.02,84.26
Bradley Brooks,Tom Bissell,2026-07-28,Players Championship,PT,Last 64,6.0,2.0,99.19,99.55
Bradley Brooks,Nathan Potter,2026-07-28,Players Championship,PT,Last 128,6.0,1.0,91.86,73.0
Bradley Brooks,Wessel Nijman,2026-07-11,European Tour,ET,Last 32,0.0,6.0,86.86,94.93
Bradley Brooks,Lukas Wenig,2026-07-10,European Tour,ET,Last 48 (Premier),6.0,2.0,87.11,83.71
Tom Sykes,Tavis Dudeney,2026-07-08,European Tour Card Holder Qualifier,Q,Quarter Final,6.0,0.0,89.29,62.73
Tom Sykes,Mickey Mansell,2026-07-07,Players Championship,PT,Last 64,4.0,6.0,89.79,87.81
Max Hopp,Tyler Thorpe,2026-07-28,Players Championship,PT,Last 32,6.0,3.0,83.56,81.99
Max Hopp,Sam Price,2026-07-28,Players Championship,PT,Last 64,6.0,2.0,96.79,88.72
Max Hopp,Owen Bates,2026-07-28,Players Championship,PT,Last 128,6.0,3.0,86.06,85.9
Max Hopp,Krzysztof Ratajski,2026-07-11,European Tour,ET,Last 32,3.0,6.0,92.37,94.07
Max Hopp,Rob Cross,2026-07-10,European Tour,ET,Last 48 (Premier),6.0,3.0,95.34,93.3
Gabriel Clemens,Luke Woodhouse,2026-07-07,Players Championship,PT,Final,8.0,6.0,94.53,96.0
Gabriel Clemens,Brendan Dolan,2026-07-07,Players Championship,PT,Semi Final,7.0,3.0,100.77,90.39
Gabriel Clemens,Mickey Mansell,2026-07-07,Players Championship,PT,Quarter Final,6.0,1.0,92.04,80.19
Gabriel Clemens,Scott Williams,2026-07-07,Players Championship,PT,Last 16,6.0,5.0,94.17,94.48
Mickey Mansell,Nathan Aspinall,2026-07-11,European Tour,ET,Last 32,1.0,6.0,93.57,107.23
Mickey Mansell,Michal Smejda,2026-07-10,European Tour,ET,Last 48 (Premier),6.0,1.0,85.75,78.03
Mickey Mansell,Cristo Reyes,2026-07-08,European Tour Card Holder Qualifier,Q,Final,1.0,6.0,88.84,100.11
Mickey Mansell,Karel Sedláček,2026-07-08,European Tour Card Holder Qualifier,Q,Semi Final,6.0,1.0,95.63,88.65
Beau Greaves,Chris Landman,2026-07-28,Players Championship,PT,Last 128,6.0,2.0,99.95,86.57
Beau Greaves,Fallon Sherrock,2026-07-26,Womens World Matchplay,MJ,Final,6.0,5.0,88.63,87.84
Beau Greaves,Gemma Hayter,2026-07-26,Womens World Matchplay,MJ,Semi Final,5.0,4.0,86.74,80.44
Beau Greaves,Kirsi Viinikainen,2026-07-26,Womens World Matchplay,MJ,Quarter Final,5.0,1.0,91.91,78.1
Keane Barry,Alexander Merkx,2026-07-08,European Tour Card Holder Qualifier,Q,Final,6.0,4.0,94.97,91.98
Keane Barry,Jim Long,2026-07-08,European Tour Card Holder Qualifier,Q,Semi Final,6.0,3.0,94.41,84.41
Keane Barry,Sam Price,2026-07-08,European Tour Card Holder Qualifier,Q,Quarter Final,6.0,5.0,90.54,85.82
Keane Barry,Jermaine Wattimena,2026-07-07,Players Championship,PT,Last 128,3.0,6.0,83.35,93.52
Keane Barry,Rob Cross,2026-07-06,Players Championship,PT,Last 128,2.0,6.0,91.77,103.99
Lukas Wenig,Luke Woodhouse,2026-07-06,Players Championship,PT,Last 128,3.0,6.0,86.96,96.73
Lukas Wenig,Tytus Kanik,2026-06-17,Players Championship,PT,Last 128,3.0,6.0,85.11,84.18
Lukas Wenig,Jeffrey de Zwaan,2026-06-16,Players Championship,PT,Last 128,4.0,6.0,94.33,95.06
Ricky Evans,Connor Scutt,2026-07-08,European Tour Card Holder Qualifier,Q,Final,4.0,6.0,95.36,108.09
Ricky Evans,Rusty-Jake Rodriguez,2026-07-08,European Tour Card Holder Qualifier,Q,Semi Final,6.0,1.0,80.7,79.3
Ricky Evans,Dave Chisnall,2026-07-08,European Tour Card Holder Qualifier,Q,Quarter Final,6.0,4.0,89.35,91.43
Charlie Manby,Beau Greaves,2026-07-08,European Tour Card Holder Qualifier,Q,Quarter Final,2.0,6.0,81.8,81.6
Charlie Manby,Kim Huybrechts,2026-07-08,European Tour Card Holder Qualifier,Q,Final,4.0,6.0,86.94,94.34
Charlie Manby,Benjamin Pratnemer,2026-07-08,European Tour Card Holder Qualifier,Q,Semi Final,6.0,3.0,96.28,92.38
Charlie Manby,Maximilian Czerwinski,2026-07-08,European Tour Card Holder Qualifier,Q,Quarter Final,6.0,4.0,96.32,85.5
Charlie Manby,Dirk van Duijvenbode,2026-07-07,Players Championship,PT,Last 128,1.0,6.0,89.26,98.23
Michael Smith,Rhys Griffin,2026-07-07,Players Championship,PT,Last 128,0.0,6.0,85.76,99.1
Michael Smith,Tommy Lishman,2026-07-06,Players Championship,PT,Last 128,4.0,6.0,81.34,92.32
Michael Smith,Dennie Olde Kalter,2026-06-17,Players Championship,PT,Last 64,4.0,6.0,88.33,94.38
Michael Smith,Daniel Ayres,2026-06-17,Players Championship,PT,Last 128,6.0,4.0,88.06,89.86
Michael Smith,Ross Smith,2026-06-16,Players Championship,PT,Last 32,5.0,6.0,105.32,107.88
Shane McGuirk,Nathan Potter,2026-07-07,Players Championship,PT,Last 64,3.0,6.0,80.28,85.49
Shane McGuirk,Karel Sedláček,2026-07-07,Players Championship,PT,Last 128,6.0,5.0,90.48,90.13
Shane McGuirk,Stephen Bunting,2026-07-06,Players Championship,PT,Last 64,1.0,6.0,93.41,102.18
Darryl Pilgrim,Ritchie Edhouse,2026-07-08,European Tour Card Holder Qualifier,Q,Semi Final,4.0,6.0,101.65,95.13
Darryl Pilgrim,David Sharp,2026-07-08,European Tour Card Holder Qualifier,Q,Quarter Final,6.0,1.0,92.13,83.57
Darryl Pilgrim,Thibault Tricole,2026-07-08,European Tour Card Holder Qualifier,Q,Quarter Final,3.0,6.0,89.8,94.95
Darryl Pilgrim,Tytus Kanik,2026-07-08,European Tour Card Holder Qualifier,Q,Last 16,6.0,3.0,84.38,77.58
Dave Chisnall,Christian Kist,2026-07-06,Players Championship,PT,Quarter Final,6.0,3.0,92.57,93.23
Wesley Plaisier,Beau Greaves,2026-07-08,European Tour Card Holder Qualifier,Q,Quarter Final,3.0,6.0,82.95,82.9
Wesley Plaisier,Justin Hood,2026-07-07,Players Championship,PT,Last 128,5.0,6.0,93.65,97.37
Wesley Plaisier,David Sharp,2026-07-06,Players Championship,PT,Last 16,3.0,6.0,88.01,94.61
Wesley Plaisier,Rob Cross,2026-07-06,Players Championship,PT,Last 32,6.0,2.0,100.35,98.18
Wesley Plaisier,Adam Leek,2026-07-06,Players Championship,PT,Last 64,6.0,2.0,94.95,87.67
Maik Kuivenhoven,Cam Crabtree,2026-07-08,European Tour Card Holder Qualifier,Q,Final,6.0,5.0,96.09,97.34
Maik Kuivenhoven,Richard Veenstra,2026-07-08,European Tour Card Holder Qualifier,Q,Semi Final,6.0,3.0,85.13,85.47
Maik Kuivenhoven,Stephen Burton,2026-07-08,European Tour Card Holder Qualifier,Q,Quarter Final,6.0,5.0,92.34,90.5
Maik Kuivenhoven,Mario Vandenbogaerde,2026-07-08,European Tour Card Holder Qualifier,Q,Quarter Final,2.0,6.0,82.35,88.93
Alexander Merkx,Madars Razma,2026-07-08,European Tour Card Holder Qualifier,Q,Semi Final,6.0,1.0,88.12,79.15
Alexander Merkx,Ian White,2026-07-08,European Tour Card Holder Qualifier,Q,Quarter Final,6.0,1.0,95.72,91.9
Madars Razma,Marvin van Velzen,2026-07-08,European Tour Card Holder Qualifier,Q,Quarter Final,6.0,3.0,96.71,86.69
Madars Razma,Gian van Veen,2026-07-07,Players Championship,PT,Quarter Final,3.0,6.0,82.8,92.28
Madars Razma,Jermaine Wattimena,2026-07-07,Players Championship,PT,Last 16,6.0,2.0,93.05,87.1
Madars Razma,Andrew Gilding,2026-07-07,Players Championship,PT,Last 32,6.0,5.0,91.9,91.81
Brendan Dolan,Tommy Morris,2026-07-28,Players Championship,PT,Last 128,6.0,4.0,95.8,95.3
Brendan Dolan,Connor Scutt,2026-07-08,European Tour Card Holder Qualifier,Q,Semi Final,3.0,6.0,100.48,97.27
Brendan Dolan,Kim Huybrechts,2026-07-08,European Tour Card Holder Qualifier,Q,Quarter Final,6.0,4.0,89.34,92.31
Brendan Dolan,Jim Long,2026-07-08,European Tour Card Holder Qualifier,Q,Quarter Final,5.0,6.0,83.76,82.73
Stephen Burton,Adam Lipscombe,2026-07-08,European Tour Card Holder Qualifier,Q,Semi Final,6.0,5.0,85.59,80.97
Stephen Burton,Nick Kenny,2026-07-08,European Tour Card Holder Qualifier,Q,Quarter Final,6.0,5.0,83.88,83.67
Stephen Burton,Niels Zonneveld,2026-07-07,Players Championship,PT,Last 64,5.0,6.0,93.92,99.49
Stephen Burton,Tavis Dudeney,2026-07-07,Players Championship,PT,Last 128,6.0,1.0,88.94,69.92
Stephen Burton,Harry Ward,2026-07-06,Players Championship,PT,Last 64,4.0,6.0,82.99,82.67
Stephen Burton,Brendan Dolan,2026-07-06,Players Championship,PT,Last 128,6.0,5.0,90.95,90.89
Mario Vandenbogaerde,Tytus Kanik,2026-07-29,Players Championship,PT,Last 128,6.0,3.0,88.55,86.21
Mario Vandenbogaerde,Dave Chisnall,2026-07-28,Players Championship,PT,Last 128,5.0,6.0,91.54,94.48
Mario Vandenbogaerde,Dragutin Horvat,2026-07-10,European Tour,ET,Last 48 (Premier),2.0,6.0,74.7,79.52
Mario Vandenbogaerde,Sam Price,2026-07-08,European Tour Card Holder Qualifier,Q,Semi Final,5.0,6.0,88.89,87.74
Jeffrey de Zwaan,Richard Veenstra,2026-07-07,Players Championship,PT,Last 64,6.0,5.0,87.43,90.67
Jeffrey de Zwaan,Darius Labanauskas,2026-07-07,Players Championship,PT,Last 128,6.0,3.0,97.15,92.82
Scott Williams,Josh Rock,2026-07-07,Players Championship,PT,Last 32,6.0,3.0,93.47,91.61
Scott Williams,Dave Chisnall,2026-07-07,Players Championship,PT,Last 64,6.0,2.0,93.8,95.21
Scott Williams,Martin Lukeman,2026-07-07,Players Championship,PT,Last 128,6.0,2.0,95.87,93.73
Scott Williams,Cor Dekker,2026-07-06,Players Championship,PT,Last 128,3.0,6.0,89.66,102.49
Darius Labanauskas,Jeffrey de Zwaan,2026-07-07,Players Championship,PT,Last 128,3.0,6.0,92.82,97.15
Darius Labanauskas,Ryan Searle,2026-07-06,Players Championship,PT,Last 128,3.0,6.0,86.55,91.42
Darius Labanauskas,Jonny Clayton,2026-06-17,Players Championship,PT,Last 64,2.0,6.0,90.5,93.19
Cam Crabtree,Tavis Dudeney,2026-07-08,European Tour Card Holder Qualifier,Q,Quarter Final,6.0,2.0,91.78,69.57
Cam Crabtree,Martin Lukeman,2026-07-08,European Tour Card Holder Qualifier,Q,Quarter Final,5.0,6.0,84.67,79.27
Cam Crabtree,Luke Woodhouse,2026-07-07,Players Championship,PT,Last 32,3.0,6.0,89.36,92.91
Cam Crabtree,Cristo Reyes,2026-07-07,Players Championship,PT,Last 64,6.0,5.0,87.38,87.77
Cam Crabtree,Carl Sneyd,2026-07-07,Players Championship,PT,Last 128,6.0,3.0,84.58,78.22
Christian Kist,Robert Owen,2026-07-08,European Tour Card Holder Qualifier,Q,Quarter Final,1.0,6.0,87.67,95.97
Christian Kist,Justin Hood,2026-07-07,Players Championship,PT,Last 64,5.0,6.0,87.74,88.75
Ryan Meikle,Cristo Reyes,2026-07-08,European Tour Card Holder Qualifier,Q,Last 16,1.0,6.0,77.03,93.9
Ryan Meikle,Chris Landman,2026-07-07,Players Championship,PT,Last 64,4.0,6.0,86.06,96.1
Ryan Meikle,Wessel Nijman,2026-07-07,Players Championship,PT,Last 128,6.0,5.0,91.52,95.32
Ryan Meikle,Danny Noppert,2026-07-06,Players Championship,PT,Last 128,4.0,6.0,90.23,97.63
Raymond van Barneveld,Mickey Mansell,2026-07-28,Players Championship,PT,Last 64,1.0,6.0,88.15,98.12
Raymond van Barneveld,Keane Barry,2026-07-28,Players Championship,PT,Last 128,6.0,5.0,94.81,92.38
Raymond van Barneveld,Tom Bissell,2026-07-08,European Tour Card Holder Qualifier,Q,Quarter Final,0.0,6.0,87.17,96.97
Raymond van Barneveld,Benjamin Pratnemer,2026-07-08,European Tour Card Holder Qualifier,Q,Quarter Final,3.0,6.0,90.12,104.03
Raymond van Barneveld,Luke Woodhouse,2026-07-07,Players Championship,PT,Last 64,3.0,6.0,90.77,90.69
Raymond van Barneveld,Jack Tweddell,2026-07-07,Players Championship,PT,Last 128,6.0,1.0,98.8,96.36
Kai Gotthardt,Daryl Gurney,2026-07-06,Players Championship,PT,Last 128,6.0,5.0,96.24,94.38
Kai Gotthardt,Krzysztof Ratajski,2026-06-17,Players Championship,PT,Last 128,5.0,6.0,97.8,93.88
David Sharp,Darryl Pilgrim,2026-07-08,European Tour Card Holder Qualifier,Q,Quarter Final,1.0,6.0,83.57,92.13
David Sharp,Callan Rydz,2026-07-08,European Tour Card Holder Qualifier,Q,Final,4.0,6.0,91.16,101.7
David Sharp,Adam Warner,2026-07-08,European Tour Card Holder Qualifier,Q,Semi Final,6.0,4.0,84.71,86.44
David Sharp,Jeffrey de Zwaan,2026-07-08,European Tour Card Holder Qualifier,Q,Quarter Final,6.0,5.0,82.36,75.67
David Sharp,Pero Ljubić,2026-07-08,European Tour Card Holder Qualifier,Q,Last 16,6.0,2.0,91.3,82.9
Chris Landman,Lukas Wenig,2026-07-08,European Tour Card Holder Qualifier,Q,Quarter Final,5.0,6.0,80.41,89.35
Chris Landman,Mickey Mansell,2026-07-07,Players Championship,PT,Last 32,0.0,6.0,86.23,93.94
Chris Landman,Ryan Meikle,2026-07-07,Players Championship,PT,Last 64,6.0,4.0,96.1,86.06
Chris Landman,Daniel Ayres,2026-07-07,Players Championship,PT,Last 128,6.0,4.0,95.35,88.37
Chris Landman,Mike De Decker,2026-07-06,Players Championship,PT,Last 128,5.0,6.0,89.98,89.07
Chris Landman,Rob Cross,2026-06-17,Players Championship,PT,Last 128,1.0,6.0,87.54,91.57
Dennie Olde Kalter,Marvin van Velzen,2026-07-06,Players Championship,PT,Last 128,6.0,3.0,96.39,93.29
Dennie Olde Kalter,Cam Crabtree,2026-06-17,Players Championship,PT,Last 32,2.0,6.0,87.36,92.5
Dennie Olde Kalter,Michael Smith,2026-06-17,Players Championship,PT,Last 64,6.0,4.0,94.38,88.33
Adam Lipscombe,Viktor Tingstrom,2026-07-07,Players Championship,PT,Last 128,4.0,6.0,86.67,82.77
Adam Lipscombe,Jimmy van Schie,2026-07-06,Players Championship,PT,Last 128,5.0,6.0,85.06,88.48
Jimmy van Schie,Tom Sykes,2026-07-06,Players Championship,PT,Last 64,4.0,6.0,91.73,99.57
Jimmy van Schie,Adam Lipscombe,2026-07-06,Players Championship,PT,Last 128,6.0,5.0,88.48,85.06
Cor Dekker,Jimmy van Schie,2026-07-08,European Tour Card Holder Qualifier,Q,Last 16,6.0,1.0,93.85,85.77
Cor Dekker,Beau Greaves,2026-07-08,European Tour Card Holder Qualifier,Q,Semi Final,1.0,6.0,91.43,96.42
Cor Dekker,Sietse Lap,2026-07-08,European Tour Card Holder Qualifier,Q,Quarter Final,6.0,2.0,78.61,78.32
Cor Dekker,Gary Anderson,2026-07-07,Players Championship,PT,Last 128,3.0,6.0,88.37,95.82
Cor Dekker,Cameron Menzies,2026-07-06,Players Championship,PT,Last 32,0.0,6.0,82.78,92.02
Cor Dekker,Danny Noppert,2026-07-06,Players Championship,PT,Last 64,6.0,1.0,101.68,91.81
Benjamin Pratnemer,Charlie Manby,2026-07-08,European Tour Card Holder Qualifier,Q,Semi Final,3.0,6.0,92.38,96.28
Benjamin Pratnemer,Raymond van Barneveld,2026-07-08,European Tour Card Holder Qualifier,Q,Quarter Final,6.0,3.0,104.03,90.12
Benjamin Pratnemer,Andrew Gilding,2026-07-07,Players Championship,PT,Last 64,3.0,6.0,84.0,91.83
Mervyn King,Rhys Griffin,2026-07-08,European Tour Card Holder Qualifier,Q,Quarter Final,6.0,1.0,95.34,85.21
Mervyn King,Justin Hood,2026-07-07,Players Championship,PT,Last 32,3.0,6.0,91.86,105.9
Mervyn King,Ryan Joyce,2026-07-07,Players Championship,PT,Last 64,6.0,5.0,90.53,90.09
Stephen Rosney,Robert Owen,2026-07-06,Players Championship,PT,Last 128,3.0,6.0,83.15,89.86
Stephen Rosney,Mario Vandenbogaerde,2026-06-17,Players Championship,PT,Last 128,1.0,6.0,85.31,89.45
Stephen Rosney,Ross Smith,2026-06-16,Players Championship,PT,Last 64,2.0,6.0,85.51,95.95
Tyler Thorpe,Cristo Reyes,2026-07-08,European Tour Card Holder Qualifier,Q,Quarter Final,0.0,6.0,85.22,91.09
Tyler Thorpe,Damon Heta,2026-07-07,Players Championship,PT,Last 128,4.0,6.0,94.35,99.06
Tyler Thorpe,Ryan Joyce,2026-07-06,Players Championship,PT,Last 128,4.0,6.0,93.51,92.84
Tyler Thorpe,Chris Dobey,2026-06-20,European Tour,ET,Last 32,4.0,6.0,91.78,90.75
Thibault Tricole,Daniel Ayres,2026-07-06,Players Championship,PT,Last 64,3.0,6.0,88.53,88.89
Thibault Tricole,Tavis Dudeney,2026-07-06,Players Championship,PT,Last 128,6.0,2.0,82.1,80.05
Andy Boulton,Kevin Doets,2026-07-06,Players Championship,PT,Last 64,6.0,4.0,88.35,82.8
Andy Boulton,Mickey Mansell,2026-07-06,Players Championship,PT,Last 128,6.0,5.0,92.59,93.74
Andy Boulton,Kim Huybrechts,2026-06-17,Players Championship,PT,Last 128,5.0,6.0,85.66,92.32
Ricardo Pietreczko,Andrew Gilding,2026-07-07,Players Championship,PT,Last 128,4.0,6.0,85.13,90.82
Ricardo Pietreczko,Mario Vandenbogaerde,2026-07-06,Players Championship,PT,Last 128,4.0,6.0,89.65,94.54
Adam Gawlas,Tommy Morris,2026-06-16,Players Championship,PT,Last 64,6.0,3.0,91.88,88.03
Adam Gawlas,Marvin van Velzen,2026-06-16,Players Championship,PT,Last 128,6.0,1.0,93.58,76.91
Jurjen van der Velde,Mario Vandenbogaerde,2026-07-08,European Tour Card Holder Qualifier,Q,Semi Final,1.0,6.0,77.26,83.98
Jurjen van der Velde,Leon Weber,2026-07-08,European Tour Card Holder Qualifier,Q,Quarter Final,6.0,5.0,83.49,83.21
Jurjen van der Velde,Aden Kirk,2026-07-07,Players Championship,PT,Last 128,1.0,6.0,87.2,88.29
Jurjen van der Velde,Krzysztof Ratajski,2026-07-06,Players Championship,PT,Last 128,0.0,6.0,81.82,85.08
Jurjen van der Velde,Stephen Bunting,2026-06-17,Players Championship,PT,Last 64,4.0,6.0,90.8,92.5
Peter Wright,William O&#039;Connor,2026-07-06,Players Championship,PT,Last 128,5.0,6.0,85.91,89.69
Peter Wright,Chris Dobey,2026-06-17,Players Championship,PT,Last 128,5.0,6.0,90.99,97.63
Peter Wright,Shane McGuirk,2026-06-16,Players Championship,PT,Last 64,1.0,6.0,85.1,92.84
Owen Bates,Cameron Menzies,2026-07-07,Players Championship,PT,Last 32,6.0,5.0,88.43,90.38
Owen Bates,William O&#039;Connor,2026-07-07,Players Championship,PT,Last 64,6.0,5.0,90.27,86.83
Owen Bates,Beau Greaves,2026-07-07,Players Championship,PT,Last 128,6.0,5.0,90.17,90.88
Nick Kenny,Niall Culleton,2026-07-07,Players Championship,PT,Last 64,5.0,6.0,79.92,77.9
Nick Kenny,Jeffrey de Graaf,2026-07-07,Players Championship,PT,Last 128,6.0,2.0,85.14,84.72
Nick Kenny,Max Hopp,2026-07-06,Players Championship,PT,Last 128,2.0,6.0,93.83,93.15
Nick Kenny,Tommy Morris,2026-06-17,Players Championship,PT,Last 128,1.0,6.0,85.69,101.39
Adam Leek,Wesley Plaisier,2026-07-06,Players Championship,PT,Last 64,2.0,6.0,87.67,94.95
Adam Leek,Dirk van Duijvenbode,2026-07-06,Players Championship,PT,Last 128,6.0,2.0,93.02,91.83
Rhys Griffin,Michael Smith,2026-07-07,Players Championship,PT,Last 128,6.0,0.0,99.1,85.76
Rhys Griffin,Mike De Decker,2026-07-06,Players Championship,PT,Last 64,3.0,6.0,82.79,95.74
Rhys Griffin,Martin Schindler,2026-07-06,Players Championship,PT,Last 128,6.0,4.0,83.89,89.57
Thomas Lovely,Gabriel Clemens,2026-07-07,Players Championship,PT,Last 128,3.0,6.0,84.52,93.5
Thomas Lovely,Kevin Doets,2026-07-06,Players Championship,PT,Last 128,2.0,6.0,80.36,89.68
Thomas Lovely,Kevin Doets,2026-06-17,Players Championship,PT,Last 128,3.0,6.0,84.04,90.48
Thomas Lovely,Sebastian Bialecki,2026-06-16,Players Championship,PT,Last 128,4.0,6.0,92.66,96.16
Thomas Lovely,Leon Weber,2026-06-03,Players Championship,PT,Last 128,1.0,6.0,87.76,93.08
Arno Merk,Ryan Joyce,2026-06-17,Players Championship,PT,Last 128,4.0,6.0,86.35,86.26
Arno Merk,Richard Veenstra,2026-06-16,Players Championship,PT,Last 64,5.0,6.0,84.99,90.83
Pascal Rupprecht,Ryan Searle,2026-05-18,Players Championship,PT,Last 64,4.0,6.0,91.23,95.44
Pascal Rupprecht,Rusty-Jake Rodriguez,2026-05-18,Players Championship,PT,Last 128,6.0,3.0,90.66,88.45
Sietse Lap,Dennie Olde Kalter,2026-07-08,European Tour Card Holder Qualifier,Q,Quarter Final,5.0,6.0,93.05,91.38
Sietse Lap,Cor Dekker,2026-07-08,European Tour Card Holder Qualifier,Q,Quarter Final,2.0,6.0,78.32,78.61
Sietse Lap,Dominik Gruellich,2026-07-08,European Tour Card Holder Qualifier,Q,Last 16,6.0,3.0,91.37,83.89
Sietse Lap,Maik Kuivenhoven,2026-07-07,Players Championship,PT,Last 128,0.0,6.0,84.16,92.97
Sietse Lap,Wesley Plaisier,2026-07-06,Players Championship,PT,Last 128,2.0,6.0,90.67,89.86
Adam Warner,Robert Owen,2026-07-06,Players Championship,PT,Last 64,6.0,3.0,89.49,91.8
Adam Warner,Jeffrey de Graaf,2026-07-06,Players Championship,PT,Last 128,6.0,2.0,89.44,89.07
Jim Long,Jason Watt,2026-07-18,CDC Pro Tour,0,Quarter Final,3.0,6.0,91.55,93.52
Jim Long,John Cioffoletti,2026-07-18,CDC Pro Tour,0,Last 16,6.0,1.0,87.03,77.62
Jim Long,Edward LaVeck,2026-07-18,CDC Pro Tour,0,Last 32,5.0,0.0,84.44,71.62
Jim Long,Travis Rawn,2026-07-18,CDC Pro Tour,0,Last 64,5.0,1.0,81.87,70.64
Jim Long,Jeff Smith,2026-07-17,CDC Pro Tour,0,Last 16,3.0,6.0,88.81,90.27
Dominik Gruellich,Dave Chisnall,2026-06-17,Players Championship,PT,Last 128,2.0,6.0,84.74,93.52
Dominik Gruellich,Ryan Meikle,2026-06-16,Players Championship,PT,Last 128,3.0,6.0,89.91,92.79
Marvin van Velzen,Dennie Olde Kalter,2026-07-06,Players Championship,PT,Last 128,3.0,6.0,93.29,96.39
Marvin van Velzen,Maximilian Czerwinski,2026-06-17,Players Championship,PT,Last 128,0.0,6.0,81.15,85.89
Jeffrey Sparidaans,Wessel Nijman,2026-07-06,Players Championship,PT,Last 64,2.0,6.0,88.43,102.6
Jeffrey Sparidaans,Jeffrey de Zwaan,2026-07-06,Players Championship,PT,Last 128,6.0,4.0,90.5,87.21
Jeffrey Sparidaans,Tom Bissell,2026-06-17,Players Championship,PT,Last 32,5.0,6.0,87.0,91.38
Greg Ritchie,Dave Chisnall,2026-07-07,Players Championship,PT,Last 128,4.0,6.0,74.98,79.1
Greg Ritchie,Derek Coulson,2026-07-06,Players Championship,PT,Last 128,2.0,6.0,92.05,94.98
Greg Ritchie,Ryan Searle,2026-06-17,Players Championship,PT,Last 32,2.0,6.0,92.5,102.11
Greg Ritchie,Jim Long,2026-06-17,Players Championship,PT,Last 64,6.0,5.0,82.51,78.19
Stefan Bellmont,Jermaine Wattimena,2026-06-16,Players Championship,PT,Last 64,1.0,6.0,84.24,98.12
Niall Culleton,Chris Dobey,2026-07-07,Players Championship,PT,Last 32,3.0,6.0,87.73,96.15
Niall Culleton,Nick Kenny,2026-07-07,Players Championship,PT,Last 64,6.0,5.0,77.9,79.92
Oskar Lukasiak,Joe Cullen,2026-06-03,Players Championship,PT,Last 32,3.0,6.0,81.55,83.46
Oskar Lukasiak,Mario Vandenbogaerde,2026-06-03,Players Championship,PT,Last 64,6.0,3.0,89.83,85.78
Oskar Lukasiak,Damon Heta,2026-06-03,Players Championship,PT,Last 128,6.0,5.0,91.11,91.09
Oskar Lukasiak,Tom Sykes,2026-06-02,Players Championship,PT,Last 128,1.0,6.0,79.36,99.29
Leon Weber,Connor Scutt,2026-06-17,Players Championship,PT,Last 128,1.0,6.0,92.54,94.64
Leon Weber,Niko Springer,2026-06-16,Players Championship,PT,Last 128,2.0,6.0,79.37,90.28
Leon Weber,Sebastian Bialecki,2026-06-07,Development Tour,0,Last 256,1.0,4.0,79.96,96.62
Yorick Hofkens,Andy Boulton,2026-07-06,Players Championship,PT,Last 32,6.0,5.0,87.92,88.5
Yorick Hofkens,Kai Gotthardt,2026-07-06,Players Championship,PT,Last 64,6.0,4.0,98.0,94.04
Yorick Hofkens,Ian White,2026-07-06,Players Championship,PT,Last 128,6.0,5.0,90.19,86.61
Stefaan Henderyck,Tom Bissell,2026-06-03,Players Championship,PT,Last 128,4.0,6.0,88.52,96.59
Adam Paxton,Wessel Nijman,2026-06-17,Players Championship,PT,Last 64,3.0,6.0,83.81,89.67
Adam Paxton,Tom Sykes,2026-06-17,Players Championship,PT,Last 128,6.0,4.0,84.87,91.31
Martin Lukeman,Dave Chisnall,2026-06-16,Players Championship,PT,Last 128,1.0,6.0,82.58,89.66
Martin Lukeman,Richard Veenstra,2026-06-03,Players Championship,PT,Last 128,1.0,6.0,80.31,97.88
Viktor Tingstrom,Cameron Menzies,2026-07-07,Players Championship,PT,Last 64,2.0,6.0,93.57,95.98
Viktor Tingstrom,Adam Lipscombe,2026-07-07,Players Championship,PT,Last 128,6.0,4.0,82.77,86.67
Viktor Tingstrom,Adam Warner,2026-07-06,Players Championship,PT,Last 32,3.0,6.0,82.34,87.18
Viktor Tingstrom,James Hurrell,2026-07-06,Players Championship,PT,Last 64,6.0,2.0,91.85,95.33
Marvin Kraft,Gabriel Clemens,2026-06-17,Players Championship,PT,Last 128,1.0,6.0,72.03,85.3
Marvin Kraft,Pero Ljubić,2026-06-16,Players Championship,PT,Last 128,5.0,6.0,81.69,87.93
Marvin Kraft,Shane McGuirk,2026-06-03,Players Championship,PT,Last 128,4.0,6.0,90.58,91.06
Carl Sneyd,Cameron Menzies,2026-07-06,Players Championship,PT,Last 128,0.0,6.0,80.48,102.48
Carl Sneyd,Ryan Searle,2026-06-17,Players Championship,PT,Last 128,2.0,6.0,86.52,104.6
Matthias Ehlers,Adam Lipscombe,2026-04-14,Players Championship,PT,Last 128,1.0,6.0,80.68,92.04
Matthias Ehlers,Rob Cross,2026-04-13,Players Championship,PT,Last 128,1.0,6.0,73.44,84.75
Rusty-Jake Rodriguez,Daryl Gurney,2026-06-17,Players Championship,PT,Last 128,2.0,6.0,80.07,99.93
Rusty-Jake Rodriguez,Rob Cross,2026-06-16,Players Championship,PT,Last 128,2.0,6.0,82.14,90.18
Rusty-Jake Rodriguez,Martijn Dragt,2026-06-03,Players Championship,PT,Last 128,3.0,6.0,94.68,92.02
Tytus Kanik,Lukas Wenig,2026-06-17,Players Championship,PT,Last 128,6.0,3.0,84.18,85.11
Tytus Kanik,Adam Leek,2026-06-16,Players Championship,PT,Last 128,5.0,6.0,81.39,93.98
Maximilian Czerwinski,Adam Paxton,2026-07-07,Players Championship,PT,Last 128,3.0,6.0,79.98,83.85
Maximilian Czerwinski,Madars Razma,2026-07-06,Players Championship,PT,Last 128,1.0,6.0,89.47,96.53
Maximilian Czerwinski,Dirk van Duijvenbode,2026-06-17,Players Championship,PT,Last 64,3.0,6.0,94.92,94.39
Maximilian Czerwinski,Marvin van Velzen,2026-06-17,Players Championship,PT,Last 128,6.0,0.0,85.89,81.15
Filip Bereza,Wojciech Strozynski,2026-07-04,Polish National Championship Men,0,Last 64,4.0,1.0,70.43,69.98
Filip Bereza,Jimmy van Schie,2026-06-17,Players Championship,PT,Last 128,4.0,6.0,78.11,84.75
Filip Bereza,Stefan Bellmont,2026-06-16,Players Championship,PT,Last 128,4.0,6.0,84.02,85.09
Tavis Dudeney,Michael Smith,2026-06-16,Players Championship,PT,Last 128,1.0,6.0,84.74,88.46
Tavis Dudeney,Jurjen van der Velde,2026-06-07,Development Tour,0,Last 64,1.0,4.0,73.23,87.65
Chris Dobey,Niall Culleton,2026-07-07,Players Championship,PT,Last 32,6.0,3.0,96.15,87.73
Chris Dobey,Marvin van Velzen,2026-07-07,Players Championship,PT,Last 64,6.0,2.0,103.68,86.71
Chris Dobey,Henry Coates,2026-07-07,Players Championship,PT,Last 128,6.0,5.0,94.45,88.78
Wessel Nijman,Cristo Reyes,2026-07-06,Players Championship,PT,Last 32,5.0,6.0,95.94,100.8
Wessel Nijman,Jeffrey Sparidaans,2026-07-06,Players Championship,PT,Last 64,6.0,2.0,102.6,88.43
Wessel Nijman,Ricky Evans,2026-07-06,Players Championship,PT,Last 128,6.0,5.0,100.78,97.23
Wessel Nijman,Rob Cross,2026-06-21,European Tour,ET,Final,8.0,3.0,103.8,102.57
Gian van Veen,Wessel Nijman,2026-07-22,World Matchplay,MJ,Last 16,14.0,12.0,96.95,97.44
Gian van Veen,Krzysztof Ratajski,2026-07-19,World Matchplay,MJ,Last 32,10.0,6.0,93.55,95.55
Gian van Veen,Krzysztof Ratajski,2026-07-12,European Tour,ET,Last 16,3.0,6.0,88.91,91.8
Gian van Veen,Niko Springer,2026-07-11,European Tour,ET,Last 32,6.0,3.0,101.59,102.84
Gian van Veen,Luke Woodhouse,2026-07-07,Players Championship,PT,Semi Final,5.0,7.0,83.37,86.08
Gian van Veen,Madars Razma,2026-07-07,Players Championship,PT,Quarter Final,6.0,3.0,92.28,82.8
Dirk van Duijvenbode,Tommy Morris,2026-07-07,Players Championship,PT,Last 64,5.0,6.0,87.82,89.07
Kevin Doets,Dominik Gruellich,2026-07-10,European Tour,ET,Last 48 (Premier),6.0,4.0,98.72,84.76
Kevin Doets,Gabriel Clemens,2026-07-07,Players Championship,PT,Last 32,5.0,6.0,96.43,98.12
Krzysztof Ratajski,Max Hopp,2026-07-11,European Tour,ET,Last 32,6.0,3.0,94.07,92.37
Jermaine Wattimena,Madars Razma,2026-07-07,Players Championship,PT,Last 16,2.0,6.0,87.1,93.05
Damon Heta,Ted Evetts,2026-07-28,Players Championship,PT,Last 64,6.0,2.0,90.28,82.76
Damon Heta,Dennie Olde Kalter,2026-07-28,Players Championship,PT,Last 128,6.0,3.0,98.82,79.93
Damon Heta,Jonny Clayton,2026-07-19,World Matchplay,MJ,Last 32,7.0,10.0,96.1,97.63
Damon Heta,Jermaine Wattimena,2026-07-12,European Tour,ET,Semi Final,3.0,7.0,88.52,86.67
Damon Heta,Dirk van Duijvenbode,2026-07-12,European Tour,ET,Quarter Final,6.0,2.0,96.15,90.3
Niels Zonneveld,Stephen Burton,2026-07-07,Players Championship,PT,Last 64,6.0,5.0,99.49,93.92
Niels Zonneveld,Dominik Gruellich,2026-07-07,Players Championship,PT,Last 128,6.0,4.0,96.88,93.47
Niels Zonneveld,Charlie Manby,2026-07-06,Players Championship,PT,Last 128,4.0,6.0,89.92,97.13
Niels Zonneveld,Stephen Bunting,2026-06-20,European Tour,ET,Last 32,5.0,6.0,98.53,96.35
Cristo Reyes,Bradley Brooks,2026-07-08,European Tour Card Holder Qualifier,Q,Final,6.0,5.0,102.43,100.88
Cristo Reyes,Owen Bates,2026-07-08,European Tour Card Holder Qualifier,Q,Semi Final,6.0,0.0,107.36,91.22
Cristo Reyes,Tyler Thorpe,2026-07-08,European Tour Card Holder Qualifier,Q,Quarter Final,6.0,0.0,91.09,85.22
Justin Hood,Shane McGuirk,2026-07-08,European Tour Card Holder Qualifier,Q,Quarter Final,3.0,6.0,97.68,92.47
Justin Hood,Luke Woodhouse,2026-07-07,Players Championship,PT,Last 16,3.0,6.0,87.31,87.69
Justin Hood,Mervyn King,2026-07-07,Players Championship,PT,Last 32,6.0,3.0,105.9,91.86
Justin Hood,Christian Kist,2026-07-07,Players Championship,PT,Last 64,6.0,5.0,88.75,87.74
Justin Hood,Wesley Plaisier,2026-07-07,Players Championship,PT,Last 128,6.0,5.0,97.37,93.65
Justin Hood,Cam Crabtree,2026-07-06,Players Championship,PT,Last 128,1.0,6.0,93.09,101.84
William O&#039;Connor,Cristo Reyes,2026-07-06,Players Championship,PT,Last 16,0.0,6.0,85.5,104.86
William O&#039;Connor,James Wade,2026-07-06,Players Championship,PT,Last 32,6.0,4.0,89.24,90.86
William O&#039;Connor,Tommy Lishman,2026-07-06,Players Championship,PT,Last 64,6.0,1.0,87.63,90.28
William O&#039;Connor,Peter Wright,2026-07-06,Players Championship,PT,Last 128,6.0,5.0,89.69,85.91
Jeffrey de Graaf,Thibault Tricole,2026-07-08,European Tour Card Holder Qualifier,Q,Final,6.0,1.0,94.44,87.62
Jeffrey de Graaf,Ricardo Pietreczko,2026-07-08,European Tour Card Holder Qualifier,Q,Semi Final,6.0,3.0,98.77,98.4
Jeffrey de Graaf,Arno Merk,2026-07-08,European Tour Card Holder Qualifier,Q,Quarter Final,6.0,0.0,98.02,89.23
Martin Schindler,Tytus Kanik,2026-06-17,Players Championship,PT,Last 64,6.0,5.0,89.98,92.07
Martin Schindler,Cor Dekker,2026-06-17,Players Championship,PT,Last 128,6.0,3.0,86.36,86.13
Martin Schindler,Keane Barry,2026-06-16,Players Championship,PT,Last 128,5.0,6.0,92.05,87.2
Andrew Gilding,Ross Smith,2026-06-21,European Tour,ET,Quarter Final,4.0,6.0,82.79,88.71
Andrew Gilding,Michael van Gerwen,2026-06-21,European Tour,ET,Last 16,6.0,4.0,103.51,98.16
Connor Scutt,Stefan Bellmont,2026-07-08,European Tour Card Holder Qualifier,Q,Last 16,6.0,2.0,103.7,102.95
Connor Scutt,Mickey Mansell,2026-07-07,Players Championship,PT,Last 16,5.0,6.0,91.01,96.32
Callan Rydz,Rusty-Jake Rodriguez,2026-07-06,Players Championship,PT,Last 128,6.0,1.0,98.58,92.74
Karel Sedláček,Jim Long,2026-07-08,European Tour Card Holder Qualifier,Q,Quarter Final,6.0,0.0,94.93,83.93
Karel Sedláček,Shane McGuirk,2026-07-07,Players Championship,PT,Last 128,5.0,6.0,90.13,90.48
Karel Sedláček,David Sharp,2026-07-06,Players Championship,PT,Last 32,2.0,6.0,93.23,98.9
Karel Sedláček,Derek Coulson,2026-07-06,Players Championship,PT,Last 64,6.0,2.0,83.34,82.14
Karel Sedláček,Darryl Pilgrim,2026-07-06,Players Championship,PT,Last 128,6.0,3.0,93.53,91.58
Karel Sedláček,Tyler Thorpe,2026-06-19,European Tour,ET,Last 48 (Premier),2.0,6.0,93.74,103.3
Karel Sedláček,Alan Soutar,2026-06-17,Players Championship,PT,Last 128,1.0,6.0,96.5,101.62
James Hurrell,Stephen Rosney,2026-07-08,European Tour Card Holder Qualifier,Q,Quarter Final,1.0,6.0,84.37,93.08
James Hurrell,Jermaine Wattimena,2026-07-07,Players Championship,PT,Last 32,2.0,6.0,88.19,95.95
Richard Veenstra,Jeffrey de Zwaan,2026-07-07,Players Championship,PT,Last 64,5.0,6.0,90.67,87.43
Richard Veenstra,Jim Long,2026-07-07,Players Championship,PT,Last 128,6.0,5.0,96.9,94.23
Richard Veenstra,Mickey Mansell,2026-06-17,Players Championship,PT,Last 32,2.0,6.0,86.65,98.5
Richard Veenstra,Ricky Evans,2026-06-17,Players Championship,PT,Last 64,6.0,1.0,94.64,87.79
Kim Huybrechts,Jeffrey Sparidaans,2026-07-07,Players Championship,PT,Last 128,5.0,6.0,90.18,81.51
Niko Springer,Darius Labanauskas,2026-07-10,European Tour,ET,Last 48 (Premier),6.0,2.0,105.21,83.2
Niko Springer,Tom Sykes,2026-06-19,European Tour,ET,Last 48 (Premier),2.0,6.0,96.79,103.64
Alan Soutar,Tommy Morris,2026-06-16,Players Championship,PT,Last 128,1.0,6.0,83.27,92.26
Tom Bissell,Gabriel Clemens,2026-06-17,Players Championship,PT,Quarter Final,6.0,5.0,87.42,94.22
Mike De Decker,Wessel Nijman,2026-06-21,European Tour,ET,Quarter Final,3.0,6.0,97.56,104.5
Ritchie Edhouse,Rob Owen,2026-07-28,Players Championship,PT,Last 128,2.0,6.0,85.77,95.52
Ritchie Edhouse,Joe Cullen,2026-07-07,Players Championship,PT,Last 128,5.0,6.0,95.5,97.38
Ritchie Edhouse,Shane McGuirk,2026-07-06,Players Championship,PT,Last 128,2.0,6.0,89.36,93.76
Ritchie Edhouse,Alexander Merkx,2026-06-17,Players Championship,PT,Last 64,5.0,6.0,96.34,96.61
Ritchie Edhouse,Beau Greaves,2026-06-17,Players Championship,PT,Last 128,6.0,1.0,104.61,87.13
Ritchie Edhouse,Max Hopp,2026-06-16,Players Championship,PT,Last 128,4.0,6.0,93.41,88.72
Tom Sykes,Callan Rydz,2026-07-07,Players Championship,PT,Last 128,6.0,1.0,94.64,78.06
Tom Sykes,David Sharp,2026-07-06,Players Championship,PT,Quarter Final,4.0,6.0,96.02,93.87
Tom Sykes,Kim Huybrechts,2026-07-06,Players Championship,PT,Last 16,6.0,2.0,104.95,92.41
Bradley Brooks,Niall Culleton,2026-07-08,European Tour Card Holder Qualifier,Q,Last 16,2.0,6.0,85.29,90.86
Bradley Brooks,Cristo Reyes,2026-07-08,European Tour Card Holder Qualifier,Q,Final,5.0,6.0,100.88,102.43
Bradley Brooks,Alan Soutar,2026-07-08,European Tour Card Holder Qualifier,Q,Semi Final,6.0,4.0,89.32,90.7
Bradley Brooks,Ritchie Edhouse,2026-07-08,European Tour Card Holder Qualifier,Q,Quarter Final,6.0,4.0,93.16,89.37
Max Hopp,Samuel Price,2026-07-28,Players Championship,PT,Last 64,6.0,2.0,96.79,88.72
Max Hopp,James Hurrell,2026-07-08,European Tour Card Holder Qualifier,Q,Semi Final,5.0,6.0,97.69,93.55
Max Hopp,Nick Kenny,2026-07-08,European Tour Card Holder Qualifier,Q,Quarter Final,6.0,3.0,88.21,83.92
Max Hopp,Gabriel Clemens,2026-07-08,European Tour Card Holder Qualifier,Q,Semi Final,6.0,3.0,93.02,91.78
Mensur Suljović,Stephen Rosney,2026-07-07,Players Championship,PT,Last 128,6.0,4.0,99.9,94.77
Mensur Suljović,Mervyn King,2026-06-03,Players Championship,PT,Last 64,1.0,6.0,83.28,86.85
Mensur Suljović,Levy Frauenfelder,2026-06-03,Players Championship,PT,Last 128,6.0,2.0,89.5,81.25
Mensur Suljović,Nathan Potter,2026-06-02,Players Championship,PT,Last 64,4.0,6.0,95.94,93.5
Mensur Suljović,Ricardo Pietreczko,2026-06-02,Players Championship,PT,Last 128,6.0,4.0,88.99,91.02
Gabriel Clemens,Kevin Doets,2026-07-07,Players Championship,PT,Last 32,6.0,5.0,98.12,96.43
Gabriel Clemens,Michael van Gerwen,2026-07-07,Players Championship,PT,Last 64,6.0,4.0,91.6,96.28
Sebastian Bialecki,Kevin Doets,2026-07-12,European Tour,ET,Last 16,6.0,4.0,102.15,98.28
Sebastian Bialecki,Danny Noppert,2026-07-11,European Tour,ET,Last 32,6.0,3.0,98.77,98.26
Sebastian Bialecki,William O&#039;Connor,2026-07-10,European Tour,ET,Last 48 (Premier),6.0,5.0,86.17,84.93
Sebastian Bialecki,Ritchie Edhouse,2026-07-08,European Tour Card Holder Qualifier,Q,Final,4.0,6.0,96.3,99.94
Sebastian Bialecki,Alan Soutar,2026-07-08,European Tour Card Holder Qualifier,Q,Semi Final,6.0,3.0,95.93,94.0
Sebastian Bialecki,Niall Culleton,2026-07-08,European Tour Card Holder Qualifier,Q,Quarter Final,6.0,3.0,92.44,81.55
Sebastian Bialecki,Sam Price,2026-07-08,European Tour Card Holder Qualifier,Q,Last 16,5.0,6.0,92.2,93.27
Mickey Mansell,Justin Hood,2026-07-08,European Tour Card Holder Qualifier,Q,Quarter Final,6.0,0.0,93.94,86.58
Mickey Mansell,Adam Lipscombe,2026-07-08,European Tour Card Holder Qualifier,Q,Last 16,5.0,6.0,87.68,87.05
Mickey Mansell,Gabriel Clemens,2026-07-07,Players Championship,PT,Quarter Final,1.0,6.0,80.19,92.04
Keane Barry,Kim Huybrechts,2026-06-19,European Tour,ET,Last 48 (Premier),4.0,6.0,86.14,95.75
Lukas Wenig,Chris Dobey,2026-06-03,Players Championship,PT,Last 32,5.0,6.0,94.08,93.48
Beau Greaves,Tom Bissell,2026-07-08,European Tour Card Holder Qualifier,Q,Final,6.0,4.0,103.03,99.98
Beau Greaves,Arno Merk,2026-07-08,European Tour Card Holder Qualifier,Q,Semi Final,6.0,4.0,88.68,89.56
Beau Greaves,Charlie Manby,2026-07-08,European Tour Card Holder Qualifier,Q,Quarter Final,6.0,2.0,81.6,81.8
Ricky Evans,Joe Hunt,2026-07-07,Players Championship,PT,Last 128,4.0,6.0,83.72,83.42
Ricky Evans,Wessel Nijman,2026-07-06,Players Championship,PT,Last 128,5.0,6.0,97.23,100.78
Ricky Evans,Richard Veenstra,2026-06-17,Players Championship,PT,Last 64,1.0,6.0,87.79,94.64
Ricky Evans,Madars Razma,2026-06-17,Players Championship,PT,Last 128,6.0,4.0,97.07,91.17
Shane McGuirk,Ritchie Edhouse,2026-07-06,Players Championship,PT,Last 128,6.0,2.0,93.76,89.36
Shane McGuirk,Cristo Reyes,2026-06-17,Players Championship,PT,Last 32,3.0,6.0,98.35,88.9
Charlie Manby,Cameron Menzies,2026-07-06,Players Championship,PT,Quarter Final,2.0,6.0,90.86,96.18
Charlie Manby,Adam Warner,2026-07-06,Players Championship,PT,Last 16,6.0,3.0,95.93,83.07
Charlie Manby,Jim Long,2026-07-06,Players Championship,PT,Last 32,6.0,2.0,89.33,85.83
Michael Smith,Yorick Hofkens,2026-06-16,Players Championship,PT,Last 64,6.0,5.0,90.02,89.77
Michael Smith,Tavis Dudeney,2026-06-16,Players Championship,PT,Last 128,6.0,1.0,88.46,84.74
Michael Smith,Owen Bates,2026-05-20,European Tour Card Holder Qualifier,Q,Quarter Final,4.0,6.0,87.85,84.37
Dave Chisnall,Ryan Searle,2026-07-06,Players Championship,PT,Last 16,6.0,4.0,94.58,99.85
Darryl Pilgrim,Rob Owen,2026-07-28,Players Championship,PT,Last 32,6.0,4.0,87.08,94.74
Darryl Pilgrim,Josh Rock,2026-07-07,Players Championship,PT,Last 64,5.0,6.0,95.88,104.76
Darryl Pilgrim,Sam Price,2026-07-07,Players Championship,PT,Last 128,6.0,2.0,87.65,87.95
Wesley Plaisier,Sietse Lap,2026-07-06,Players Championship,PT,Last 128,6.0,2.0,89.86,90.67
Wesley Plaisier,Gabriel Clemens,2026-06-17,Players Championship,PT,Last 32,0.0,6.0,70.26,80.52
Maik Kuivenhoven,Yorick Hofkens,2026-07-08,European Tour Card Holder Qualifier,Q,Last 16,6.0,4.0,87.3,85.46
Madars Razma,Christopher Wickenden,2026-07-07,Players Championship,PT,Last 64,6.0,4.0,89.66,89.87
Alexander Merkx,Gian van Veen,2026-07-07,Players Championship,PT,Last 128,3.0,6.0,96.6,95.6
Alexander Merkx,James Hurrell,2026-07-06,Players Championship,PT,Last 128,2.0,6.0,87.39,89.32
Cam Crabtree,Chris Dobey,2026-07-06,Players Championship,PT,Last 64,1.0,6.0,91.47,101.97
Cam Crabtree,Justin Hood,2026-07-06,Players Championship,PT,Last 128,6.0,1.0,101.84,93.09
Stephen Burton,Dave Chisnall,2026-06-17,Players Championship,PT,Last 64,5.0,6.0,83.15,88.87
Brendan Dolan,Gabriel Clemens,2026-07-07,Players Championship,PT,Semi Final,3.0,7.0,90.39,100.77
Brendan Dolan,Chris Dobey,2026-07-07,Players Championship,PT,Quarter Final,6.0,5.0,102.55,100.95
Brendan Dolan,Bradley Brooks,2026-07-07,Players Championship,PT,Last 16,6.0,3.0,99.07,97.76
Jeffrey de Zwaan,Rob Owen,2026-07-28,Players Championship,PT,Last 64,4.0,6.0,90.16,87.97
Jeffrey de Zwaan,Radek Szaganski,2026-07-28,Players Championship,PT,Last 128,6.0,5.0,83.59,78.89
Jeffrey de Zwaan,Jeffrey Sparidaans,2026-07-06,Players Championship,PT,Last 128,4.0,6.0,87.21,90.5
Mario Vandenbogaerde,Marvin Kraft,2026-07-08,European Tour Card Holder Qualifier,Q,Quarter Final,6.0,3.0,91.29,86.82
Mario Vandenbogaerde,Jurjen van der Velde,2026-07-08,European Tour Card Holder Qualifier,Q,Semi Final,6.0,1.0,83.98,77.26
Mario Vandenbogaerde,Maik Kuivenhoven,2026-07-08,European Tour Card Holder Qualifier,Q,Quarter Final,6.0,2.0,88.93,82.35
Mario Vandenbogaerde,Mervyn King,2026-07-07,Players Championship,PT,Last 128,1.0,6.0,90.33,98.12
Mario Vandenbogaerde,Tom Sykes,2026-07-06,Players Championship,PT,Last 32,4.0,6.0,84.83,89.43
Mario Vandenbogaerde,Ryan Joyce,2026-07-06,Players Championship,PT,Last 64,6.0,4.0,94.82,93.02
Mario Vandenbogaerde,Ricardo Pietreczko,2026-07-06,Players Championship,PT,Last 128,6.0,4.0,94.54,89.65
Christian Kist,James Wade,2026-07-07,Players Championship,PT,Last 128,6.0,4.0,99.39,102.99
Christian Kist,Dave Chisnall,2026-07-06,Players Championship,PT,Quarter Final,3.0,6.0,93.23,92.57
Darius Labanauskas,Adam Lipscombe,2026-06-17,Players Championship,PT,Last 128,6.0,4.0,89.79,91.38
Darius Labanauskas,Jonny Clayton,2026-06-16,Players Championship,PT,Last 32,4.0,6.0,100.3,101.51
Scott Williams,Gian van Veen,2026-06-17,Players Championship,PT,Last 64,2.0,6.0,89.28,98.23
Scott Williams,Owen Bates,2026-06-17,Players Championship,PT,Last 128,6.0,3.0,89.54,92.63
Ryan Meikle,Callan Rydz,2026-06-17,Players Championship,PT,Last 128,4.0,6.0,94.44,99.44
Ryan Meikle,Kevin Doets,2026-06-16,Players Championship,PT,Last 64,1.0,6.0,82.36,82.93
Kai Gotthardt,Wessel Nijman,2026-06-16,Players Championship,PT,Last 16,3.0,6.0,87.83,96.94
Kai Gotthardt,Damon Heta,2026-06-16,Players Championship,PT,Last 32,6.0,5.0,98.47,96.99
Chris Landman,Jonny Clayton,2026-06-16,Players Championship,PT,Last 128,3.0,6.0,92.72,101.34
Jimmy van Schie,Davy van der Zande,2026-06-28,Oranjebar Fair Tournament,0,Final,6.0,2.0,89.27,83.98
Jimmy van Schie,Kendji Steinbach,2026-06-28,Oranjebar Fair Tournament,0,Semi Final,5.0,1.0,84.17,80.74
David Sharp,Kevin Doets,2026-07-07,Players Championship,PT,Last 64,3.0,6.0,94.69,95.11
David Sharp,Ian White,2026-07-07,Players Championship,PT,Last 128,6.0,2.0,101.27,94.43
Adam Lipscombe,Cam Crabtree,2026-06-27,Hampshire Open,0,Semi Final,3.0,4.0,83.86,89.19
Raymond van Barneveld,Josh Rock,2026-07-06,Players Championship,PT,Last 64,0.0,6.0,88.76,95.94
Raymond van Barneveld,Stefaan Henderyck,2026-07-06,Players Championship,PT,Last 128,6.0,2.0,88.46,77.69
Raymond van Barneveld,Gerwyn Price,2026-06-17,Players Championship,PT,Last 128,3.0,6.0,96.43,102.84
Raymond van Barneveld,Kevin Doets,2026-06-16,Players Championship,PT,Last 128,4.0,6.0,96.39,100.13
Dennie Olde Kalter,Luke Woodhouse,2026-06-17,Players Championship,PT,Last 128,6.0,4.0,89.68,91.51
Cor Dekker,Scott Williams,2026-07-06,Players Championship,PT,Last 128,6.0,3.0,102.49,89.66
Cor Dekker,Martin Schindler,2026-06-17,Players Championship,PT,Last 128,3.0,6.0,86.13,86.36
Benjamin Pratnemer,Derek Coulson,2026-07-07,Players Championship,PT,Last 128,6.0,5.0,89.89,93.8
Mervyn King,Mario Vandenbogaerde,2026-07-07,Players Championship,PT,Last 128,6.0,1.0,98.12,90.33
Stephen Rosney,Scott Williams,2026-06-16,Players Championship,PT,Last 128,6.0,5.0,93.12,97.41
Stephen Rosney,Sebastian Bialecki,2026-06-03,Players Championship,PT,Last 128,1.0,6.0,84.42,93.84
Thibault Tricole,Ryan Joyce,2026-06-17,Players Championship,PT,Last 64,1.0,6.0,86.32,98.77
Tyler Thorpe,Karel Sedláček,2026-06-19,European Tour,ET,Last 48 (Premier),6.0,2.0,103.3,93.74
Tyler Thorpe,Mervyn King,2026-06-17,Players Championship,PT,Last 128,5.0,6.0,95.32,90.65
Andy Boulton,Ricardo Pietreczko,2026-06-16,Players Championship,PT,Last 128,5.0,6.0,82.21,95.3
Andy Boulton,Ross Smith,2026-06-03,Players Championship,PT,Quarter Final,2.0,6.0,83.86,91.22
Adam Gawlas,Sebastian Bialecki,2026-06-07,Development Tour,0,Final,5.0,3.0,92.43,83.71
Ricardo Pietreczko,Thibault Tricole,2026-06-17,Players Championship,PT,Last 128,5.0,6.0,84.3,88.01
Ricardo Pietreczko,Kevin Doets,2026-06-16,Players Championship,PT,Last 32,4.0,6.0,93.4,94.76
Jurjen van der Velde,Adam Gawlas,2026-06-17,Players Championship,PT,Last 128,6.0,5.0,92.95,91.87
Jurjen van der Velde,Niall Culleton,2026-06-16,Players Championship,PT,Last 128,1.0,6.0,75.78,87.64
Peter Wright,Kim Huybrechts,2026-06-16,Players Championship,PT,Last 128,6.0,2.0,89.47,88.68
Peter Wright,Ian White,2026-06-03,Players Championship,PT,Last 128,4.0,6.0,84.81,84.1
Owen Bates,Stefan Bellmont,2026-07-06,Players Championship,PT,Last 128,4.0,6.0,77.25,84.38
Nick Kenny,Niels Zonneveld,2026-06-16,Players Championship,PT,Last 128,4.0,6.0,84.68,90.29
Nick Kenny,Chris Dobey,2026-06-03,Players Championship,PT,Last 128,1.0,6.0,89.33,87.44
Adam Leek,Gian van Veen,2026-06-17,Players Championship,PT,Last 16,5.0,6.0,85.5,88.74
Rhys Griffin,David Sharp,2026-06-17,Players Championship,PT,Last 64,3.0,6.0,86.56,92.4
Thomas Lovely,Rob Cross,2026-06-02,Players Championship,PT,Last 32,0.0,6.0,88.72,103.66
Adam Warner,Rhys Griffin,2026-06-17,Players Championship,PT,Last 128,4.0,6.0,84.4,89.6
Pascal Rupprecht,Paul Krohne,2026-05-16,European Tour Home Nation Qualifier,Q,Semi Final,3.0,6.0,82.69,90.32
Arno Merk,Jimmy van Schie,2026-06-16,Players Championship,PT,Last 128,6.0,4.0,88.61,82.68
Sietse Lap,Jeffrey Sparidaans,2026-06-17,Players Championship,PT,Last 64,2.0,6.0,80.68,87.21
Jim Long,Gino Florian,2026-07-17,CDC Pro Tour,0,Last 32,5.0,4.0,84.43,80.37
Dominik Gruellich,James Beeton,2026-06-07,Development Tour,0,Last 256,3.0,4.0,73.88,85.63
Jeffrey Sparidaans,Sietse Lap,2026-06-17,Players Championship,PT,Last 64,6.0,2.0,87.21,80.68
Marvin van Velzen,Adam Gawlas,2026-06-16,Players Championship,PT,Last 128,1.0,6.0,76.91,93.58
Marvin van Velzen,Richard Veenstra,2026-06-03,Players Championship,PT,Last 64,4.0,6.0,84.94,90.34
Stefan Bellmont,Karel Sedlacek,2026-07-28,Players Championship,PT,Last 128,3.0,6.0,83.26,98.53
Stefan Bellmont,Filip Bereza,2026-06-16,Players Championship,PT,Last 128,6.0,4.0,85.09,84.02
Greg Ritchie,Keane Barry,2026-06-17,Players Championship,PT,Last 128,6.0,5.0,85.98,89.72
Niall Culleton,Yorick Hofkens,2026-07-07,Players Championship,PT,Last 128,6.0,5.0,83.75,85.68
Sam Price,Arno Merk,2026-07-06,Players Championship,PT,Last 128,3.0,6.0,89.61,89.57
Sam Price,Ross Smith,2026-06-17,Players Championship,PT,Last 128,1.0,6.0,92.12,105.42
Sam Price,Shane McGuirk,2026-06-16,Players Championship,PT,Last 128,0.0,6.0,81.48,87.55
Leon Weber,Temis Smith,2026-06-07,Development Tour,0,Last 512,4.0,1.0,75.56,73.18
Yorick Hofkens,Mike De Decker,2026-06-17,Players Championship,PT,Last 128,3.0,6.0,90.27,99.18
Yorick Hofkens,Michael Smith,2026-06-16,Players Championship,PT,Last 64,5.0,6.0,89.77,90.02
Stefaan Henderyck,Connor Scutt,2026-06-02,Players Championship,PT,Last 128,2.0,6.0,89.45,96.5
Stefaan Henderyck,Greg Ritchie,2026-05-20,European Tour Card Holder Qualifier,Q,Quarter Final,3.0,6.0,83.92,82.66
Oskar Lukasiak,Thibault Tricole,2026-05-20,European Tour Card Holder Qualifier,Q,Quarter Final,4.0,6.0,83.08,86.18
Oskar Lukasiak,Max Hopp,2026-05-20,European Tour Card Holder Qualifier,Q,Semi Final,4.0,6.0,92.9,93.41
Oskar Lukasiak,Jurjen van der Velde,2026-05-20,European Tour Card Holder Qualifier,Q,Quarter Final,6.0,3.0,88.5,88.12
Martin Lukeman,Gary Anderson,2026-06-02,Players Championship,PT,Last 128,1.0,6.0,82.38,87.28
Adam Paxton,Robert Owen,2026-06-16,Players Championship,PT,Last 128,3.0,6.0,91.63,94.62
Viktor Tingstrom,Samuel Price,2026-07-28,Players Championship,PT,Last 128,3.0,6.0,77.94,80.18
Viktor Tingstrom,Ross Smith,2026-07-06,Players Championship,PT,Last 128,6.0,3.0,94.52,89.12
Viktor Tingstrom,Jonny Clayton,2026-06-17,Players Championship,PT,Last 32,5.0,6.0,90.78,90.96
Viktor Tingstrom,Daryl Gurney,2026-06-17,Players Championship,PT,Last 64,6.0,1.0,94.0,89.14
Marvin Kraft,Lukas Wenig,2026-06-02,Players Championship,PT,Last 128,2.0,6.0,87.88,91.29
Carl Sneyd,Krzysztof Ratajski,2026-06-16,Players Championship,PT,Last 128,3.0,6.0,89.39,90.59
Carl Sneyd,Daniel Ayres,2026-06-03,Players Championship,PT,Last 128,5.0,6.0,90.13,96.56
Carl Sneyd,Aden Kirk,2026-06-02,Players Championship,PT,Last 128,4.0,6.0,78.92,90.76
Matthias Ehlers,Rob Cross,2026-04-01,European Tour Card Holder Qualifier,Q,Quarter Final,3.0,6.0,85.02,98.4
Rusty-Jake Rodriguez,Luke Woodhouse,2026-06-02,Players Championship,PT,Last 64,1.0,6.0,82.23,86.95
Tytus Kanik,Jeffrey de Graaf,2026-06-03,Players Championship,PT,Last 128,4.0,6.0,87.99,98.65
Maximilian Czerwinski,Mervyn King,2026-06-16,Players Championship,PT,Last 128,4.0,6.0,88.39,94.78
Maximilian Czerwinski,Stephen Rosney,2026-05-20,European Tour Card Holder Qualifier,Q,Semi Final,4.0,6.0,82.77,83.72
Filip Bereza,Dirk van Duijvenbode,2026-06-03,Players Championship,PT,Last 128,3.0,6.0,84.77,102.34
Tavis Dudeney,Alfie Thompson,2026-06-07,Development Tour,0,Last 128,4.0,1.0,81.92,76.43
Michael van Gerwen,Andrew Gilding,2026-06-21,European Tour,ET,Last 16,4.0,6.0,98.16,103.51
Michael van Gerwen,Krzysztof Ratajski,2026-06-20,European Tour,ET,Last 32,6.0,5.0,92.52,86.18
Michael van Gerwen,Luke Humphries,2026-06-06,World Series of Darts,WS,Final,8.0,7.0,98.9,98.83
Chris Dobey,Kim Huybrechts,2026-07-06,Players Championship,PT,Last 32,3.0,6.0,100.61,106.63
Chris Dobey,Cam Crabtree,2026-07-06,Players Championship,PT,Last 64,6.0,1.0,101.97,91.47
Chris Dobey,Mervyn King,2026-07-06,Players Championship,PT,Last 128,6.0,2.0,103.62,90.46
Wessel Nijman,Ross Smith,2026-06-21,European Tour,ET,Semi Final,7.0,6.0,98.63,96.73
Gian van Veen,Jeffrey de Zwaan,2026-07-07,Players Championship,PT,Last 16,6.0,3.0,87.26,81.38
Gian van Veen,Tommy Morris,2026-07-07,Players Championship,PT,Last 32,6.0,3.0,90.65,85.94
Dirk van Duijvenbode,Charlie Manby,2026-07-07,Players Championship,PT,Last 128,6.0,1.0,98.23,89.26
Kevin Doets,David Sharp,2026-07-07,Players Championship,PT,Last 64,6.0,3.0,95.11,94.69
Kevin Doets,Tytus Kanik,2026-07-07,Players Championship,PT,Last 128,6.0,3.0,100.84,94.43
Kevin Doets,Andy Boulton,2026-07-06,Players Championship,PT,Last 64,4.0,6.0,82.8,88.35
Kevin Doets,Thomas Lovely,2026-07-06,Players Championship,PT,Last 128,6.0,2.0,89.68,80.36
Kevin Doets,Rob Cross,2026-06-21,European Tour,ET,Last 16,5.0,6.0,96.91,95.3
Jermaine Wattimena,James Hurrell,2026-07-07,Players Championship,PT,Last 32,6.0,2.0,95.95,88.19
Jermaine Wattimena,Joe Hunt,2026-07-07,Players Championship,PT,Last 64,6.0,1.0,94.16,83.58
Jermaine Wattimena,Keane Barry,2026-07-07,Players Championship,PT,Last 128,6.0,3.0,93.52,83.35
Krzysztof Ratajski,Bradley Brooks,2026-07-07,Players Championship,PT,Last 128,3.0,6.0,92.42,102.65
Krzysztof Ratajski,Mike De Decker,2026-07-06,Players Championship,PT,Last 32,5.0,6.0,93.18,93.46
Krzysztof Ratajski,Arno Merk,2026-07-06,Players Championship,PT,Last 64,6.0,4.0,90.48,84.47
Krzysztof Ratajski,Jurjen van der Velde,2026-07-06,Players Championship,PT,Last 128,6.0,0.0,85.08,81.82
Damon Heta,Michael van Gerwen,2026-07-12,European Tour,ET,Last 16,6.0,4.0,100.74,98.32
Damon Heta,Robert Owen,2026-07-11,European Tour,ET,Last 32,6.0,4.0,92.06,86.37
Damon Heta,Bradley Brooks,2026-07-07,Players Championship,PT,Last 32,3.0,6.0,85.25,89.04
Damon Heta,Jimmy van Schie,2026-07-07,Players Championship,PT,Last 64,6.0,3.0,95.8,82.98
Damon Heta,Tyler Thorpe,2026-07-07,Players Championship,PT,Last 128,6.0,4.0,99.06,94.35
Damon Heta,Ryan Searle,2026-07-06,Players Championship,PT,Last 32,5.0,6.0,97.24,95.59
Damon Heta,Bradley Brooks,2026-07-06,Players Championship,PT,Last 64,6.0,4.0,92.57,90.73
Niels Zonneveld,Jan Sliacky,2026-06-19,European Tour,ET,Last 48 (Premier),6.0,1.0,80.01,68.91
Niels Zonneveld,Darryl Pilgrim,2026-06-17,Players Championship,PT,Last 128,2.0,6.0,86.98,91.49
William O&#039;Connor,Mike De Decker,2026-06-20,European Tour,ET,Last 32,2.0,6.0,86.18,107.14
William O&#039;Connor,Jeffrey de Graaf,2026-06-19,European Tour,ET,Last 48 (Premier),6.0,3.0,90.36,88.91
Cristo Reyes,Ryan Meikle,2026-07-08,European Tour Card Holder Qualifier,Q,Last 16,6.0,1.0,93.9,77.03
Cristo Reyes,Cam Crabtree,2026-07-07,Players Championship,PT,Last 64,5.0,6.0,87.77,87.38
Cristo Reyes,Andy Boulton,2026-07-07,Players Championship,PT,Last 128,6.0,5.0,94.04,90.32
Cristo Reyes,Cameron Menzies,2026-07-06,Players Championship,PT,Final,5.0,8.0,94.78,95.55
Justin Hood,Benjamin Pratnemer,2026-06-19,European Tour,ET,Last 48 (Premier),5.0,6.0,84.57,84.62
Justin Hood,Richard Veenstra,2026-06-17,Players Championship,PT,Last 128,4.0,6.0,90.55,98.43
Justin Hood,Ian White,2026-06-16,Players Championship,PT,Last 128,5.0,6.0,94.78,92.3
Martin Schindler,William O&#039;Connor,2026-06-03,Players Championship,PT,Last 32,0.0,6.0,88.55,103.66
Jeffrey de Graaf,Nick Kenny,2026-07-07,Players Championship,PT,Last 128,2.0,6.0,84.72,85.14
Jeffrey de Graaf,Adam Warner,2026-07-06,Players Championship,PT,Last 128,2.0,6.0,89.07,89.44
Jeffrey de Graaf,William O&#039;Connor,2026-06-19,European Tour,ET,Last 48 (Premier),3.0,6.0,88.91,90.36
Jeffrey de Graaf,Bradley Brooks,2026-06-17,Players Championship,PT,Last 128,4.0,6.0,91.64,90.1
Jeffrey de Graaf,Ryan Searle,2026-06-16,Players Championship,PT,Last 16,5.0,6.0,95.07,101.26
Jeffrey de Graaf,Mickey Mansell,2026-06-16,Players Championship,PT,Last 32,6.0,0.0,95.94,83.69
Andrew Gilding,Luke Woodhouse,2026-06-20,European Tour,ET,Last 32,6.0,4.0,94.14,85.33
Andrew Gilding,Mervyn King,2026-06-19,European Tour,ET,Last 48 (Premier),6.0,4.0,91.5,90.51
Connor Scutt,Niels Zonneveld,2026-07-07,Players Championship,PT,Last 32,6.0,3.0,96.89,87.77
James Hurrell,Jeffrey Sparidaans,2026-07-07,Players Championship,PT,Last 64,6.0,0.0,88.41,71.58
James Hurrell,Peter Wright,2026-07-07,Players Championship,PT,Last 128,6.0,3.0,91.78,88.24
James Hurrell,Viktor Tingstrom,2026-07-06,Players Championship,PT,Last 64,2.0,6.0,95.33,91.85
James Hurrell,Alexander Merkx,2026-07-06,Players Championship,PT,Last 128,6.0,2.0,89.32,87.39
James Hurrell,Jeffrey Sparidaans,2026-06-17,Players Championship,PT,Last 128,5.0,6.0,97.78,96.04
Callan Rydz,Adam Leek,2026-06-17,Players Championship,PT,Last 32,5.0,6.0,98.32,98.74
Richard Veenstra,Justin Hood,2026-06-17,Players Championship,PT,Last 128,6.0,4.0,98.43,90.55
Richard Veenstra,Chris Dobey,2026-06-16,Players Championship,PT,Last 32,4.0,6.0,97.45,105.04
Richard Veenstra,Arno Merk,2026-06-16,Players Championship,PT,Last 64,6.0,5.0,90.83,84.99
Niko Springer,Gabriel Clemens,2026-06-17,Players Championship,PT,Last 64,2.0,6.0,84.99,88.11
Niko Springer,Harry Ward,2026-06-17,Players Championship,PT,Last 128,6.0,3.0,90.88,85.28
Niko Springer,Kai Gotthardt,2026-06-16,Players Championship,PT,Last 64,3.0,6.0,91.84,96.02
Niko Springer,Leon Weber,2026-06-16,Players Championship,PT,Last 128,6.0,2.0,90.28,79.37
Niko Springer,Ryan Joyce,2026-05-31,European Tour,ET,Last 16,4.0,6.0,91.32,88.44
Niko Springer,Ross Smith,2026-05-30,European Tour,ET,Last 32,6.0,2.0,102.21,86.68
Kim Huybrechts,Tom Sykes,2026-07-06,Players Championship,PT,Last 16,2.0,6.0,92.41,104.95
Kim Huybrechts,Chris Dobey,2026-07-06,Players Championship,PT,Last 32,6.0,3.0,106.63,100.61
Alan Soutar,Raymond van Barneveld,2026-06-03,Players Championship,PT,Last 128,5.0,6.0,90.77,89.56
Tom Bissell,Jonny Clayton,2026-06-17,Players Championship,PT,Last 16,6.0,5.0,99.88,98.92
Tom Bissell,Jeffrey Sparidaans,2026-06-17,Players Championship,PT,Last 32,6.0,5.0,91.38,87.0
Mike De Decker,Ryan Joyce,2026-06-21,European Tour,ET,Last 16,6.0,5.0,93.07,90.36
Ritchie Edhouse,Cristo Reyes,2026-06-03,Players Championship,PT,Last 128,3.0,6.0,95.14,96.36
Max Hopp,Greg Ritchie,2026-07-08,European Tour Card Holder Qualifier,Q,Quarter Final,6.0,1.0,93.91,83.24
Max Hopp,Danny Noppert,2026-07-07,Players Championship,PT,Last 64,5.0,6.0,94.5,92.8
Max Hopp,Stefaan Henderyck,2026-07-07,Players Championship,PT,Last 128,6.0,3.0,89.55,92.29
Max Hopp,Rob Cross,2026-07-06,Players Championship,PT,Last 64,4.0,6.0,93.14,94.84
Max Hopp,Nick Kenny,2026-07-06,Players Championship,PT,Last 128,6.0,2.0,93.15,93.83
Tom Sykes,Mario Vandenbogaerde,2026-07-06,Players Championship,PT,Last 32,6.0,4.0,89.43,84.83
Bradley Brooks,Brendan Dolan,2026-07-07,Players Championship,PT,Last 16,3.0,6.0,97.76,99.07
Bradley Brooks,Damon Heta,2026-07-07,Players Championship,PT,Last 32,6.0,3.0,89.04,85.25
Bradley Brooks,Aden Kirk,2026-07-07,Players Championship,PT,Last 64,6.0,3.0,88.74,85.88
Bradley Brooks,Krzysztof Ratajski,2026-07-07,Players Championship,PT,Last 128,6.0,3.0,102.65,92.42
Gabriel Clemens,Thomas Lovely,2026-07-07,Players Championship,PT,Last 128,6.0,3.0,93.5,84.52
Mickey Mansell,Connor Scutt,2026-07-07,Players Championship,PT,Last 16,6.0,5.0,96.32,91.01
Mickey Mansell,Chris Landman,2026-07-07,Players Championship,PT,Last 32,6.0,0.0,93.94,86.23
Mickey Mansell,Tom Sykes,2026-07-07,Players Championship,PT,Last 64,6.0,4.0,87.81,89.79
Sebastian Bialecki,Brendan Dolan,2026-07-07,Players Championship,PT,Last 32,4.0,6.0,91.07,91.47
Keane Barry,Greg Ritchie,2026-06-17,Players Championship,PT,Last 128,5.0,6.0,89.72,85.98
Lukas Wenig,Gary Anderson,2026-06-03,Players Championship,PT,Last 64,6.0,3.0,84.69,87.87
Ricky Evans,Damon Heta,2026-06-16,Players Championship,PT,Last 128,3.0,6.0,96.44,104.98
Beau Greaves,Andy Boulton,2026-07-08,European Tour Card Holder Qualifier,Q,Last 16,6.0,4.0,100.24,93.75
Beau Greaves,Cor Dekker,2026-07-08,European Tour Card Holder Qualifier,Q,Semi Final,6.0,1.0,96.42,91.43
Beau Greaves,Wesley Plaisier,2026-07-08,European Tour Card Holder Qualifier,Q,Quarter Final,6.0,3.0,82.9,82.95
Beau Greaves,Owen Bates,2026-07-07,Players Championship,PT,Last 128,5.0,6.0,90.88,90.17
Michael Smith,Bradley Brooks,2026-05-20,European Tour Card Holder Qualifier,Q,Final,4.0,6.0,87.28,94.39
Michael Smith,Mervyn King,2026-05-20,European Tour Card Holder Qualifier,Q,Semi Final,6.0,2.0,92.83,86.06
Shane McGuirk,Darryl Pilgrim,2026-06-17,Players Championship,PT,Last 64,6.0,2.0,98.8,89.51
Shane McGuirk,Joe Hunt,2026-06-17,Players Championship,PT,Last 128,6.0,1.0,97.98,92.31
Charlie Manby,Gabriel Clemens,2026-07-06,Players Championship,PT,Last 64,6.0,2.0,94.31,93.91
Darryl Pilgrim,Karel Sedláček,2026-07-06,Players Championship,PT,Last 128,3.0,6.0,91.58,93.53
Darryl Pilgrim,Shane McGuirk,2026-06-17,Players Championship,PT,Last 64,2.0,6.0,89.51,98.8
Darryl Pilgrim,Niels Zonneveld,2026-06-17,Players Championship,PT,Last 128,6.0,2.0,91.49,86.98
Darryl Pilgrim,Wessel Nijman,2026-06-16,Players Championship,PT,Last 64,2.0,6.0,84.52,94.84
Wesley Plaisier,Damon Heta,2026-06-17,Players Championship,PT,Last 64,6.0,2.0,90.43,90.7
Wesley Plaisier,Martijn Dragt,2026-06-17,Players Championship,PT,Last 128,6.0,5.0,82.91,94.51
Dave Chisnall,Stephen Bunting,2026-07-06,Players Championship,PT,Last 32,6.0,4.0,96.44,94.73
Dave Chisnall,Niall Culleton,2026-07-06,Players Championship,PT,Last 64,6.0,1.0,95.37,83.23
Dave Chisnall,Tom Bissell,2026-07-06,Players Championship,PT,Last 128,6.0,5.0,97.97,104.57
Maik Kuivenhoven,Brendan Dolan,2026-07-07,Players Championship,PT,Last 64,4.0,6.0,82.97,87.2
Maik Kuivenhoven,Sietse Lap,2026-07-07,Players Championship,PT,Last 128,6.0,0.0,92.97,84.16
Maik Kuivenhoven,Sebastian Bialecki,2026-07-06,Players Championship,PT,Last 128,5.0,6.0,94.27,92.8
Madars Razma,Daryl Gurney,2026-07-07,Players Championship,PT,Last 128,6.0,5.0,87.27,91.11
Alexander Merkx,Rob Cross,2026-06-17,Players Championship,PT,Quarter Final,4.0,6.0,92.69,95.98
Alexander Merkx,Cristo Reyes,2026-06-17,Players Championship,PT,Last 16,6.0,5.0,88.81,92.26
Alexander Merkx,Wessel Nijman,2026-06-17,Players Championship,PT,Last 32,6.0,5.0,99.25,97.65
Cam Crabtree,Jason Collins,2026-06-27,Hampshire Open,0,Final,5.0,0.0,90.54,80.96
Stephen Burton,Pascal Rupprecht,2026-06-17,Players Championship,PT,Last 128,6.0,2.0,90.3,84.12
Jeffrey de Zwaan,Cam Crabtree,2026-06-17,Players Championship,PT,Last 128,4.0,6.0,91.88,91.64
Jeffrey de Zwaan,Sebastian Bialecki,2026-06-16,Players Championship,PT,Last 64,5.0,6.0,89.57,88.53
Mario Vandenbogaerde,Andrew Gilding,2026-06-17,Players Championship,PT,Last 64,4.0,6.0,92.51,97.66
Brendan Dolan,Sebastian Bialecki,2026-07-07,Players Championship,PT,Last 32,6.0,4.0,91.47,91.07
Brendan Dolan,Maik Kuivenhoven,2026-07-07,Players Championship,PT,Last 64,6.0,4.0,87.2,82.97
Brendan Dolan,Stephen Bunting,2026-07-07,Players Championship,PT,Last 128,6.0,5.0,92.1,94.11
Brendan Dolan,Stephen Burton,2026-07-06,Players Championship,PT,Last 128,5.0,6.0,90.89,90.95
Darius Labanauskas,Rob Cross,2026-06-16,Players Championship,PT,Last 64,6.0,5.0,88.92,88.02
Darius Labanauskas,Dimitri Van den Bergh,2026-06-16,Players Championship,PT,Last 128,6.0,1.0,82.1,75.46
Christian Kist,Mike De Decker,2026-07-06,Players Championship,PT,Last 16,6.0,4.0,91.42,82.2
Christian Kist,Harry Ward,2026-07-06,Players Championship,PT,Last 32,6.0,4.0,92.05,89.86
Christian Kist,Sebastian Bialecki,2026-07-06,Players Championship,PT,Last 64,6.0,3.0,96.36,96.24
Christian Kist,Christopher Wickenden,2026-07-06,Players Championship,PT,Last 128,6.0,5.0,79.76,79.85
Christian Kist,Maik Kuivenhoven,2026-06-17,Players Championship,PT,Last 128,3.0,6.0,80.11,84.46
Scott Williams,Stephen Rosney,2026-06-16,Players Championship,PT,Last 128,5.0,6.0,97.41,93.12
Ryan Meikle,Dominik Gruellich,2026-06-16,Players Championship,PT,Last 128,6.0,3.0,92.79,89.91
Chris Landman,Krzysztof Ratajski,2026-06-03,Players Championship,PT,Last 128,2.0,6.0,89.79,97.74
Kai Gotthardt,Niko Springer,2026-06-16,Players Championship,PT,Last 64,6.0,3.0,96.02,91.84
David Sharp,Cristo Reyes,2026-07-06,Players Championship,PT,Semi Final,3.0,7.0,83.34,89.91
David Sharp,Tom Sykes,2026-07-06,Players Championship,PT,Quarter Final,6.0,4.0,93.87,96.02
David Sharp,Wesley Plaisier,2026-07-06,Players Championship,PT,Last 16,6.0,3.0,94.61,88.01
Dennie Olde Kalter,Kai Gotthardt,2026-06-16,Players Championship,PT,Last 128,1.0,6.0,89.03,107.09
Adam Lipscombe,Owen Bates,2026-06-27,Hampshire Open,0,Quarter Final,4.0,1.0,82.3,85.2
Jimmy van Schie,Oswin Streden,2026-06-28,Oranjebar Fair Tournament,0,Quarter Final,4.0,1.0,76.85,70.91
Jimmy van Schie,Kelvin Mettler,2026-06-28,Oranjebar Fair Tournament,0,Round Robin,4.0,2.0,71.93,69.77
Raymond van Barneveld,Ian White,2026-06-03,Players Championship,PT,Last 64,5.0,6.0,91.42,89.08
Raymond van Barneveld,Alan Soutar,2026-06-03,Players Championship,PT,Last 128,6.0,5.0,89.56,90.77
Mervyn King,Chris Dobey,2026-07-06,Players Championship,PT,Last 128,2.0,6.0,90.46,103.62
Mervyn King,Andrew Gilding,2026-06-19,European Tour,ET,Last 48 (Premier),4.0,6.0,90.51,91.5
Mervyn King,Kim Huybrechts,2026-06-17,Players Championship,PT,Last 64,3.0,6.0,83.96,89.13
Cor Dekker,Dirk van Duijvenbode,2026-06-16,Players Championship,PT,Last 128,3.0,6.0,86.39,99.7
Benjamin Pratnemer,Ryan Searle,2026-07-06,Players Championship,PT,Last 64,3.0,6.0,87.46,91.05
Benjamin Pratnemer,Marvin Kraft,2026-07-06,Players Championship,PT,Last 128,6.0,1.0,97.77,71.57
Benjamin Pratnemer,Boris Krcmar,2026-07-04,Darts Points Bulls League Finals,0,Semi Final,3.0,7.0,97.65,98.26
Stephen Rosney,Jonny Clayton,2026-06-02,Players Championship,PT,Last 16,5.0,6.0,94.82,91.32
Thibault Tricole,Ricardo Pietreczko,2026-06-17,Players Championship,PT,Last 128,6.0,5.0,88.01,84.3
Tyler Thorpe,Mickey Mansell,2026-06-16,Players Championship,PT,Last 128,1.0,6.0,90.26,89.92
Tyler Thorpe,Angelo Balsamo,2026-06-07,Development Tour,0,Last 64,1.0,4.0,95.31,93.67
Tyler Thorpe,Ryan Branley,2026-06-07,Development Tour,0,Last 128,4.0,1.0,85.23,78.55
Andy Boulton,Mickey Mansell,2026-06-03,Players Championship,PT,Last 16,6.0,4.0,92.26,90.78
Adam Gawlas,Jack Pollard,2026-06-07,Development Tour,0,Semi Final,5.0,4.0,90.78,82.77
Jurjen van der Velde,Jamai van den Herik,2026-06-07,Development Tour,0,Quarter Final,3.0,5.0,79.76,84.87
Jurjen van der Velde,Logan Goddard,2026-06-07,Development Tour,0,Last 16,4.0,1.0,83.09,68.72
Ricardo Pietreczko,Adam Warner,2026-06-16,Players Championship,PT,Last 64,6.0,5.0,85.18,89.76
Ricardo Pietreczko,Andy Boulton,2026-06-16,Players Championship,PT,Last 128,6.0,5.0,95.3,82.21
Peter Wright,Stephen Rosney,2026-06-02,Players Championship,PT,Last 64,5.0,6.0,84.17,89.76
Owen Bates,Adam Lipscombe,2026-06-27,Hampshire Open,0,Quarter Final,1.0,4.0,85.2,82.3
Nick Kenny,Kim Huybrechts,2026-06-02,Players Championship,PT,Last 128,3.0,6.0,92.14,101.02
Nick Kenny,Jeffrey de Zwaan,2026-05-20,European Tour Card Holder Qualifier,Q,Quarter Final,5.0,6.0,90.35,94.67
Adam Leek,Callan Rydz,2026-06-17,Players Championship,PT,Last 32,6.0,5.0,98.74,98.32
Adam Warner,Ricardo Pietreczko,2026-06-16,Players Championship,PT,Last 64,5.0,6.0,89.76,85.18
Rhys Griffin,Adam Warner,2026-06-17,Players Championship,PT,Last 128,6.0,4.0,89.6,84.4
Rhys Griffin,Madars Razma,2026-06-16,Players Championship,PT,Last 128,5.0,6.0,75.09,81.24
Thomas Lovely,Stephen Burton,2026-06-02,Players Championship,PT,Last 64,6.0,3.0,94.28,91.96
Pascal Rupprecht,Kris Heitmann,2026-05-16,European Tour Home Nation Qualifier,Q,Quarter Final,6.0,0.0,101.33,79.32
Pascal Rupprecht,Christoph Oltmanns,2026-05-16,European Tour Home Nation Qualifier,Q,Last 16,6.0,2.0,76.14,73.87
Arno Merk,Martin Schindler,2026-06-03,Players Championship,PT,Last 128,3.0,6.0,85.45,90.41
Sietse Lap,Jermaine Wattimena,2026-06-17,Players Championship,PT,Last 128,6.0,1.0,97.05,95.23
Sietse Lap,Luke Woodhouse,2026-06-16,Players Championship,PT,Last 128,2.0,6.0,86.95,103.09
Sietse Lap,Rob Cross,2026-06-03,Players Championship,PT,Last 128,1.0,6.0,93.34,100.59
Sietse Lap,Max Hopp,2026-06-02,Players Championship,PT,Last 64,2.0,6.0,81.69,89.45
Jim Long,Brady Noble,2026-07-17,CDC Pro Tour,0,Last 64,5.0,0.0,84.44,63.61
Jim Long,Karel Sedláček,2026-07-08,European Tour Card Holder Qualifier,Q,Quarter Final,0.0,6.0,83.93,94.93
Jim Long,Keane Barry,2026-07-08,European Tour Card Holder Qualifier,Q,Semi Final,3.0,6.0,84.41,94.41
Jim Long,Brendan Dolan,2026-07-08,European Tour Card Holder Qualifier,Q,Quarter Final,6.0,5.0,82.73,83.76
Dominik Gruellich,Lewis Cook,2026-06-06,Development Tour,0,Last 16,1.0,4.0,88.46,86.68
Jeffrey Sparidaans,James Hurrell,2026-06-17,Players Championship,PT,Last 128,6.0,5.0,96.04,97.78
Stefan Bellmont,Jermaine Wattimena,2026-06-03,Players Championship,PT,Last 128,4.0,6.0,80.59,90.99
Greg Ritchie,Cam Crabtree,2026-06-16,Players Championship,PT,Last 128,5.0,6.0,85.57,92.46
Niall Culleton,Dave Chisnall,2026-07-06,Players Championship,PT,Last 64,1.0,6.0,83.23,95.37
Niall Culleton,Adam Gawlas,2026-07-06,Players Championship,PT,Last 128,6.0,4.0,88.06,83.17
Marvin van Velzen,Tavis Dudeney,2026-06-03,Players Championship,PT,Last 128,6.0,1.0,87.43,77.22
Marvin van Velzen,Robert Owen,2026-06-02,Players Championship,PT,Last 64,0.0,6.0,79.88,90.18
Leon Weber,Sebastian Bialecki,2026-06-06,Development Tour,0,Final,2.0,5.0,77.56,88.61
Stefaan Henderyck,Max Hopp,2026-05-20,European Tour Card Holder Qualifier,Q,Quarter Final,5.0,6.0,85.59,99.18
Stefaan Henderyck,Maik Kuivenhoven,2026-05-19,Players Championship,PT,Last 128,1.0,6.0,86.94,93.59
Martin Lukeman,Arno Merk,2026-05-20,European Tour Card Holder Qualifier,Q,Quarter Final,4.0,6.0,82.21,87.43
Yorick Hofkens,Christopher Wickenden,2026-06-16,Players Championship,PT,Last 128,6.0,5.0,88.79,87.05
Oskar Lukasiak,Niels Zonneveld,2026-05-19,Players Championship,PT,Last 128,2.0,6.0,93.1,96.78
Oskar Lukasiak,Tavis Dudeney,2026-05-18,Players Championship,PT,Last 128,2.0,6.0,93.6,94.68
Adam Paxton,Dominik Gruellich,2026-06-03,Players Championship,PT,Last 128,5.0,6.0,80.15,80.57
Adam Paxton,Connor Scutt,2026-06-02,Players Championship,PT,Last 64,2.0,6.0,95.97,107.53
Viktor Tingstrom,Benjamin Pratnemer,2026-06-17,Players Championship,PT,Last 128,6.0,4.0,87.93,85.67
Marvin Kraft,Max Hopp,2026-05-20,European Tour Card Holder Qualifier,Q,Quarter Final,4.0,6.0,89.63,94.47
Marvin Kraft,Jurjen van der Velde,2026-05-20,European Tour Card Holder Qualifier,Q,Last 16,4.0,6.0,87.24,87.18
Carl Sneyd,Stefan Bellmont,2026-05-20,European Tour Card Holder Qualifier,Q,Quarter Final,1.0,6.0,79.54,90.08
Matthias Ehlers,Chris Landman,2026-04-01,European Tour Card Holder Qualifier,Q,Quarter Final,5.0,6.0,85.96,87.61
Rusty-Jake Rodriguez,Owen Bates,2026-06-02,Players Championship,PT,Last 128,6.0,5.0,87.18,88.78
Tytus Kanik,Charlie Manby,2026-06-02,Players Championship,PT,Last 128,2.0,6.0,81.6,96.36
Maximilian Czerwinski,Mario Vandenbogaerde,2026-05-20,European Tour Card Holder Qualifier,Q,Quarter Final,6.0,2.0,88.19,88.28
Filip Bereza,Jim Long,2026-06-02,Players Championship,PT,Last 128,1.0,6.0,74.98,83.21
Tavis Dudeney,Daniel Marsden,2026-06-07,Development Tour,0,Last 256,4.0,2.0,82.7,72.25
Tavis Dudeney,Daniel Collins,2026-06-07,Development Tour,0,Last 512,4.0,0.0,70.73,61.37
Beau Greaves,Stephen Bunting,2026-07-06,Players Championship,PT,Last 128,3.0,6.0,102.96,100.2
Beau Greaves,Lisa Ashton,2026-06-21,Women&#039;s Series,0,Final,1.0,5.0,79.25,82.04
Beau Greaves,Fallon Sherrock,2026-06-21,Women&#039;s Series,0,Semi Final,5.0,3.0,88.67,81.9
Luke Littler,James Wade,2026-06-06,World Series of Darts,WS,Quarter Final,6.0,1.0,99.27,90.85
Gerwyn Price,Raymond van Barneveld,2026-06-17,Players Championship,PT,Last 128,6.0,3.0,102.84,96.43
Luke Littler,Cor Dekker,2026-06-05,World Series of Darts,WS,Last 16,6.0,1.0,93.4,80.14
Gerwyn Price,Cristo Reyes,2026-06-16,Players Championship,PT,Last 128,5.0,6.0,98.21,90.79
Gian van Veen,Gary Anderson,2026-07-07,Players Championship,PT,Last 64,6.0,4.0,100.21,93.43
Dirk van Duijvenbode,Adam Leek,2026-07-06,Players Championship,PT,Last 128,2.0,6.0,91.83,93.02
Gerwyn Price,Jonny Clayton,2026-06-06,World Series of Darts,WS,Quarter Final,3.0,6.0,96.46,91.61
Gian van Veen,Alexander Merkx,2026-07-07,Players Championship,PT,Last 128,6.0,3.0,95.6,96.6
Ross Smith,Chris Dobey,2026-06-21,European Tour,ET,Last 16,6.0,4.0,104.57,92.89
James Wade,Luke Littler,2026-06-26,World Series of Darts,WS,Semi Final,4.0,7.0,100.26,97.46
Luke Littler,Luke Humphries,2026-05-28,Premier League,U,Final,11.0,10.0,111.67,105.6
Gary Anderson,Martin Lukeman,2026-06-02,Players Championship,PT,Last 128,6.0,1.0,87.28,82.38
Josh Rock,Jim Long,2026-06-25,World Series of Darts,WS,Last 16,4.0,6.0,88.25,87.85
Dirk van Duijvenbode,Madars Razma,2026-06-19,European Tour,ET,Last 48 (Premier),4.0,6.0,93.18,90.83
Gerwyn Price,Darius Labanauskas,2026-06-05,World Series of Darts,WS,Last 16,6.0,5.0,104.03,97.49
Wessel Nijman,Mike De Decker,2026-06-21,European Tour,ET,Quarter Final,6.0,3.0,104.5,97.56
Gian van Veen,Jim Long,2026-07-06,Players Championship,PT,Last 128,4.0,6.0,91.03,87.86
Rob Cross,Wessel Nijman,2026-06-21,European Tour,ET,Final,3.0,8.0,102.57,103.8
Ryan Searle,Mike De Decker,2026-06-17,Players Championship,PT,Last 64,6.0,2.0,97.09,90.1
James Wade,Gerwyn Price,2026-06-26,World Series of Darts,WS,Quarter Final,6.0,3.0,102.07,103.93
Luke Littler,Gerwyn Price,2026-05-28,Premier League,U,Semi Final,10.0,9.0,98.47,100.42
Gary Anderson,Lewis Pride,2026-05-05,Players Championship,PT,Last 128,5.0,6.0,105.83,98.3
Michael van Gerwen,Jonny Clayton,2026-06-06,World Series of Darts,WS,Semi Final,7.0,4.0,101.55,95.73
Stephen Bunting,Niels Zonneveld,2026-06-20,European Tour,ET,Last 32,6.0,5.0,96.35,98.53
Jonny Clayton,Dimitri Van den Bergh,2026-06-17,Players Championship,PT,Last 128,6.0,0.0,92.02,74.25
Josh Rock,Robert Owen,2026-06-03,Players Championship,PT,Last 64,2.0,6.0,91.45,96.88
Nathan Aspinall,Darryl Pilgrim,2026-06-03,Players Championship,PT,Last 128,6.0,5.0,94.65,94.65
Dirk van Duijvenbode,Tommy Morris,2026-06-17,Players Championship,PT,Last 32,1.0,6.0,85.47,99.73
Luke Humphries,Jonny Clayton,2026-05-28,Premier League,U,Semi Final,10.0,9.0,96.16,95.86
Gerwyn Price,Luke Littler,2026-05-28,Premier League,U,Semi Final,9.0,10.0,100.42,98.47
Ross Smith,Joe Cullen,2026-06-20,European Tour,ET,Last 32,6.0,5.0,92.03,96.63
Kevin Doets,Damon Heta,2026-06-20,European Tour,ET,Last 32,6.0,2.0,95.1,89.21
Rob Cross,Tom Sykes,2026-06-21,European Tour,ET,Semi Final,7.0,2.0,98.13,90.72
Danny Noppert,Madars Razma,2026-06-20,European Tour,ET,Last 32,6.0,2.0,81.45,79.3
Martin Schindler,Mike De Decker,2026-06-03,Players Championship,PT,Last 64,6.0,3.0,88.39,83.77
Cameron Menzies,Nathan Potter,2026-07-06,Players Championship,PT,Last 64,6.0,4.0,96.25,89.39
Jim Long,Richard Veenstra,2026-07-07,Players Championship,PT,Last 128,5.0,6.0,94.23,96.9
Jim Long,Charlie Manby,2026-07-06,Players Championship,PT,Last 32,2.0,6.0,85.83,89.33
Jim Long,Dominik Gruellich,2026-07-06,Players Championship,PT,Last 64,6.0,5.0,91.96,85.61
Jim Long,Gian van Veen,2026-07-06,Players Championship,PT,Last 128,6.0,4.0,87.86,91.03
Jim Long,Adam Sevada,2026-06-26,North American Darts Championship,Q,Final,1.0,6.0,85.22,89.87
Jim Long,Fred Krueger,2026-06-26,North American Darts Championship,Q,Semi Final,6.0,5.0,87.08,83.7
Jim Long,Brayden Hall,2026-06-26,North American Darts Championship,Q,Quarter Final,6.0,1.0,74.04,75.18
Gary Anderson,Connor Scutt,2026-05-04,Players Championship,PT,Last 128,4.0,6.0,100.65,97.74
Michael van Gerwen,Viktor Tingstrom,2026-06-06,World Series of Darts,WS,Quarter Final,6.0,5.0,86.12,84.34
Chris Dobey,Ross Smith,2026-06-21,European Tour,ET,Last 16,4.0,6.0,92.89,104.57
Wessel Nijman,Stephen Bunting,2026-06-21,European Tour,ET,Last 16,6.0,1.0,98.88,93.73
Gian van Veen,Luke Humphries,2026-06-26,World Series of Darts,WS,Semi Final,6.0,7.0,97.24,101.57
Jonny Clayton,Ryan Searle,2026-06-16,Players Championship,PT,Semi Final,5.0,7.0,87.78,89.8
Dirk van Duijvenbode,Maximilian Czerwinski,2026-06-17,Players Championship,PT,Last 64,6.0,3.0,94.39,94.92
Ryan Searle,Carl Sneyd,2026-06-17,Players Championship,PT,Last 128,6.0,2.0,104.6,86.52
James Wade,Adam Sevada,2026-06-25,World Series of Darts,WS,Last 16,6.0,3.0,82.51,77.29
Jermaine Wattimena,Madars Razma,2026-07-06,Players Championship,PT,Last 64,3.0,6.0,92.35,98.86
Krzysztof Ratajski,Sebastian Bialecki,2026-07-04,Polish National Championship Men,0,Final,6.0,5.0,99.06,97.85
Damon Heta,Adam Paxton,2026-07-06,Players Championship,PT,Last 128,6.0,1.0,91.23,73.1
William O&#039;Connor,Cristo Reyes,2026-06-17,Players Championship,PT,Last 128,1.0,6.0,93.07,111.03
Andrew Gilding,Stephen Bunting,2026-06-17,Players Championship,PT,Last 16,2.0,6.0,83.72,95.65
Ryan Joyce,Johan Engstrom,2026-06-19,European Tour,ET,Last 48 (Premier),6.0,3.0,88.49,89.0
Dave Chisnall,Jermaine Wattimena,2026-06-20,European Tour,ET,Last 32,3.0,6.0,88.81,93.46
Luke Littler,Luke Humphries,2026-05-21,Premier League,U,Weekly Semi Final,1.0,6.0,95.97,100.82
Stephen Bunting,Rob Cross,2026-06-17,Players Championship,PT,Semi Final,3.0,7.0,104.04,102.82
Josh Rock,Christopher Wickenden,2026-06-03,Players Championship,PT,Last 128,6.0,2.0,84.09,84.55
Nathan Aspinall,Stephen Burton,2026-06-02,Players Championship,PT,Last 128,3.0,6.0,96.18,95.67
Luke Woodhouse,Thibault Tricole,2026-07-07,Players Championship,PT,Last 128,6.0,5.0,92.11,85.29
Niels Zonneveld,Chris Dobey,2026-06-16,Players Championship,PT,Last 16,5.0,6.0,97.31,93.76
Joe Cullen,Jim Long,2026-06-17,Players Championship,PT,Last 128,3.0,6.0,86.69,81.46
Niko Springer,Nandor Major,2026-05-29,European Tour,ET,Last 48 (Premier),6.0,2.0,93.25,86.6
Krzysztof Ratajski,Michael van Gerwen,2026-06-20,European Tour,ET,Last 32,5.0,6.0,86.18,92.52
Filip Bereza,Charlie Manby,2026-05-20,European Tour Card Holder Qualifier,Q,Quarter Final,2.0,6.0,87.1,98.44
Filip Bereza,Danny Noppert,2026-05-19,Players Championship,PT,Last 128,1.0,6.0,77.87,84.56
Chris Dobey,Tyler Thorpe,2026-06-20,European Tour,ET,Last 32,6.0,4.0,90.75,91.78
Michael van Gerwen,Oskar Lukasiak,2026-06-05,World Series of Darts,WS,Last 16,6.0,2.0,88.76,79.68
Michael van Gerwen,Ross Smith,2026-05-24,European Tour,ET,Quarter Final,5.0,6.0,94.27,87.65
Wessel Nijman,Benjamin Pratnemer,2026-06-20,European Tour,ET,Last 32,6.0,2.0,91.45,88.55
Wessel Nijman,Alexander Merkx,2026-06-17,Players Championship,PT,Last 32,5.0,6.0,97.65,99.25
Gian van Veen,Jonny Clayton,2026-06-26,World Series of Darts,WS,Quarter Final,6.0,3.0,106.45,91.25
Gian van Veen,Fred Krueger,2026-06-25,World Series of Darts,WS,Last 16,6.0,1.0,91.76,80.97
Stephen Bunting,Tommy Morris,2026-06-17,Players Championship,PT,Quarter Final,6.0,4.0,96.95,93.18
Jonny Clayton,Dirk van Duijvenbode,2026-06-16,Players Championship,PT,Quarter Final,6.0,4.0,100.31,92.33
Jonny Clayton,Karel Sedláček,2026-06-16,Players Championship,PT,Last 16,6.0,5.0,91.84,90.71
Ross Smith,Mickey Mansell,2026-06-17,Players Championship,PT,Last 64,3.0,6.0,90.58,99.23
Ross Smith,Sam Price,2026-06-17,Players Championship,PT,Last 128,6.0,1.0,105.42,92.12
Dirk van Duijvenbode,Tommy Lishman,2026-06-17,Players Championship,PT,Last 128,6.0,2.0,94.18,92.87
Dirk van Duijvenbode,Jonny Clayton,2026-06-16,Players Championship,PT,Quarter Final,4.0,6.0,92.33,100.31
Dirk van Duijvenbode,Ross Smith,2026-06-16,Players Championship,PT,Last 16,6.0,4.0,94.58,94.26
Nathan Aspinall,Kevin Doets,2026-05-30,European Tour,ET,Last 32,3.0,6.0,89.28,88.65
Nathan Aspinall,Ross Smith,2026-04-19,European Tour,ET,Quarter Final,4.0,6.0,90.24,93.44
Nathan Aspinall,James Wade,2026-04-19,European Tour,ET,Last 16,6.0,3.0,106.2,103.08
Kevin Doets,Owen Bates,2026-06-19,European Tour,ET,Last 48 (Premier),6.0,3.0,102.49,90.94
Kevin Doets,Connor Scutt,2026-06-17,Players Championship,PT,Last 64,4.0,6.0,94.2,105.9
James Wade,Luke Littler,2026-06-06,World Series of Darts,WS,Quarter Final,1.0,6.0,90.85,99.27
James Wade,Madars Razma,2026-06-05,World Series of Darts,WS,Last 16,6.0,1.0,87.0,83.7
James Wade,Ricky Evans,2026-05-31,European Tour,ET,Last 16,4.0,6.0,97.16,95.56
Danny Noppert,David Sharp,2026-06-17,Players Championship,PT,Last 128,3.0,6.0,92.65,94.04
Jermaine Wattimena,Henry Coates,2026-07-06,Players Championship,PT,Last 128,6.0,3.0,95.16,91.33
Jermaine Wattimena,Tom Sykes,2026-06-21,European Tour,ET,Quarter Final,2.0,6.0,84.35,89.28
Jermaine Wattimena,Danny Noppert,2026-06-21,European Tour,ET,Last 16,6.0,5.0,90.25,93.07
Jermaine Wattimena,Dave Chisnall,2026-06-20,European Tour,ET,Last 32,6.0,3.0,93.46,88.81
Jermaine Wattimena,Sietse Lap,2026-06-17,Players Championship,PT,Last 128,1.0,6.0,95.23,97.05
Krzysztof Ratajski,Cristo Reyes,2026-06-19,European Tour,ET,Last 48 (Premier),6.0,2.0,94.32,91.01
Krzysztof Ratajski,Tommy Morris,2026-06-17,Players Championship,PT,Last 64,5.0,6.0,93.35,98.66
Krzysztof Ratajski,Kai Gotthardt,2026-06-17,Players Championship,PT,Last 128,6.0,5.0,93.88,97.8
Krzysztof Ratajski,James Hurrell,2026-06-16,Players Championship,PT,Last 64,3.0,6.0,92.41,95.75
Krzysztof Ratajski,Carl Sneyd,2026-06-16,Players Championship,PT,Last 128,6.0,3.0,90.59,89.39
Damon Heta,Kevin Doets,2026-06-20,European Tour,ET,Last 32,2.0,6.0,89.21,95.1
Damon Heta,Wesley Plaisier,2026-06-17,Players Championship,PT,Last 64,2.0,6.0,90.7,90.43
Damon Heta,Nathan Potter,2026-06-17,Players Championship,PT,Last 128,6.0,4.0,93.93,87.3
Damon Heta,Kai Gotthardt,2026-06-16,Players Championship,PT,Last 32,5.0,6.0,96.99,98.47
Luke Woodhouse,David Sharp,2026-07-06,Players Championship,PT,Last 64,3.0,6.0,83.21,97.99
Luke Woodhouse,Lukas Wenig,2026-07-06,Players Championship,PT,Last 128,6.0,3.0,96.73,86.96
Luke Woodhouse,Andrew Gilding,2026-06-20,European Tour,ET,Last 32,4.0,6.0,85.33,94.14
Niels Zonneveld,James Hurrell,2026-06-16,Players Championship,PT,Last 32,6.0,1.0,100.44,87.77
Martin Schindler,Arno Merk,2026-06-03,Players Championship,PT,Last 128,6.0,3.0,90.41,85.45
Joe Cullen,Henry Coates,2026-06-03,Players Championship,PT,Quarter Final,5.0,6.0,93.9,91.61
Karel Sedláček,Jonny Clayton,2026-06-16,Players Championship,PT,Last 16,5.0,6.0,90.71,91.84
Kim Huybrechts,Stefan Bellmont,2026-07-06,Players Championship,PT,Last 64,6.0,2.0,96.0,88.46
Niko Springer,Charlie Manby,2026-05-22,European Tour,ET,Last 48 (Premier),3.0,6.0,82.27,94.94
Mike De Decker,William O&#039;Connor,2026-06-20,European Tour,ET,Last 32,6.0,2.0,107.14,86.18
Max Hopp,Robert Owen,2026-06-17,Players Championship,PT,Last 128,4.0,6.0,91.57,91.29
Bradley Brooks,Damon Heta,2026-07-06,Players Championship,PT,Last 64,4.0,6.0,90.73,92.57
Mickey Mansell,Mike De Decker,2026-07-07,Players Championship,PT,Last 128,6.0,4.0,91.61,91.68
Ryan Joyce,Andrew Gilding,2026-06-17,Players Championship,PT,Last 32,4.0,6.0,100.04,100.52
Ryan Joyce,Thibault Tricole,2026-06-17,Players Championship,PT,Last 64,6.0,1.0,98.77,86.32
Sebastian Bialecki,Harry Ward,2026-07-07,Players Championship,PT,Last 64,6.0,1.0,93.77,89.36
Sebastian Bialecki,Tommy Lishman,2026-07-07,Players Championship,PT,Last 128,6.0,3.0,96.5,91.96
Sebastian Bialecki,Christian Kist,2026-07-06,Players Championship,PT,Last 64,3.0,6.0,96.24,96.36
Sebastian Bialecki,Maik Kuivenhoven,2026-07-06,Players Championship,PT,Last 128,6.0,5.0,92.8,94.27
Maik Kuivenhoven,Rob Cross,2026-06-17,Players Championship,PT,Final,5.0,8.0,82.53,97.83
Dirk van Duijvenbode,Lewis Pride,2026-06-16,Players Championship,PT,Last 32,6.0,5.0,98.28,97.87
Kevin Doets,Thomas Lovely,2026-06-17,Players Championship,PT,Last 128,6.0,3.0,90.48,84.04
Rob Cross,Nathan Aspinall,2026-06-21,European Tour,ET,Quarter Final,6.0,2.0,102.75,96.22
Niels Zonneveld,Christian Kist,2026-06-16,Players Championship,PT,Last 64,6.0,4.0,99.35,93.55
William O&#039;Connor,David Sharp,2026-06-16,Players Championship,PT,Last 128,4.0,6.0,90.14,89.24
Andrew Gilding,Ryan Joyce,2026-06-17,Players Championship,PT,Last 32,6.0,4.0,100.52,100.04
Joe Cullen,Chris Dobey,2026-06-03,Players Championship,PT,Last 16,6.0,4.0,95.37,93.66
Karel Sedláček,Jermaine Wattimena,2026-06-16,Players Championship,PT,Last 32,6.0,2.0,95.44,86.55
Daryl Gurney,Mervyn King,2026-06-02,Players Championship,PT,Last 32,5.0,6.0,85.96,91.27
Cameron Menzies,Carl Sneyd,2026-07-06,Players Championship,PT,Last 128,6.0,0.0,102.48,80.48
Kim Huybrechts,Tytus Kanik,2026-07-06,Players Championship,PT,Last 128,6.0,4.0,89.18,79.14
Niko Springer,Andrew Gilding,2026-05-19,Players Championship,PT,Quarter Final,2.0,6.0,92.72,95.68
Max Hopp,Chris Dobey,2026-06-16,Players Championship,PT,Last 64,2.0,6.0,95.31,96.29
Bradley Brooks,Martin Lukeman,2026-07-06,Players Championship,PT,Last 128,6.0,3.0,97.37,94.3
Mickey Mansell,Andy Boulton,2026-07-06,Players Championship,PT,Last 128,5.0,6.0,93.74,92.59
Ryan Joyce,Arno Merk,2026-06-17,Players Championship,PT,Last 128,6.0,4.0,86.26,86.35
Lukas Wenig,Jim Long,2026-06-03,Players Championship,PT,Last 128,6.0,4.0,90.19,89.13
Sebastian Bialecki,Niall Culleton,2026-06-17,Players Championship,PT,Last 128,5.0,6.0,92.37,92.45
Charlie Manby,Niels Zonneveld,2026-07-06,Players Championship,PT,Last 128,6.0,4.0,97.13,89.92
Maik Kuivenhoven,Tom Bissell,2026-06-17,Players Championship,PT,Semi Final,7.0,6.0,83.45,83.35
Mario Vandenbogaerde,Stephen Rosney,2026-06-17,Players Championship,PT,Last 128,6.0,1.0,89.45,85.31
Darius Labanauskas,Gerwyn Price,2026-06-05,World Series of Darts,WS,Last 16,5.0,6.0,97.49,104.03
Rhys Griffin,Mervyn King,2026-06-03,Players Championship,PT,Last 128,1.0,6.0,80.77,93.9
Dominik Gruellich,Asa Cansdale,2026-06-06,Development Tour,0,Last 32,4.0,2.0,88.08,85.99
Sam Price,Jack Aldridge,2026-06-03,Players Championship,PT,Last 128,4.0,6.0,88.99,97.2
Karel Sedláček,Pero Ljubić,2026-06-16,Players Championship,PT,Last 64,6.0,2.0,92.88,78.12
Karel Sedláček,Jim Long,2026-06-16,Players Championship,PT,Last 128,6.0,1.0,96.89,86.41
Tom Sykes,Pero Ljubic,2026-07-08,European Tour Card Holder Qualifier,Q,Semi Final,6.0,4.0,89.52,72.91
Mickey Mansell,Karel Sedlacek,2026-07-08,European Tour Card Holder Qualifier,Q,Semi Final,6.0,1.0,95.63,88.65
Sebastian Bialecki,Samuel Price,2026-07-08,European Tour Card Holder Qualifier,Q,Last 16,5.0,6.0,92.2,93.27
Keane Barry,Samuel Price,2026-07-08,European Tour Card Holder Qualifier,Q,Quarter Final,6.0,5.0,90.54,85.82
Mensur Suljović,Arno Merk,2026-05-20,European Tour Card Holder Qualifier,Q,Semi Final,4.0,6.0,90.51,86.24
Mensur Suljović,Yorick Hofkens,2026-05-20,European Tour Card Holder Qualifier,Q,Quarter Final,6.0,1.0,98.18,88.65
Mensur Suljović,Jeffrey de Zwaan,2026-05-20,European Tour Card Holder Qualifier,Q,Quarter Final,4.0,6.0,96.1,93.59
Mensur Suljović,Niels Zonneveld,2026-05-19,Players Championship,PT,Last 64,4.0,6.0,100.64,93.04
Mario Vandenbogaerde,Samuel Price,2026-07-08,European Tour Card Holder Qualifier,Q,Semi Final,5.0,6.0,88.89,87.74
Stephen Burton,Mensur Suljovic,2026-07-08,European Tour Card Holder Qualifier,Q,Final,6.0,2.0,96.52,94.53
Christian Kist,Rob Owen,2026-07-08,European Tour Card Holder Qualifier,Q,Quarter Final,1.0,6.0,87.67,95.97
Scott Williams,Pero Ljubic,2026-07-08,European Tour Card Holder Qualifier,Q,Quarter Final,5.0,6.0,86.51,78.47
Kai Gotthardt,Mensur Suljovic,2026-07-08,European Tour Card Holder Qualifier,Q,Quarter Final,3.0,6.0,95.91,94.81
David Sharp,Pero Ljubic,2026-07-08,European Tour Card Holder Qualifier,Q,Last 16,6.0,2.0,91.3,82.9
Cor Dekker,Samuel Price,2026-07-08,European Tour Card Holder Qualifier,Q,Quarter Final,5.0,6.0,83.05,86.98
Benjamin Pratnemer,Samuel Price,2026-07-08,European Tour Card Holder Qualifier,Q,Final,5.0,6.0,90.43,89.84
Thomas Lovely,Rob Owen,2026-07-08,European Tour Card Holder Qualifier,Q,Semi Final,2.0,6.0,83.76,89.65
Jim Long,Karel Sedlacek,2026-07-08,European Tour Card Holder Qualifier,Q,Quarter Final,0.0,6.0,83.93,94.93
Niall Culleton,Rob Owen,2026-07-08,European Tour Card Holder Qualifier,Q,Final,4.0,6.0,90.46,91.26
Martin Lukeman,Mensur Suljovic,2026-07-08,European Tour Card Holder Qualifier,Q,Semi Final,2.0,6.0,83.42,97.12
Leon Weber,Rob Owen,2026-07-08,European Tour Card Holder Qualifier,Q,Last 16,6.0,1.0,73.14,75.64
Stefaan Henderyck,Mensur Suljovic,2026-07-08,European Tour Card Holder Qualifier,Q,Quarter Final,6.0,5.0,92.47,102.57
Sam Price,Ross Smith,2026-06-02,Players Championship,PT,Last 128,1.0,6.0,85.26,91.17
Sam Price,Jeffrey de Graaf,2026-05-20,European Tour Card Holder Qualifier,Q,Final,1.0,6.0,77.57,92.38
Sam Price,Connor Scutt,2026-05-20,European Tour Card Holder Qualifier,Q,Semi Final,6.0,2.0,91.48,87.74
Sam Price,David Sharp,2026-05-20,European Tour Card Holder Qualifier,Q,Quarter Final,6.0,0.0,84.28,77.32
Sam Price,Carl Sneyd,2026-05-20,European Tour Card Holder Qualifier,Q,Final,6.0,4.0,89.48,79.2
Pero Ljubić,Jeffrey de Graaf,2026-05-19,Players Championship,PT,Last 128,0.0,6.0,62.79,87.55
Pero Ljubić,Ryan Searle,2026-05-18,Players Championship,PT,Last 128,0.0,6.0,57.78,107.36
Pero Ljubić,Adam Warner,2026-05-05,Players Championship,PT,Last 128,0.0,6.0,76.2,94.93
William O&#039;Connor,Pero Ljubic,2026-07-07,Players Championship,PT,Last 128,6.0,1.0,86.87,75.25
Cristo Reyes,David Sharp,2026-07-06,Players Championship,PT,Semi Final,7.0,3.0,89.91,83.34
Cristo Reyes,Daniel Ayres,2026-07-06,Players Championship,PT,Quarter Final,6.0,4.0,92.88,91.94
Cristo Reyes,William O&#039;Connor,2026-07-06,Players Championship,PT,Last 16,6.0,0.0,104.86,85.5
Cristo Reyes,Wessel Nijman,2026-07-06,Players Championship,PT,Last 32,6.0,5.0,100.8,95.94
Cristo Reyes,Callan Rydz,2026-07-06,Players Championship,PT,Last 64,6.0,4.0,96.04,90.02
Cristo Reyes,Filip Bereza,2026-07-06,Players Championship,PT,Last 128,6.0,3.0,82.51,81.3
Cristo Reyes,Krzysztof Ratajski,2026-06-19,European Tour,ET,Last 48 (Premier),2.0,6.0,91.01,94.32
Justin Hood,Nathan Potter,2026-06-03,Players Championship,PT,Last 128,3.0,6.0,90.44,91.1
Justin Hood,Tommy Morris,2026-06-02,Players Championship,PT,Last 128,4.0,6.0,90.65,92.64
Jeffrey de Graaf,Aden Kirk,2026-06-16,Players Championship,PT,Last 64,6.0,2.0,95.16,89.28
Jeffrey de Graaf,Bradley Brooks,2026-06-16,Players Championship,PT,Last 128,6.0,3.0,94.11,93.41
Jeffrey de Graaf,Luke Humphries,2026-06-05,World Series of Darts,WS,Last 16,3.0,6.0,95.84,109.92
Jeffrey de Graaf,Danny Noppert,2026-06-03,Players Championship,PT,Last 32,4.0,6.0,101.4,94.88
Callan Rydz,Gerwyn Price,2026-06-17,Players Championship,PT,Last 64,6.0,5.0,102.02,96.71
Callan Rydz,Ryan Meikle,2026-06-17,Players Championship,PT,Last 128,6.0,4.0,99.44,94.44
Callan Rydz,Stephen Bunting,2026-06-16,Players Championship,PT,Last 16,4.0,6.0,102.59,101.07
Callan Rydz,Andrew Gilding,2026-06-16,Players Championship,PT,Last 32,6.0,5.0,96.66,94.91
Callan Rydz,Madars Razma,2026-06-16,Players Championship,PT,Last 64,6.0,4.0,100.34,99.63
Callan Rydz,Daryl Gurney,2026-06-16,Players Championship,PT,Last 128,6.0,5.0,92.51,93.91
Joe Cullen,Mensur Suljovic,2026-07-07,Players Championship,PT,Last 64,6.0,3.0,105.98,93.44
James Hurrell,Niels Zonneveld,2026-06-16,Players Championship,PT,Last 32,1.0,6.0,87.77,100.44
James Hurrell,Krzysztof Ratajski,2026-06-16,Players Championship,PT,Last 64,6.0,3.0,95.75,92.41
James Hurrell,Brendan Dolan,2026-06-16,Players Championship,PT,Last 128,6.0,4.0,85.29,85.01
James Hurrell,Brendan Dolan,2026-06-03,Players Championship,PT,Last 128,5.0,6.0,91.96,97.38
Karel Sedláček,Andy Boulton,2026-06-03,Players Championship,PT,Last 64,5.0,6.0,90.37,94.44
Bradley Brooks,Adam Leek,2026-06-17,Players Championship,PT,Last 64,0.0,6.0,72.03,88.41
Bradley Brooks,Jeffrey de Graaf,2026-06-17,Players Championship,PT,Last 128,6.0,4.0,90.1,91.64
Bradley Brooks,Jeffrey de Graaf,2026-06-16,Players Championship,PT,Last 128,3.0,6.0,93.41,94.11
Bradley Brooks,Madars Razma,2026-06-03,Players Championship,PT,Last 128,5.0,6.0,98.25,93.24
Richard Veenstra,Joe Hunt,2026-06-16,Players Championship,PT,Last 128,6.0,5.0,98.51,96.0
Richard Veenstra,William O&#039;Connor,2026-06-03,Players Championship,PT,Semi Final,2.0,7.0,85.8,95.64
Richard Veenstra,Krzysztof Ratajski,2026-06-03,Players Championship,PT,Quarter Final,6.0,3.0,94.52,96.76
Connor Scutt,Adam Paxton,2026-07-07,Players Championship,PT,Last 64,6.0,3.0,89.1,86.78
Connor Scutt,Martin Schindler,2026-07-07,Players Championship,PT,Last 128,6.0,4.0,98.9,97.01
Connor Scutt,Joe Cullen,2026-07-06,Players Championship,PT,Last 128,4.0,6.0,100.04,100.1
Connor Scutt,Rob Cross,2026-06-17,Players Championship,PT,Last 32,2.0,6.0,85.46,97.69
Connor Scutt,Kevin Doets,2026-06-17,Players Championship,PT,Last 64,6.0,4.0,105.9,94.2
Connor Scutt,Leon Weber,2026-06-17,Players Championship,PT,Last 128,6.0,1.0,94.64,92.54
Connor Scutt,Chris Dobey,2026-06-16,Players Championship,PT,Last 128,1.0,6.0,102.53,103.69
Connor Scutt,Wessel Nijman,2026-06-03,Players Championship,PT,Last 64,2.0,6.0,91.76,105.77
Mike De Decker,Ryan Searle,2026-06-17,Players Championship,PT,Last 64,2.0,6.0,90.1,97.09
Mike De Decker,Yorick Hofkens,2026-06-17,Players Championship,PT,Last 128,6.0,3.0,99.18,90.27
Kim Huybrechts,Ryan Searle,2026-06-20,European Tour,ET,Last 32,3.0,6.0,83.21,89.78
Kim Huybrechts,Keane Barry,2026-06-19,European Tour,ET,Last 48 (Premier),6.0,4.0,95.75,86.14
Kim Huybrechts,Stephen Bunting,2026-06-17,Players Championship,PT,Last 32,5.0,6.0,88.0,92.13
Kim Huybrechts,Mervyn King,2026-06-17,Players Championship,PT,Last 64,6.0,3.0,89.13,83.96
Kim Huybrechts,Andy Boulton,2026-06-17,Players Championship,PT,Last 128,6.0,5.0,92.32,85.66
Cameron Menzies,Rob Owen,2026-07-07,Players Championship,PT,Last 128,6.0,3.0,95.87,89.6
Alan Soutar,Cristo Reyes,2026-06-02,Players Championship,PT,Last 128,5.0,6.0,83.01,94.45
Alan Soutar,Dimitri Van den Bergh,2026-05-29,European Tour,ET,Last 48 (Premier),2.0,6.0,80.89,85.76
Alan Soutar,Tom Bissell,2026-05-20,European Tour Card Holder Qualifier,Q,Quarter Final,2.0,6.0,78.25,85.01
Alan Soutar,Justin Hood,2026-05-20,European Tour Card Holder Qualifier,Q,Quarter Final,2.0,6.0,78.88,89.64
Max Hopp,Ritchie Edhouse,2026-06-16,Players Championship,PT,Last 128,6.0,4.0,88.72,93.41
Max Hopp,Luke Woodhouse,2026-06-03,Players Championship,PT,Last 128,3.0,6.0,97.95,87.51
Max Hopp,Jonny Clayton,2026-06-02,Players Championship,PT,Last 32,1.0,6.0,79.09,103.75
Max Hopp,Sietse Lap,2026-06-02,Players Championship,PT,Last 64,6.0,2.0,89.45,81.69
Tom Bissell,Cameron Menzies,2026-06-17,Players Championship,PT,Last 64,6.0,4.0,85.34,86.3
Tom Bissell,Charlie Manby,2026-06-17,Players Championship,PT,Last 128,6.0,3.0,93.3,86.8
Tom Bissell,Danny Noppert,2026-06-16,Players Championship,PT,Last 128,4.0,6.0,93.83,94.41
Tom Bissell,Wessel Nijman,2026-06-03,Players Championship,PT,Last 32,3.0,6.0,97.28,106.34
Ritchie Edhouse,Richard Veenstra,2026-06-02,Players Championship,PT,Last 64,4.0,6.0,85.37,85.76
Ritchie Edhouse,Tom Bissell,2026-06-02,Players Championship,PT,Last 128,6.0,5.0,90.42,86.95
Ritchie Edhouse,Mervyn King,2026-05-20,European Tour Card Holder Qualifier,Q,Semi Final,4.0,6.0,88.1,87.34
Ritchie Edhouse,Pero Ljubić,2026-05-20,European Tour Card Holder Qualifier,Q,Quarter Final,6.0,0.0,88.41,55.58
Tom Sykes,Jimmy van Schie,2026-07-06,Players Championship,PT,Last 64,6.0,4.0,99.57,91.73
Tom Sykes,Andrew Gilding,2026-07-06,Players Championship,PT,Last 128,6.0,0.0,96.97,89.79
Tom Sykes,Rob Cross,2026-06-21,European Tour,ET,Semi Final,2.0,7.0,90.72,98.13
Tom Sykes,Jermaine Wattimena,2026-06-21,European Tour,ET,Quarter Final,6.0,2.0,89.28,84.35
Tom Sykes,Cameron Menzies,2026-06-21,European Tour,ET,Last 16,6.0,4.0,94.71,90.34
Mickey Mansell,Gabriel Clemens,2026-06-17,Players Championship,PT,Last 16,1.0,6.0,92.24,102.44
Mickey Mansell,Richard Veenstra,2026-06-17,Players Championship,PT,Last 32,6.0,2.0,98.5,86.65
Mickey Mansell,Ross Smith,2026-06-17,Players Championship,PT,Last 64,6.0,3.0,99.23,90.58
Mickey Mansell,Brendan Dolan,2026-06-17,Players Championship,PT,Last 128,6.0,0.0,94.93,84.33
Lukas Wenig,Ross Smith,2026-06-02,Players Championship,PT,Last 32,3.0,6.0,93.11,98.51
Lukas Wenig,Wesley Plaisier,2026-06-02,Players Championship,PT,Last 64,6.0,5.0,86.73,77.95
Lukas Wenig,Marvin Kraft,2026-06-02,Players Championship,PT,Last 128,6.0,2.0,91.29,87.88
Gabriel Clemens,Charlie Manby,2026-07-06,Players Championship,PT,Last 64,2.0,6.0,93.91,94.31
Gabriel Clemens,Leon Weber,2026-07-06,Players Championship,PT,Last 128,6.0,1.0,92.44,82.77
Gabriel Clemens,Tom Bissell,2026-06-17,Players Championship,PT,Quarter Final,5.0,6.0,94.22,87.42
Keane Barry,Ryan Searle,2026-06-16,Players Championship,PT,Last 32,2.0,6.0,91.19,91.98
Keane Barry,Mario Vandenbogaerde,2026-06-16,Players Championship,PT,Last 64,6.0,5.0,89.52,94.9
Keane Barry,Martin Schindler,2026-06-16,Players Championship,PT,Last 128,6.0,5.0,87.2,92.05
Keane Barry,Ricardo Pietreczko,2026-06-03,Players Championship,PT,Last 128,2.0,6.0,71.83,80.5
Keane Barry,Wesley Plaisier,2026-06-02,Players Championship,PT,Last 128,4.0,6.0,83.73,85.22
Keane Barry,Niels Zonneveld,2026-05-22,European Tour,ET,Last 48 (Premier),2.0,6.0,89.14,96.47
Ricky Evans,Andy Boulton,2026-06-03,Players Championship,PT,Last 128,1.0,6.0,79.44,93.94
Ricky Evans,Chris Landman,2026-06-02,Players Championship,PT,Last 128,4.0,6.0,87.12,92.2
Ricky Evans,Luke Woodhouse,2026-05-31,European Tour,ET,Semi Final,2.0,7.0,90.78,92.89
Ricky Evans,Kevin Doets,2026-05-31,European Tour,ET,Quarter Final,6.0,3.0,97.36,91.48
Ricky Evans,James Wade,2026-05-31,European Tour,ET,Last 16,6.0,4.0,95.56,97.16
Sebastian Bialecki,Luke Woodhouse,2026-06-16,Players Championship,PT,Last 32,5.0,6.0,94.34,96.67
Sebastian Bialecki,Jeffrey de Zwaan,2026-06-16,Players Championship,PT,Last 64,6.0,5.0,88.53,89.57
Sebastian Bialecki,Thomas Lovely,2026-06-16,Players Championship,PT,Last 128,6.0,4.0,96.16,92.66
Sebastian Bialecki,Adam Gawlas,2026-06-07,Development Tour,0,Final,3.0,5.0,83.71,92.43
Mensur Suljović,Martin Lukeman,2026-05-19,Players Championship,PT,Last 128,6.0,2.0,90.39,77.84
Mensur Suljović,Stephen Bunting,2026-05-18,Players Championship,PT,Last 32,5.0,6.0,94.03,101.68
Beau Greaves,Aurora Fochesato,2026-06-21,Women&#039;s Series,0,Quarter Final,5.0,2.0,80.6,78.08
Beau Greaves,Sara Walton,2026-06-21,Women&#039;s Series,0,Last 16,4.0,1.0,79.82,60.74
Beau Greaves,Kirsty Hutchinson,2026-06-21,Women&#039;s Series,0,Last 32,4.0,3.0,84.73,72.34
Beau Greaves,Lauryn Salter,2026-06-21,Women&#039;s Series,0,Last 64,4.0,1.0,83.37,65.12
Beau Greaves,Debbie Dexter,2026-06-21,Women&#039;s Series,0,Last 128,4.0,0.0,81.24,74.48
Beau Greaves,Angela Kirkwood,2026-06-21,Women&#039;s Series,0,Last 32,3.0,4.0,81.0,76.74
Wesley Plaisier,Jermaine Wattimena,2026-06-16,Players Championship,PT,Last 128,4.0,6.0,83.8,97.6
Wesley Plaisier,Joe Cullen,2026-06-03,Players Championship,PT,Last 64,4.0,6.0,84.8,93.0
Shane McGuirk,Karel Sedlacek,2026-07-07,Players Championship,PT,Last 128,6.0,5.0,90.48,90.13
Shane McGuirk,Stephen Bunting,2026-06-16,Players Championship,PT,Last 32,1.0,6.0,91.36,109.48
Shane McGuirk,Peter Wright,2026-06-16,Players Championship,PT,Last 64,6.0,1.0,92.84,85.1
Shane McGuirk,Sam Price,2026-06-16,Players Championship,PT,Last 128,6.0,0.0,87.55,81.48
Charlie Manby,Tom Bissell,2026-06-17,Players Championship,PT,Last 128,3.0,6.0,86.8,93.3
Charlie Manby,Mike De Decker,2026-06-16,Players Championship,PT,Last 128,3.0,6.0,93.91,99.07
Charlie Manby,Leon Weber,2026-06-06,Development Tour,0,Last 32,3.0,4.0,85.26,85.16
Charlie Manby,Alain Bouckaert,2026-06-06,Development Tour,0,Last 64,4.0,0.0,93.94,72.4
Darryl Pilgrim,Samuel Price,2026-07-07,Players Championship,PT,Last 128,6.0,2.0,87.65,87.95
Darryl Pilgrim,Harry Ward,2026-06-16,Players Championship,PT,Last 128,6.0,1.0,93.8,84.54
Darryl Pilgrim,Nathan Aspinall,2026-06-03,Players Championship,PT,Last 128,5.0,6.0,94.65,94.65
Darryl Pilgrim,Callan Rydz,2026-06-02,Players Championship,PT,Last 128,3.0,6.0,95.45,97.82
Darryl Pilgrim,Connor Scutt,2026-05-20,European Tour Card Holder Qualifier,Q,Quarter Final,5.0,6.0,95.53,88.8
Dave Chisnall,Adrian Dudek,2026-06-19,European Tour,ET,Last 48 (Premier),6.0,5.0,88.85,74.88
Maik Kuivenhoven,Gian van Veen,2026-06-17,Players Championship,PT,Quarter Final,6.0,3.0,95.19,90.13
Maik Kuivenhoven,Ryan Searle,2026-06-17,Players Championship,PT,Last 16,6.0,3.0,97.85,100.41
Maik Kuivenhoven,Robert Owen,2026-06-17,Players Championship,PT,Last 32,6.0,2.0,98.76,98.24
Maik Kuivenhoven,Alan Soutar,2026-06-17,Players Championship,PT,Last 64,6.0,3.0,80.4,76.73
Maik Kuivenhoven,Christian Kist,2026-06-17,Players Championship,PT,Last 128,6.0,3.0,84.46,80.11
Madars Razma,Daniel Ayres,2026-07-06,Players Championship,PT,Last 32,2.0,6.0,88.53,86.93
Madars Razma,Jermaine Wattimena,2026-07-06,Players Championship,PT,Last 64,6.0,3.0,98.86,92.35
Madars Razma,Maximilian Czerwinski,2026-07-06,Players Championship,PT,Last 128,6.0,1.0,96.53,89.47
Madars Razma,Danny Noppert,2026-06-20,European Tour,ET,Last 32,2.0,6.0,79.3,81.45
Madars Razma,Dirk van Duijvenbode,2026-06-19,European Tour,ET,Last 48 (Premier),6.0,4.0,90.83,93.18
Mario Vandenbogaerde,Keane Barry,2026-06-16,Players Championship,PT,Last 64,5.0,6.0,94.9,89.52
Mario Vandenbogaerde,Jack Aldridge,2026-06-16,Players Championship,PT,Last 128,6.0,0.0,95.94,87.62
Mario Vandenbogaerde,Oskar Lukasiak,2026-06-03,Players Championship,PT,Last 64,3.0,6.0,85.78,89.83
Mario Vandenbogaerde,Aden Kirk,2026-06-03,Players Championship,PT,Last 128,6.0,2.0,91.42,86.93
Cam Crabtree,Adam Lipscombe,2026-06-27,Hampshire Open,0,Semi Final,4.0,3.0,89.19,83.86
Cam Crabtree,George Cressey,2026-06-27,Hampshire Open,0,Quarter Final,4.0,2.0,101.15,92.59
Cam Crabtree,Johnny Haines,2026-06-27,Hampshire Open,0,Last 16,4.0,3.0,88.98,86.3
Cam Crabtree,Scott Walters,2026-06-27,Hampshire Open,0,Last 32,4.0,1.0,91.28,77.5
Stephen Burton,Wessel Nijman,2026-06-16,Players Championship,PT,Last 128,4.0,6.0,86.41,93.85
Stephen Burton,Krzysztof Ratajski,2026-06-03,Players Championship,PT,Last 64,4.0,6.0,92.76,95.98
Stephen Burton,Adam Leek,2026-06-03,Players Championship,PT,Last 128,6.0,3.0,98.26,84.26
Stephen Burton,Thomas Lovely,2026-06-02,Players Championship,PT,Last 64,3.0,6.0,91.96,94.28
Alexander Merkx,Ritchie Edhouse,2026-06-17,Players Championship,PT,Last 64,6.0,5.0,96.61,96.34
Alexander Merkx,Martin Lukeman,2026-06-17,Players Championship,PT,Last 128,6.0,2.0,95.04,80.46
Alexander Merkx,Andrew Gilding,2026-06-16,Players Championship,PT,Last 128,5.0,6.0,86.07,92.18
Alexander Merkx,Beau Greaves,2026-06-03,Players Championship,PT,Last 128,2.0,6.0,84.94,95.85
Alexander Merkx,Niall Culleton,2026-06-02,Players Championship,PT,Last 128,3.0,6.0,89.96,94.14
Jeffrey de Zwaan,Lukas Wenig,2026-06-16,Players Championship,PT,Last 128,6.0,4.0,95.06,94.33
Jeffrey de Zwaan,Callan Rydz,2026-06-03,Players Championship,PT,Last 128,4.0,6.0,92.15,91.35
Jeffrey de Zwaan,Maik Kuivenhoven,2026-06-02,Players Championship,PT,Last 128,2.0,6.0,92.97,92.92
Brendan Dolan,Mickey Mansell,2026-06-17,Players Championship,PT,Last 128,0.0,6.0,84.33,94.93
Brendan Dolan,James Hurrell,2026-06-16,Players Championship,PT,Last 128,4.0,6.0,85.01,85.29
Brendan Dolan,Jeffrey de Graaf,2026-06-03,Players Championship,PT,Last 64,2.0,6.0,94.08,99.45
Christian Kist,Niels Zonneveld,2026-06-16,Players Championship,PT,Last 64,4.0,6.0,93.55,99.35
Christian Kist,Benjamin Pratnemer,2026-06-16,Players Championship,PT,Last 128,6.0,4.0,91.69,93.79
Darius Labanauskas,Henry Coates,2026-06-03,Players Championship,PT,Last 128,5.0,6.0,92.66,96.02
Darius Labanauskas,Rob Cross,2026-06-02,Players Championship,PT,Last 128,4.0,6.0,89.43,99.08
Scott Williams,Callan Rydz,2026-06-03,Players Championship,PT,Last 64,3.0,6.0,93.98,91.65
Scott Williams,Gian van Veen,2026-06-03,Players Championship,PT,Last 128,6.0,4.0,91.78,86.07
Adam Lipscombe,Marvin Meal,2026-06-27,Hampshire Open,0,Last 16,4.0,0.0,77.08,64.68
Adam Lipscombe,Chas Barstow,2026-06-27,Hampshire Open,0,Last 32,4.0,1.0,90.27,84.26
Adam Lipscombe,Liam Glister,2026-06-27,Hampshire Open,0,Last 64,4.0,0.0,79.11,73.24
Adam Lipscombe,Harvey Atkins,2026-06-27,Hampshire Open,0,Last 128,4.0,0.0,87.13,48.55
Adam Lipscombe,Darius Labanauskas,2026-06-17,Players Championship,PT,Last 128,4.0,6.0,91.38,89.79
Adam Lipscombe,Tommy Lishman,2026-06-16,Players Championship,PT,Last 128,4.0,6.0,90.73,87.55
Ryan Meikle,Gary Anderson,2026-06-03,Players Championship,PT,Last 128,4.0,6.0,86.63,89.56
Ryan Meikle,Harry Ward,2026-06-02,Players Championship,PT,Last 64,4.0,6.0,84.72,83.58
Ryan Meikle,Adam Leek,2026-06-02,Players Championship,PT,Last 128,6.0,5.0,93.55,91.88
Ryan Meikle,Mervyn King,2026-05-20,European Tour Card Holder Qualifier,Q,Quarter Final,3.0,6.0,81.36,83.69
David Sharp,Karel Sedláček,2026-07-06,Players Championship,PT,Last 32,6.0,2.0,98.9,93.23
David Sharp,Luke Woodhouse,2026-07-06,Players Championship,PT,Last 64,6.0,3.0,97.99,83.21
David Sharp,Joe Hunt,2026-07-06,Players Championship,PT,Last 128,6.0,5.0,85.88,81.08
David Sharp,Rob Cross,2026-06-17,Players Championship,PT,Last 16,1.0,6.0,100.56,104.73
David Sharp,Dave Chisnall,2026-06-17,Players Championship,PT,Last 32,6.0,1.0,86.7,74.04
Chris Landman,Krzysztof Ratajski,2026-06-02,Players Championship,PT,Last 64,3.0,6.0,93.45,103.74
Chris Landman,Ricky Evans,2026-06-02,Players Championship,PT,Last 128,6.0,4.0,92.2,87.12
Chris Landman,Joe Cullen,2026-05-22,European Tour,ET,Last 48 (Premier),5.0,6.0,86.81,91.87
Kai Gotthardt,Dennie Olde Kalter,2026-06-16,Players Championship,PT,Last 128,6.0,1.0,107.09,89.03
Kai Gotthardt,Cristo Reyes,2026-06-03,Players Championship,PT,Last 32,2.0,6.0,86.23,91.52
Kai Gotthardt,Dirk van Duijvenbode,2026-06-03,Players Championship,PT,Last 64,6.0,0.0,100.2,84.69
Jimmy van Schie,Sander van Bergen,2026-06-28,Oranjebar Fair Tournament,0,Round Robin,4.0,0.0,74.22,53.15
Jimmy van Schie,Rafael Hardenbol,2026-06-28,Oranjebar Fair Tournament,0,Round Robin,4.0,1.0,70.75,56.35
Dennie Olde Kalter,Adam Lipscombe,2026-06-03,Players Championship,PT,Last 128,4.0,6.0,94.92,91.64
Dennie Olde Kalter,William O&#039;Connor,2026-06-02,Players Championship,PT,Last 128,5.0,6.0,90.08,99.11
Dennie Olde Kalter,Wesley Plaisier,2026-05-20,European Tour Card Holder Qualifier,Q,Last 16,3.0,6.0,88.46,90.52
Raymond van Barneveld,Jonny Clayton,2026-06-02,Players Championship,PT,Last 128,1.0,6.0,92.37,97.07
Raymond van Barneveld,Marvin Kraft,2026-05-18,Players Championship,PT,Last 128,5.0,6.0,90.11,93.02
Mervyn King,Tyler Thorpe,2026-06-17,Players Championship,PT,Last 128,6.0,5.0,90.65,95.32
Mervyn King,Andrew Gilding,2026-06-16,Players Championship,PT,Last 64,5.0,6.0,93.53,97.99
Mervyn King,Maximilian Czerwinski,2026-06-16,Players Championship,PT,Last 128,6.0,4.0,94.78,88.39
Mervyn King,Krzysztof Ratajski,2026-06-03,Players Championship,PT,Last 16,4.0,6.0,91.0,93.43
Cor Dekker,Luke Littler,2026-06-05,World Series of Darts,WS,Last 16,1.0,6.0,80.14,93.4
Cor Dekker,Ross Smith,2026-06-03,Players Championship,PT,Last 128,3.0,6.0,93.35,99.63
Cor Dekker,Rob Cross,2026-06-02,Players Championship,PT,Last 64,3.0,6.0,91.07,94.14
Cor Dekker,Mario Vandenbogaerde,2026-06-02,Players Championship,PT,Last 128,6.0,4.0,94.39,94.64
Ian White,Jimmy van Schie,2026-05-29,European Tour,ET,Last 48 (Premier),0.0,6.0,78.72,96.97
Stephen Rosney,Mensur Suljovic,2026-07-07,Players Championship,PT,Last 128,4.0,6.0,94.77,99.9
Stephen Rosney,Callan Rydz,2026-06-02,Players Championship,PT,Last 32,6.0,5.0,96.35,96.0
Stephen Rosney,Peter Wright,2026-06-02,Players Championship,PT,Last 64,6.0,5.0,89.76,84.17
Stephen Rosney,Jermaine Wattimena,2026-06-02,Players Championship,PT,Last 128,6.0,5.0,89.27,90.79
Thibault Tricole,Gian van Veen,2026-06-16,Players Championship,PT,Last 128,1.0,6.0,90.49,97.63
Thibault Tricole,Jack Tweddell,2026-06-03,Players Championship,PT,Last 128,3.0,6.0,75.02,80.22
Thibault Tricole,Yorick Hofkens,2026-06-02,Players Championship,PT,Last 128,3.0,6.0,82.12,90.1
Thibault Tricole,Greg Ritchie,2026-05-20,European Tour Card Holder Qualifier,Q,Semi Final,2.0,6.0,91.73,94.81
Thibault Tricole,Oskar Lukasiak,2026-05-20,European Tour Card Holder Qualifier,Q,Quarter Final,6.0,4.0,86.18,83.08
Benjamin Pratnemer,Tilen Javornik,2026-07-04,Darts Points Bulls League Finals,0,Quarter Final,6.0,1.0,82.61,67.88
Benjamin Pratnemer,Mladen Radosavljevic,2026-07-04,Darts Points Bulls League Finals,0,Last 16,6.0,3.0,93.31,89.44
Benjamin Pratnemer,Toni Samarzija,2026-07-04,Darts Points Bulls League Finals,0,Last 32,4.0,0.0,75.15,64.85
Benjamin Pratnemer,Bojan Jalovec,2026-07-04,Darts Points Bulls League Finals,0,Last 64,4.0,0.0,74.22,66.74
Benjamin Pratnemer,Mario Zeba,2026-07-04,Darts Points Bulls League Finals,0,Round Robin,5.0,2.0,88.07,81.68
Andy Boulton,Nathan Aspinall,2026-06-03,Players Championship,PT,Last 32,6.0,4.0,92.72,86.82
Andy Boulton,Karel Sedláček,2026-06-03,Players Championship,PT,Last 64,6.0,5.0,94.44,90.37
Tyler Thorpe,Logan Anderson,2026-06-07,Development Tour,0,Last 256,4.0,0.0,87.13,78.86
Tyler Thorpe,Oliver Smith,2026-06-06,Development Tour,0,Last 128,1.0,4.0,76.57,86.55
Adam Gawlas,Cam Crabtree,2026-06-07,Development Tour,0,Quarter Final,5.0,2.0,83.49,85.41
Jurjen van der Velde,Damien Moore,2026-06-07,Development Tour,0,Last 32,4.0,1.0,90.18,82.56
Jurjen van der Velde,Tavis Dudeney,2026-06-07,Development Tour,0,Last 64,4.0,1.0,87.65,73.23
Jurjen van der Velde,Wessel Tempelaars,2026-06-07,Development Tour,0,Last 128,4.0,0.0,92.49,84.9
Ricardo Pietreczko,Henry Coates,2026-06-03,Players Championship,PT,Last 32,1.0,6.0,86.61,92.68
Ricardo Pietreczko,Charlie Manby,2026-06-03,Players Championship,PT,Last 64,6.0,1.0,86.17,91.43
Ricardo Pietreczko,Keane Barry,2026-06-03,Players Championship,PT,Last 128,6.0,2.0,80.5,71.83
Ricardo Pietreczko,Mensur Suljović,2026-06-02,Players Championship,PT,Last 128,4.0,6.0,91.02,88.99
Owen Bates,Martin Grearson,2026-06-27,Hampshire Open,0,Last 16,4.0,1.0,81.92,75.56
Owen Bates,Callum Adams,2026-06-27,Hampshire Open,0,Last 32,4.0,2.0,76.74,73.23
Owen Bates,Mike Gillet,2026-06-27,Hampshire Open,0,Last 64,4.0,0.0,88.41,74.95
Owen Bates,Rhys Julian,2026-06-27,Hampshire Open,0,Last 128,4.0,2.0,90.31,82.27
Peter Wright,Leon Weber,2026-06-02,Players Championship,PT,Last 128,6.0,4.0,87.14,83.14
Peter Wright,Benjamin Pratnemer,2026-05-20,European Tour Card Holder Qualifier,Q,Semi Final,5.0,6.0,92.52,95.67
Peter Wright,Bradley Brooks,2026-05-20,European Tour Card Holder Qualifier,Q,Quarter Final,6.0,5.0,84.0,80.42
Nick Kenny,Sam Price,2026-05-20,European Tour Card Holder Qualifier,Q,Quarter Final,1.0,6.0,88.26,100.47
Nick Kenny,Kevin Doets,2026-05-19,Players Championship,PT,Last 64,3.0,6.0,85.98,92.03
Adam Warner,Cameron Menzies,2026-06-16,Players Championship,PT,Last 128,6.0,1.0,91.28,86.26
Adam Warner,Andrew Gilding,2026-06-03,Players Championship,PT,Last 128,3.0,6.0,83.56,93.8
Adam Warner,William O&#039;Connor,2026-06-02,Players Championship,PT,Last 64,1.0,6.0,87.06,90.83
Thomas Lovely,Ian White,2026-06-02,Players Championship,PT,Last 128,6.0,4.0,94.63,79.97
Thomas Lovely,Cristo Reyes,2026-05-20,European Tour Card Holder Qualifier,Q,Semi Final,2.0,6.0,83.81,91.12
Thomas Lovely,Dominik Gruellich,2026-05-20,European Tour Card Holder Qualifier,Q,Quarter Final,6.0,1.0,97.25,83.29
Arno Merk,Wessel Nijman,2026-06-02,Players Championship,PT,Last 128,1.0,6.0,88.19,95.97
Arno Merk,Tyler Thorpe,2026-05-20,European Tour Card Holder Qualifier,Q,Final,4.0,6.0,86.41,88.33
Arno Merk,Mensur Suljović,2026-05-20,European Tour Card Holder Qualifier,Q,Semi Final,6.0,4.0,86.24,90.51
Sietse Lap,Cameron Menzies,2026-06-02,Players Championship,PT,Last 128,6.0,2.0,93.38,89.41
Sietse Lap,Tom Sykes,2026-05-20,European Tour Card Holder Qualifier,Q,Last 16,5.0,6.0,93.31,92.03
Sietse Lap,Tyler Thorpe,2026-05-20,European Tour Card Holder Qualifier,Q,Quarter Final,2.0,6.0,86.78,92.04
Adam Leek,Bradley Brooks,2026-06-17,Players Championship,PT,Last 64,6.0,0.0,88.41,72.03
Adam Leek,Christopher Wickenden,2026-06-17,Players Championship,PT,Last 128,6.0,3.0,87.57,86.57
Adam Leek,Beau Greaves,2026-06-16,Players Championship,PT,Last 32,1.0,6.0,82.05,88.53
Adam Leek,Gian van Veen,2026-06-16,Players Championship,PT,Last 64,6.0,2.0,102.05,94.39
Adam Leek,Tytus Kanik,2026-06-16,Players Championship,PT,Last 128,6.0,5.0,93.98,81.39
Rhys Griffin,Ryan Joyce,2026-06-02,Players Championship,PT,Last 128,0.0,6.0,75.67,86.71
Rhys Griffin,Rusty-Jake Rodriguez,2026-05-20,European Tour Card Holder Qualifier,Q,Quarter Final,5.0,6.0,78.85,80.71
Jim Long,Luke Littler,2026-06-26,World Series of Darts,WS,Quarter Final,1.0,6.0,89.38,102.15
Jim Long,Josh Rock,2026-06-25,World Series of Darts,WS,Last 16,6.0,4.0,87.85,88.25
Jim Long,Nathan Aspinall,2026-06-20,European Tour,ET,Last 32,4.0,6.0,87.06,90.99
Dominik Gruellich,Jack Howarth,2026-06-06,Development Tour,0,Last 64,4.0,1.0,90.29,75.75
Dominik Gruellich,Kyle Manton,2026-06-06,Development Tour,0,Last 128,4.0,1.0,81.37,78.17
Jeffrey Sparidaans,Ross Smith,2026-06-16,Players Championship,PT,Last 128,4.0,6.0,88.28,89.37
Jeffrey Sparidaans,Wessel Nijman,2026-06-03,Players Championship,PT,Last 128,3.0,6.0,84.61,90.83
Jeffrey Sparidaans,Beau Greaves,2026-06-02,Players Championship,PT,Last 128,4.0,6.0,94.94,91.44
Greg Ritchie,Dave Chisnall,2026-06-03,Players Championship,PT,Last 128,2.0,6.0,84.13,83.7
Greg Ritchie,Daniel Ayres,2026-06-02,Players Championship,PT,Last 128,3.0,6.0,84.86,90.23
Greg Ritchie,Mervyn King,2026-05-20,European Tour Card Holder Qualifier,Q,Final,5.0,6.0,79.06,73.43
Greg Ritchie,Thibault Tricole,2026-05-20,European Tour Card Holder Qualifier,Q,Semi Final,6.0,2.0,94.81,91.73
Leon Weber,Thomas Banks,2026-06-06,Development Tour,0,Semi Final,5.0,3.0,90.61,86.71
Leon Weber,James Beeton,2026-06-06,Development Tour,0,Quarter Final,5.0,3.0,94.34,85.41
Leon Weber,Ciaran Forde,2026-06-06,Development Tour,0,Last 16,4.0,2.0,92.39,80.51
Martin Lukeman,Lukas Wenig,2026-05-20,European Tour Card Holder Qualifier,Q,Quarter Final,3.0,6.0,81.48,91.48
Martin Lukeman,Mensur Suljović,2026-05-19,Players Championship,PT,Last 128,2.0,6.0,77.84,90.39
Martin Lukeman,Andrew Gilding,2026-05-18,Players Championship,PT,Last 128,0.0,6.0,80.55,99.1
Niall Culleton,Cam Crabtree,2026-06-17,Players Championship,PT,Last 64,4.0,6.0,90.95,86.77
Niall Culleton,Sebastian Bialecki,2026-06-17,Players Championship,PT,Last 128,6.0,5.0,92.45,92.37
Niall Culleton,Ryan Searle,2026-06-16,Players Championship,PT,Last 64,4.0,6.0,87.45,94.85
Niall Culleton,Jurjen van der Velde,2026-06-16,Players Championship,PT,Last 128,6.0,1.0,87.64,75.78
Niall Culleton,Karel Sedláček,2026-06-03,Players Championship,PT,Last 128,2.0,6.0,77.63,85.73
Stefan Bellmont,Jimmy van Schie,2026-06-02,Players Championship,PT,Last 128,2.0,6.0,83.34,84.77
Stefan Bellmont,Mickey Mansell,2026-05-20,European Tour Card Holder Qualifier,Q,Semi Final,3.0,6.0,97.16,95.71
Adam Paxton,Joe Cullen,2026-06-02,Players Championship,PT,Last 128,6.0,4.0,93.68,93.84
Adam Paxton,Benjamin Pratnemer,2026-05-20,European Tour Card Holder Qualifier,Q,Final,3.0,6.0,91.25,91.26
Marvin van Velzen,Damon Heta,2026-06-02,Players Championship,PT,Last 128,6.0,5.0,90.63,96.4
Marvin van Velzen,Max Hopp,2026-05-20,European Tour Card Holder Qualifier,Q,Semi Final,3.0,6.0,91.23,96.81
Stefaan Henderyck,Danny Noppert,2026-05-18,Players Championship,PT,Last 128,3.0,6.0,95.86,100.06
Stefaan Henderyck,Sietse Lap,2026-05-13,Players Championship,PT,Last 128,4.0,6.0,90.39,87.48
Stefaan Henderyck,Karel Sedláček,2026-05-12,Players Championship,PT,Last 128,2.0,6.0,87.87,99.45
Yorick Hofkens,Jack Pollard,2026-06-07,Development Tour,0,Quarter Final,1.0,5.0,84.86,88.98
Yorick Hofkens,Jarod Becker,2026-06-07,Development Tour,0,Last 16,4.0,1.0,87.58,84.93
Sam Price,Greg Ritchie,2026-05-20,European Tour Card Holder Qualifier,Q,Semi Final,6.0,3.0,80.8,76.64
Viktor Tingstrom,Damon Heta,2026-06-16,Players Championship,PT,Last 64,1.0,6.0,95.52,98.1
Viktor Tingstrom,Pascal Rupprecht,2026-06-16,Players Championship,PT,Last 128,6.0,1.0,96.17,89.02
Carl Sneyd,Sam Price,2026-05-20,European Tour Card Holder Qualifier,Q,Final,4.0,6.0,79.2,89.48
Carl Sneyd,Richard Veenstra,2026-05-20,European Tour Card Holder Qualifier,Q,Semi Final,6.0,4.0,86.31,90.54
Carl Sneyd,Wesley Plaisier,2026-05-20,European Tour Card Holder Qualifier,Q,Quarter Final,6.0,0.0,79.81,69.56
Marvin Kraft,Chris Landman,2026-05-19,Players Championship,PT,Last 64,2.0,6.0,87.46,92.66
Marvin Kraft,Damon Heta,2026-05-19,Players Championship,PT,Last 128,6.0,3.0,87.18,96.27
Rusty-Jake Rodriguez,Owen Bates,2026-05-20,European Tour Card Holder Qualifier,Q,Semi Final,1.0,6.0,83.46,91.99
Rusty-Jake Rodriguez,Rhys Griffin,2026-05-20,European Tour Card Holder Qualifier,Q,Quarter Final,6.0,5.0,80.71,78.85
Rusty-Jake Rodriguez,Gabriel Clemens,2026-05-20,European Tour Card Holder Qualifier,Q,Last 16,0.0,6.0,73.53,85.89
Maximilian Czerwinski,Stephen Burton,2026-05-20,European Tour Card Holder Qualifier,Q,Last 16,5.0,6.0,79.84,92.98
Maximilian Czerwinski,Lukas Wenig,2026-05-19,Players Championship,PT,Last 128,1.0,6.0,77.57,96.03
Maximilian Czerwinski,Maik Kuivenhoven,2026-05-18,Players Championship,PT,Last 128,3.0,6.0,83.88,87.06
Tytus Kanik,Pascal Rupprecht,2026-05-20,European Tour Card Holder Qualifier,Q,Quarter Final,3.0,6.0,84.39,88.36
Tytus Kanik,Darius Labanauskas,2026-05-20,European Tour Card Holder Qualifier,Q,Semi Final,1.0,6.0,81.74,92.44
Tytus Kanik,Marvin van Velzen,2026-05-20,European Tour Card Holder Qualifier,Q,Quarter Final,6.0,5.0,91.54,91.81
Filip Bereza,Yorick Hofkens,2026-05-18,Players Championship,PT,Last 128,3.0,6.0,83.27,88.39
Filip Bereza,Ian White,2026-05-13,Players Championship,PT,Last 128,1.0,6.0,83.47,91.63
Tavis Dudeney,Zak Earnshaw,2026-06-06,Development Tour,0,Last 512,1.0,4.0,71.97,87.42
Tavis Dudeney,Nathan Potter,2026-06-06,Development Tour,0,Last 64,0.0,4.0,79.05,95.43
Pero Ljubić,Mario Vandenbogaerde,2026-05-04,Players Championship,PT,Last 128,1.0,6.0,66.65,89.66
Gary Anderson,Kevin Doets,2026-04-28,Players Championship,PT,Quarter Final,1.0,6.0,92.13,98.58
Gary Anderson,Alexander Merkx,2026-04-28,Players Championship,PT,Last 16,6.0,3.0,98.33,88.17
Chris Dobey,Robert Owen,2026-06-17,Players Championship,PT,Last 64,1.0,6.0,98.29,98.63
Chris Dobey,Peter Wright,2026-06-17,Players Championship,PT,Last 128,6.0,5.0,97.63,90.99
Chris Dobey,Beau Greaves,2026-06-16,Players Championship,PT,Quarter Final,4.0,6.0,105.09,105.9
Chris Dobey,Niels Zonneveld,2026-06-16,Players Championship,PT,Last 16,6.0,5.0,93.76,97.31
Chris Dobey,Richard Veenstra,2026-06-16,Players Championship,PT,Last 32,6.0,4.0,105.04,97.45
Michael van Gerwen,Damon Heta,2026-05-24,European Tour,ET,Last 16,6.0,3.0,101.93,95.06
Michael van Gerwen,Madars Razma,2026-05-23,European Tour,ET,Last 32,6.0,5.0,89.54,88.79
Wessel Nijman,Adam Paxton,2026-06-17,Players Championship,PT,Last 64,6.0,3.0,89.67,83.81
Gian van Veen,Rob Cross,2026-06-20,European Tour,ET,Last 32,3.0,6.0,93.68,98.36
Gian van Veen,Maik Kuivenhoven,2026-06-17,Players Championship,PT,Quarter Final,3.0,6.0,90.13,95.19
Gian van Veen,Adam Leek,2026-06-17,Players Championship,PT,Last 16,6.0,5.0,88.74,85.5
Gian van Veen,Martin Schindler,2026-06-17,Players Championship,PT,Last 32,6.0,5.0,103.6,108.19
Gian van Veen,Scott Williams,2026-06-17,Players Championship,PT,Last 64,6.0,2.0,98.23,89.28
Gian van Veen,Aden Kirk,2026-06-17,Players Championship,PT,Last 128,6.0,1.0,100.7,85.96
Stephen Bunting,Andrew Gilding,2026-06-17,Players Championship,PT,Last 16,6.0,2.0,95.65,83.72
Josh Rock,Jeffrey de Graaf,2026-06-02,Players Championship,PT,Last 32,4.0,6.0,96.31,98.32
Josh Rock,Jim Long,2026-06-02,Players Championship,PT,Last 64,6.0,3.0,102.18,94.7
Josh Rock,Scott Williams,2026-06-02,Players Championship,PT,Last 128,6.0,4.0,99.52,100.77
Ross Smith,Dirk van Duijvenbode,2026-06-16,Players Championship,PT,Last 16,4.0,6.0,94.26,94.58
Ross Smith,Michael Smith,2026-06-16,Players Championship,PT,Last 32,6.0,5.0,107.88,105.32
Ross Smith,Stephen Rosney,2026-06-16,Players Championship,PT,Last 64,6.0,2.0,95.95,85.51
Dirk van Duijvenbode,Robert Owen,2026-06-16,Players Championship,PT,Last 64,6.0,3.0,102.33,93.07
Dirk van Duijvenbode,Cor Dekker,2026-06-16,Players Championship,PT,Last 128,6.0,3.0,99.7,86.39
Rob Cross,Kevin Doets,2026-06-21,European Tour,ET,Last 16,6.0,5.0,95.3,96.91
Rob Cross,Gian van Veen,2026-06-20,European Tour,ET,Last 32,6.0,3.0,98.36,93.68
Rob Cross,Juraj Holub,2026-06-19,European Tour,ET,Last 48 (Premier),6.0,3.0,82.99,78.17
Rob Cross,Maik Kuivenhoven,2026-06-17,Players Championship,PT,Final,8.0,5.0,97.83,82.53
Kevin Doets,Wessel Nijman,2026-06-16,Players Championship,PT,Quarter Final,1.0,6.0,91.41,100.63
Kevin Doets,Tommy Lishman,2026-06-16,Players Championship,PT,Last 16,6.0,1.0,99.63,82.77
Kevin Doets,Ricardo Pietreczko,2026-06-16,Players Championship,PT,Last 32,6.0,4.0,94.76,93.4
James Wade,Niels Zonneveld,2026-05-30,European Tour,ET,Last 32,6.0,2.0,94.75,93.55
Danny Noppert,Tommy Lishman,2026-06-16,Players Championship,PT,Last 32,1.0,6.0,82.89,82.09
Danny Noppert,Mike De Decker,2026-06-16,Players Championship,PT,Last 64,6.0,0.0,95.94,86.86
Danny Noppert,Tom Bissell,2026-06-16,Players Championship,PT,Last 128,6.0,4.0,94.41,93.83
Danny Noppert,Henry Coates,2026-06-03,Players Championship,PT,Last 16,2.0,6.0,87.63,99.55
Danny Noppert,Jeffrey de Graaf,2026-06-03,Players Championship,PT,Last 32,6.0,4.0,94.88,101.4
Jermaine Wattimena,Karel Sedláček,2026-06-16,Players Championship,PT,Last 32,2.0,6.0,86.55,95.44
Jermaine Wattimena,Stefan Bellmont,2026-06-16,Players Championship,PT,Last 64,6.0,1.0,98.12,84.24
Jermaine Wattimena,Wesley Plaisier,2026-06-16,Players Championship,PT,Last 128,6.0,4.0,97.6,83.8
Jermaine Wattimena,Richard Veenstra,2026-06-03,Players Championship,PT,Last 32,5.0,6.0,83.38,92.84
Damon Heta,Viktor Tingstrom,2026-06-16,Players Championship,PT,Last 64,6.0,1.0,98.1,95.52
Damon Heta,Ricky Evans,2026-06-16,Players Championship,PT,Last 128,6.0,3.0,104.98,96.44
Damon Heta,Oskar Lukasiak,2026-06-03,Players Championship,PT,Last 128,5.0,6.0,91.09,91.11
Krzysztof Ratajski,Richard Veenstra,2026-06-03,Players Championship,PT,Quarter Final,3.0,6.0,96.76,94.52
Luke Woodhouse,Dennie Olde Kalter,2026-06-17,Players Championship,PT,Last 128,4.0,6.0,91.51,89.68
Luke Woodhouse,Beau Greaves,2026-06-16,Players Championship,PT,Last 16,3.0,6.0,98.12,102.23
Luke Woodhouse,Sebastian Bialecki,2026-06-16,Players Championship,PT,Last 32,6.0,5.0,96.67,94.34
Luke Woodhouse,Tom Sykes,2026-06-16,Players Championship,PT,Last 64,6.0,4.0,84.85,92.43
Luke Woodhouse,Sietse Lap,2026-06-16,Players Championship,PT,Last 128,6.0,2.0,103.09,86.95
Luke Woodhouse,Mervyn King,2026-06-03,Players Championship,PT,Last 32,4.0,6.0,84.91,84.04
Luke Woodhouse,Jack Tweddell,2026-06-03,Players Championship,PT,Last 64,6.0,5.0,102.9,103.05
Niels Zonneveld,Nick Kenny,2026-06-16,Players Championship,PT,Last 128,6.0,4.0,90.29,84.68
Niels Zonneveld,James Wade,2026-05-30,European Tour,ET,Last 32,2.0,6.0,93.55,94.75
Niels Zonneveld,Richard Veenstra,2026-05-29,European Tour,ET,Last 48 (Premier),6.0,4.0,89.34,82.56
William O&#039;Connor,Ross Smith,2026-06-03,Players Championship,PT,Final,5.0,8.0,93.49,107.01
William O&#039;Connor,Richard Veenstra,2026-06-03,Players Championship,PT,Semi Final,7.0,2.0,95.64,85.8
Andrew Gilding,Mario Vandenbogaerde,2026-06-17,Players Championship,PT,Last 64,6.0,4.0,97.66,92.51
Andrew Gilding,Derek Coulson,2026-06-17,Players Championship,PT,Last 128,6.0,3.0,100.69,90.23
Andrew Gilding,Callan Rydz,2026-06-16,Players Championship,PT,Last 32,5.0,6.0,94.91,96.66
Martin Schindler,Tommy Morris,2026-06-02,Players Championship,PT,Last 64,3.0,6.0,95.89,92.96
Cristo Reyes,Alexander Merkx,2026-06-17,Players Championship,PT,Last 16,5.0,6.0,92.26,88.81
Cristo Reyes,Shane McGuirk,2026-06-17,Players Championship,PT,Last 32,6.0,3.0,88.9,98.35
Justin Hood,Kevin Doets,2026-05-31,European Tour,ET,Last 16,3.0,6.0,88.29,92.41
Justin Hood,Jermaine Wattimena,2026-05-30,European Tour,ET,Last 32,6.0,1.0,99.17,87.86
Justin Hood,Max Hopp,2026-05-29,European Tour,ET,Last 48 (Premier),6.0,4.0,103.38,93.74
Justin Hood,Stephen Rosney,2026-05-20,European Tour Card Holder Qualifier,Q,Final,6.0,5.0,102.86,99.58
Jeffrey de Graaf,Brendan Dolan,2026-06-03,Players Championship,PT,Last 64,6.0,2.0,99.45,94.08
Callan Rydz,Richard Veenstra,2026-06-03,Players Championship,PT,Last 16,5.0,6.0,93.19,88.31
James Hurrell,Wessel Nijman,2026-06-02,Players Championship,PT,Last 16,1.0,6.0,89.71,104.08
James Hurrell,Tommy Morris,2026-06-02,Players Championship,PT,Last 32,6.0,4.0,81.16,82.54
James Hurrell,Daniel Ayres,2026-06-02,Players Championship,PT,Last 64,6.0,2.0,86.69,87.11
Karel Sedláček,Niall Culleton,2026-06-03,Players Championship,PT,Last 128,6.0,2.0,85.73,77.63
Karel Sedláček,Jeffrey de Graaf,2026-06-02,Players Championship,PT,Last 128,4.0,6.0,103.33,93.8
Karel Sedláček,Damon Heta,2026-05-30,European Tour,ET,Last 32,4.0,6.0,89.71,89.11
Daryl Gurney,Aden Kirk,2026-06-02,Players Championship,PT,Last 64,6.0,5.0,97.9,95.25
Joe Cullen,Oskar Lukasiak,2026-06-03,Players Championship,PT,Last 32,6.0,3.0,83.46,81.55
Joe Cullen,Wesley Plaisier,2026-06-03,Players Championship,PT,Last 64,6.0,4.0,93.0,84.8
Joe Cullen,Maik Kuivenhoven,2026-06-03,Players Championship,PT,Last 128,6.0,4.0,96.96,96.35
Richard Veenstra,Callan Rydz,2026-06-03,Players Championship,PT,Last 16,6.0,5.0,88.31,93.19
Richard Veenstra,Jermaine Wattimena,2026-06-03,Players Championship,PT,Last 32,6.0,5.0,92.84,83.38
Bradley Brooks,Jeffrey de Graaf,2026-06-02,Players Championship,PT,Last 16,2.0,6.0,79.57,91.54
Bradley Brooks,Harry Ward,2026-06-02,Players Championship,PT,Last 32,6.0,4.0,86.29,89.49
Bradley Brooks,Dave Chisnall,2026-06-02,Players Championship,PT,Last 64,6.0,5.0,98.94,96.87
Bradley Brooks,Jurjen van der Velde,2026-06-02,Players Championship,PT,Last 128,6.0,5.0,91.08,91.86
Mike De Decker,Danny Noppert,2026-06-16,Players Championship,PT,Last 64,0.0,6.0,86.86,95.94
Connor Scutt,Adam Gawlas,2026-06-03,Players Championship,PT,Last 128,6.0,4.0,92.76,89.96
Connor Scutt,Andrew Gilding,2026-06-02,Players Championship,PT,Last 32,4.0,6.0,104.42,99.31
Connor Scutt,Adam Paxton,2026-06-02,Players Championship,PT,Last 64,6.0,2.0,107.53,95.97
Connor Scutt,Stefaan Henderyck,2026-06-02,Players Championship,PT,Last 128,6.0,2.0,96.5,89.45
Kim Huybrechts,Peter Wright,2026-06-16,Players Championship,PT,Last 128,2.0,6.0,88.68,89.47
Cameron Menzies,Tom Sykes,2026-06-21,European Tour,ET,Last 16,4.0,6.0,90.34,94.71
Cameron Menzies,Gerwyn Price,2026-06-20,European Tour,ET,Last 32,6.0,2.0,106.0,96.74
Cameron Menzies,Gabriel Varaljay,2026-06-19,European Tour,ET,Last 48 (Premier),6.0,1.0,78.74,70.7
Alan Soutar,Darius Labanauskas,2026-05-19,Players Championship,PT,Last 128,0.0,6.0,80.58,92.97
Max Hopp,Tyler Thorpe,2026-06-02,Players Championship,PT,Last 128,6.0,5.0,91.11,88.49
Max Hopp,Justin Hood,2026-05-29,European Tour,ET,Last 48 (Premier),4.0,6.0,93.74,103.38
Tom Bissell,Madars Razma,2026-06-03,Players Championship,PT,Last 64,6.0,1.0,95.37,82.69
Mickey Mansell,Jeffrey de Graaf,2026-06-16,Players Championship,PT,Last 32,0.0,6.0,83.69,95.94
Mickey Mansell,Cristo Reyes,2026-06-16,Players Championship,PT,Last 64,6.0,2.0,90.72,91.19
Mickey Mansell,Tyler Thorpe,2026-06-16,Players Championship,PT,Last 128,6.0,1.0,89.92,90.26
Mickey Mansell,Andy Boulton,2026-06-03,Players Championship,PT,Last 16,4.0,6.0,90.78,92.26
Mickey Mansell,Sebastian Bialecki,2026-06-03,Players Championship,PT,Last 32,6.0,4.0,100.18,93.97
Tom Sykes,Martin Schindler,2026-06-20,European Tour,ET,Last 32,6.0,5.0,94.6,90.73
Tom Sykes,Niko Springer,2026-06-19,European Tour,ET,Last 48 (Premier),6.0,2.0,103.64,96.79
Ritchie Edhouse,Sebastian Bialecki,2026-05-20,European Tour Card Holder Qualifier,Q,Quarter Final,3.0,6.0,97.83,96.18
Lukas Wenig,Kevin Doets,2026-05-29,European Tour,ET,Last 48 (Premier),3.0,6.0,89.84,92.35
Ricky Evans,Daryl Gurney,2026-05-30,European Tour,ET,Last 32,6.0,3.0,96.0,92.32
Keane Barry,Charlie Manby,2026-05-20,European Tour Card Holder Qualifier,Q,Final,6.0,5.0,93.73,93.4
Ryan Joyce,Beau Greaves,2026-06-16,Players Championship,PT,Last 128,2.0,6.0,73.39,82.47
Ryan Joyce,Owen Bates,2026-06-03,Players Championship,PT,Last 128,0.0,6.0,77.57,81.98
Sebastian Bialecki,Jamai van den Herik,2026-06-07,Development Tour,0,Semi Final,5.0,2.0,99.72,87.52
Sebastian Bialecki,Jack Drayton,2026-06-07,Development Tour,0,Quarter Final,5.0,4.0,88.1,85.99
Sebastian Bialecki,Rowan van Alebeek,2026-06-07,Development Tour,0,Last 16,4.0,1.0,86.75,82.73
Gabriel Clemens,Mickey Mansell,2026-06-17,Players Championship,PT,Last 16,6.0,1.0,102.44,92.24
Gabriel Clemens,Wesley Plaisier,2026-06-17,Players Championship,PT,Last 32,6.0,0.0,80.52,70.26
Gabriel Clemens,Niko Springer,2026-06-17,Players Championship,PT,Last 64,6.0,2.0,88.11,84.99
Gabriel Clemens,Marvin Kraft,2026-06-17,Players Championship,PT,Last 128,6.0,1.0,85.3,72.03
Gabriel Clemens,Jonny Clayton,2026-06-16,Players Championship,PT,Last 64,2.0,6.0,89.97,96.85
Gabriel Clemens,Henry Coates,2026-06-16,Players Championship,PT,Last 128,6.0,2.0,99.49,94.35
Gabriel Clemens,Daryl Gurney,2026-06-03,Players Championship,PT,Last 128,4.0,6.0,100.59,103.13
Beau Greaves,Lauren Bloomfield,2026-06-21,Women&#039;s Series,0,Last 64,4.0,0.0,93.94,59.45
Shane McGuirk,William O&#039;Connor,2026-06-03,Players Championship,PT,Last 64,1.0,6.0,93.64,101.52
Shane McGuirk,Marvin Kraft,2026-06-03,Players Championship,PT,Last 128,6.0,4.0,91.06,90.58
Wesley Plaisier,Dimitri Van den Bergh,2026-06-03,Players Championship,PT,Last 128,6.0,4.0,94.78,87.68
Michael Smith,Stefan Bellmont,2026-05-20,European Tour Card Holder Qualifier,Q,Quarter Final,6.0,0.0,90.18,81.41
Charlie Manby,Justin Hewitt,2026-06-06,Development Tour,0,Last 128,4.0,0.0,103.66,81.89
Darryl Pilgrim,Karel Sedlacek,2026-07-06,Players Championship,PT,Last 128,3.0,6.0,91.58,93.53
Darryl Pilgrim,Mervyn King,2026-05-20,European Tour Card Holder Qualifier,Q,Quarter Final,5.0,6.0,84.58,83.19
Darryl Pilgrim,Stefan Bellmont,2026-05-19,Players Championship,PT,Last 64,2.0,6.0,94.07,92.72
Dave Chisnall,David Sharp,2026-06-17,Players Championship,PT,Last 32,1.0,6.0,74.04,86.7
Dave Chisnall,Stephen Burton,2026-06-17,Players Championship,PT,Last 64,6.0,5.0,88.87,83.15
Maik Kuivenhoven,Aden Kirk,2026-06-16,Players Championship,PT,Last 128,3.0,6.0,88.37,92.83
Maik Kuivenhoven,Joe Cullen,2026-06-03,Players Championship,PT,Last 128,4.0,6.0,96.35,96.96
Madars Razma,Ricky Evans,2026-06-17,Players Championship,PT,Last 128,4.0,6.0,91.17,97.07
Madars Razma,Callan Rydz,2026-06-16,Players Championship,PT,Last 64,4.0,6.0,99.63,100.34
Madars Razma,Rhys Griffin,2026-06-16,Players Championship,PT,Last 128,6.0,5.0,81.24,75.09
Madars Razma,James Wade,2026-06-05,World Series of Darts,WS,Last 16,1.0,6.0,83.7,87.0
Madars Razma,Tom Bissell,2026-06-03,Players Championship,PT,Last 64,1.0,6.0,82.69,95.37
Mario Vandenbogaerde,Cor Dekker,2026-06-02,Players Championship,PT,Last 128,4.0,6.0,94.64,94.39
Cam Crabtree,Ady Wright,2026-06-27,Hampshire Open,0,Last 64,4.0,2.0,89.53,77.73
Cam Crabtree,Alan Casey,2026-06-27,Hampshire Open,0,Last 128,4.0,3.0,87.47,80.67
Cam Crabtree,Mark Bower,2026-06-27,Hampshire Open,0,Last 256,4.0,1.0,77.19,71.16
Stephen Burton,Nathan Aspinall,2026-06-02,Players Championship,PT,Last 128,6.0,3.0,95.67,96.18
Stephen Burton,Cor Dekker,2026-05-20,European Tour Card Holder Qualifier,Q,Quarter Final,0.0,6.0,82.24,87.55
Alexander Merkx,Adam Paxton,2026-05-20,European Tour Card Holder Qualifier,Q,Quarter Final,5.0,6.0,85.66,90.34
Jeffrey de Zwaan,Andrew Gilding,2026-05-29,European Tour,ET,Last 48 (Premier),4.0,6.0,87.99,88.95
Jeffrey de Zwaan,Jim Long,2026-05-20,European Tour Card Holder Qualifier,Q,Semi Final,3.0,6.0,87.25,86.48
Jeffrey de Zwaan,Nick Kenny,2026-05-20,European Tour Card Holder Qualifier,Q,Quarter Final,6.0,5.0,94.67,90.35
Jeffrey de Zwaan,Rhys Griffin,2026-05-20,European Tour Card Holder Qualifier,Q,Final,5.0,6.0,83.6,83.9
Christian Kist,Kai Gotthardt,2026-06-03,Players Championship,PT,Last 128,1.0,6.0,80.43,90.97
Christian Kist,Sebastian Bialecki,2026-06-02,Players Championship,PT,Last 128,1.0,6.0,79.47,99.74
Darius Labanauskas,Benjamin Pratnemer,2026-05-20,European Tour Card Holder Qualifier,Q,Quarter Final,2.0,6.0,87.65,88.25
Brendan Dolan,James Hurrell,2026-06-03,Players Championship,PT,Last 128,6.0,5.0,97.38,91.96
Brendan Dolan,Nathan Potter,2026-06-02,Players Championship,PT,Last 128,3.0,6.0,92.57,96.61
Brendan Dolan,Jeffrey de Graaf,2026-05-20,European Tour Card Holder Qualifier,Q,Semi Final,3.0,6.0,80.0,95.56
Brendan Dolan,Adam Leek,2026-05-20,European Tour Card Holder Qualifier,Q,Quarter Final,6.0,2.0,87.02,86.78
Brendan Dolan,Adam Warner,2026-05-20,European Tour Card Holder Qualifier,Q,Last 16,6.0,3.0,82.78,81.68
Brendan Dolan,Adam Leek,2026-05-20,European Tour Card Holder Qualifier,Q,Quarter Final,2.0,6.0,79.93,87.47
Adam Lipscombe,Joe Hunt,2026-06-03,Players Championship,PT,Last 64,3.0,6.0,90.95,90.85
Ryan Meikle,Christian Kist,2026-05-20,European Tour Card Holder Qualifier,Q,Quarter Final,2.0,6.0,81.81,90.63
Ryan Meikle,Sebastian Bialecki,2026-05-19,Players Championship,PT,Last 128,3.0,6.0,84.48,92.52
Jimmy van Schie,Rob Cross,2026-06-17,Players Championship,PT,Last 64,1.0,6.0,83.36,103.43
Jimmy van Schie,Filip Bereza,2026-06-17,Players Championship,PT,Last 128,6.0,4.0,84.75,78.11
Kai Gotthardt,Christian Kist,2026-06-03,Players Championship,PT,Last 128,6.0,1.0,90.97,80.43
Scott Williams,Josh Rock,2026-06-02,Players Championship,PT,Last 128,4.0,6.0,100.77,99.52
Scott Williams,Tom Sykes,2026-05-20,European Tour Card Holder Qualifier,Q,Quarter Final,4.0,6.0,91.97,97.67
Scott Williams,Shane McGuirk,2026-05-20,European Tour Card Holder Qualifier,Q,Semi Final,3.0,6.0,95.02,93.13
Scott Williams,Pero Ljubić,2026-05-20,European Tour Card Holder Qualifier,Q,Quarter Final,6.0,1.0,88.18,63.9
Chris Landman,Keane Barry,2026-05-20,European Tour Card Holder Qualifier,Q,Quarter Final,2.0,6.0,86.42,92.81
Chris Landman,Mario Vandenbogaerde,2026-05-20,European Tour Card Holder Qualifier,Q,Final,5.0,6.0,87.31,88.29
Chris Landman,Tyler Thorpe,2026-05-20,European Tour Card Holder Qualifier,Q,Semi Final,6.0,5.0,96.11,103.22
David Sharp,Karel Sedlacek,2026-07-06,Players Championship,PT,Last 32,6.0,2.0,98.9,93.23
David Sharp,Rhys Griffin,2026-06-17,Players Championship,PT,Last 64,6.0,3.0,92.4,86.56
David Sharp,Danny Noppert,2026-06-17,Players Championship,PT,Last 128,6.0,3.0,94.04,92.65
Dennie Olde Kalter,Jeffrey de Zwaan,2026-05-20,European Tour Card Holder Qualifier,Q,Semi Final,4.0,6.0,87.51,93.71
Cor Dekker,Adam Paxton,2026-05-20,European Tour Card Holder Qualifier,Q,Semi Final,4.0,6.0,87.0,84.72
Raymond van Barneveld,Karel Sedláček,2026-05-13,Players Championship,PT,Last 128,0.0,6.0,77.66,95.94
Raymond van Barneveld,Derek Coulson,2026-05-12,Players Championship,PT,Last 128,4.0,6.0,89.32,96.24
Mervyn King,Luke Woodhouse,2026-06-03,Players Championship,PT,Last 32,6.0,4.0,84.04,84.91
Mervyn King,Mensur Suljović,2026-06-03,Players Championship,PT,Last 64,6.0,1.0,86.85,83.28
Mervyn King,Rhys Griffin,2026-06-03,Players Championship,PT,Last 128,6.0,1.0,93.9,80.77
Ian White,Charlie Manby,2026-05-20,European Tour Card Holder Qualifier,Q,Semi Final,2.0,6.0,84.85,92.12
Thibault Tricole,Dominik Gruellich,2026-05-20,European Tour Card Holder Qualifier,Q,Quarter Final,5.0,6.0,89.25,88.91
Stephen Rosney,Rob Owen,2026-07-06,Players Championship,PT,Last 128,3.0,6.0,83.15,89.86
Stephen Rosney,Justin Hood,2026-05-20,European Tour Card Holder Qualifier,Q,Final,5.0,6.0,99.58,102.86
Benjamin Pratnemer,Milorad Djurdjevic,2026-07-04,Darts Points Bulls League Finals,0,Round Robin,7.0,0.0,91.49,70.25
Benjamin Pratnemer,Stefan Peric,2026-07-04,Darts Points Bulls League Finals,0,Round Robin,7.0,0.0,72.06,52.04
Andy Boulton,Ricky Evans,2026-06-03,Players Championship,PT,Last 128,6.0,1.0,93.94,79.44
Tyler Thorpe,Steven Swanson,2026-06-06,Development Tour,0,Last 256,4.0,1.0,78.79,58.65
Jurjen van der Velde,Seppe Dasseville,2026-06-07,Development Tour,0,Last 256,4.0,1.0,84.1,67.5
Adam Gawlas,Ben Townley,2026-06-07,Development Tour,0,Last 16,4.0,3.0,93.53,92.24
Adam Gawlas,Mylo Michiels,2026-06-07,Development Tour,0,Last 32,4.0,0.0,91.09,79.1
Ricardo Pietreczko,Ross Smith,2026-05-24,European Tour,ET,Last 16,4.0,6.0,91.78,92.5
Owen Bates,Riley Panter,2026-06-27,Hampshire Open,0,Last 256,4.0,1.0,85.06,75.49
Owen Bates,Kevin Doets,2026-06-19,European Tour,ET,Last 48 (Premier),3.0,6.0,90.94,102.49
Owen Bates,Scott Williams,2026-06-17,Players Championship,PT,Last 128,3.0,6.0,92.63,89.54
Owen Bates,Stephen Bunting,2026-06-16,Players Championship,PT,Last 128,2.0,6.0,97.97,101.73
Peter Wright,Rhys Griffin,2026-05-20,European Tour Card Holder Qualifier,Q,Quarter Final,5.0,6.0,81.69,88.13
Nick Kenny,Thomas Lovely,2026-05-19,Players Championship,PT,Last 128,6.0,2.0,88.17,74.1
Nick Kenny,Krzysztof Ratajski,2026-05-18,Players Championship,PT,Last 128,1.0,6.0,87.36,99.63
Adam Warner,Rob Owen,2026-07-06,Players Championship,PT,Last 64,6.0,3.0,89.49,91.8
Adam Warner,Derek Coulson,2026-06-02,Players Championship,PT,Last 128,6.0,4.0,85.56,90.11
Thomas Lovely,Leon Weber,2026-05-20,European Tour Card Holder Qualifier,Q,Last 16,6.0,4.0,82.82,79.09
Adam Leek,Stephen Burton,2026-06-03,Players Championship,PT,Last 128,3.0,6.0,84.26,98.26
Sietse Lap,Tavis Dudeney,2026-05-19,Players Championship,PT,Last 128,3.0,6.0,92.91,92.16
Arno Merk,Samuel Price,2026-07-06,Players Championship,PT,Last 128,6.0,3.0,89.57,89.61
Arno Merk,Martin Lukeman,2026-05-20,European Tour Card Holder Qualifier,Q,Quarter Final,6.0,4.0,87.43,82.21
Rhys Griffin,Jeffrey de Zwaan,2026-05-20,European Tour Card Holder Qualifier,Q,Final,6.0,5.0,83.9,83.6
Rhys Griffin,Andy Boulton,2026-05-20,European Tour Card Holder Qualifier,Q,Semi Final,6.0,4.0,83.85,85.92
Jim Long,Daryl Gurney,2026-06-19,European Tour,ET,Last 48 (Premier),6.0,1.0,96.31,89.33
Jeffrey Sparidaans,Ryan Joyce,2026-05-22,European Tour,ET,Last 48 (Premier),2.0,6.0,90.05,99.58
Jeffrey Sparidaans,Lukas Wenig,2026-05-20,European Tour Card Holder Qualifier,Q,Quarter Final,2.0,6.0,84.6,90.65
Greg Ritchie,Stefaan Henderyck,2026-05-20,European Tour Card Holder Qualifier,Q,Quarter Final,6.0,3.0,82.66,83.92
Dominik Gruellich,Pero Ljubic,2026-07-06,Players Championship,PT,Last 128,6.0,3.0,85.31,83.17
Dominik Gruellich,Yannick Perton,2026-06-06,Development Tour,0,Last 256,4.0,1.0,83.36,68.62
Niall Culleton,Jonny Clayton,2026-06-02,Players Championship,PT,Last 64,2.0,6.0,89.18,102.9
Niall Culleton,Alexander Merkx,2026-06-02,Players Championship,PT,Last 128,6.0,3.0,94.14,89.96
Niall Culleton,Tom Sykes,2026-05-20,European Tour Card Holder Qualifier,Q,Semi Final,3.0,6.0,86.2,87.99
Leon Weber,Charlie Manby,2026-06-06,Development Tour,0,Last 32,4.0,3.0,85.16,85.26
Stefan Bellmont,Carl Sneyd,2026-05-20,European Tour Card Holder Qualifier,Q,Quarter Final,6.0,1.0,90.08,79.54
Martin Lukeman,Krzysztof Ratajski,2026-05-13,Players Championship,PT,Last 32,2.0,6.0,81.58,93.2
Adam Paxton,Cor Dekker,2026-05-20,European Tour Card Holder Qualifier,Q,Semi Final,6.0,4.0,84.72,87.0
Adam Paxton,Alexander Merkx,2026-05-20,European Tour Card Holder Qualifier,Q,Quarter Final,6.0,5.0,90.34,85.66
Yorick Hofkens,Nathan Care,2026-06-07,Development Tour,0,Last 32,4.0,3.0,90.92,78.11
Marvin van Velzen,Ricardo Pietreczko,2026-05-20,European Tour Card Holder Qualifier,Q,Quarter Final,6.0,5.0,90.69,85.78
Marvin van Velzen,Tytus Kanik,2026-05-20,European Tour Card Holder Qualifier,Q,Quarter Final,5.0,6.0,91.81,91.54
Stefaan Henderyck,Keane Barry,2026-05-05,Players Championship,PT,Last 128,2.0,6.0,90.48,96.7
Sam Price,Nick Kenny,2026-05-20,European Tour Card Holder Qualifier,Q,Quarter Final,6.0,1.0,100.47,88.26
Viktor Tingstrom,Michael van Gerwen,2026-06-06,World Series of Darts,WS,Quarter Final,5.0,6.0,84.34,86.12
Viktor Tingstrom,Stephen Bunting,2026-06-05,World Series of Darts,WS,Last 16,6.0,5.0,83.47,87.25
Carl Sneyd,Jeffrey de Zwaan,2026-05-19,Players Championship,PT,Last 128,1.0,6.0,81.99,85.05
Marvin Kraft,Kim Huybrechts,2026-05-18,Players Championship,PT,Last 64,2.0,6.0,79.95,86.98
Rusty-Jake Rodriguez,Chris Landman,2026-05-19,Players Championship,PT,Last 128,1.0,6.0,85.22,91.69
Maximilian Czerwinski,Steve Lennon,2026-05-05,Players Championship,PT,Last 128,5.0,6.0,76.29,85.7
Tytus Kanik,Justin Hood,2026-05-19,Players Championship,PT,Last 128,3.0,6.0,87.31,98.38
Filip Bereza,Ryan Joyce,2026-05-12,Players Championship,PT,Last 128,1.0,6.0,83.73,100.64
Tavis Dudeney,Luuk De Waal,2026-06-06,Development Tour,0,Last 128,4.0,3.0,80.14,79.6
Pero Ljubić,Tyler Thorpe,2026-03-06,UK Open,MJ,Last 128 (UK Open),0.0,6.0,81.42,92.97
Gerwyn Price,Stephen Bunting,2026-05-21,Premier League,U,Weekly Semi Final,3.0,6.0,93.43,98.98
Gary Anderson,Krzysztof Ratajski,2026-04-28,Players Championship,PT,Last 32,6.0,5.0,105.6,99.41
Chris Dobey,Max Hopp,2026-06-16,Players Championship,PT,Last 64,6.0,2.0,96.29,95.31
Chris Dobey,Connor Scutt,2026-06-16,Players Championship,PT,Last 128,6.0,1.0,103.69,102.53
Chris Dobey,Joe Cullen,2026-06-03,Players Championship,PT,Last 16,4.0,6.0,93.66,95.37
Michael van Gerwen,Luke Humphries,2026-05-21,Premier League,U,Weekly Quarter Final,5.0,6.0,100.66,105.24
Gian van Veen,Adam Leek,2026-06-16,Players Championship,PT,Last 64,2.0,6.0,94.39,102.05
Wessel Nijman,Pero Ljubić,2026-06-17,Players Championship,PT,Last 128,6.0,2.0,92.09,79.76
Wessel Nijman,Ryan Searle,2026-06-16,Players Championship,PT,Final,8.0,6.0,96.56,95.9
Wessel Nijman,Beau Greaves,2026-06-16,Players Championship,PT,Semi Final,7.0,4.0,98.29,92.22
Stephen Bunting,Kim Huybrechts,2026-06-17,Players Championship,PT,Last 32,6.0,5.0,92.13,88.0
Stephen Bunting,Jurjen van der Velde,2026-06-17,Players Championship,PT,Last 64,6.0,4.0,92.5,90.8
Stephen Bunting,Tavis Dudeney,2026-06-17,Players Championship,PT,Last 128,6.0,0.0,96.97,80.52
Josh Rock,Cameron Menzies,2026-05-23,European Tour,ET,Last 32,4.0,6.0,99.17,97.26
Josh Rock,Luke Littler,2026-05-21,Premier League,U,Weekly Quarter Final,5.0,6.0,89.43,87.89
Josh Rock,Ryan Joyce,2026-05-19,Players Championship,PT,Last 32,3.0,6.0,91.36,95.33
Josh Rock,Ritchie Edhouse,2026-05-19,Players Championship,PT,Last 64,6.0,5.0,95.6,98.84
Ross Smith,Jeffrey Sparidaans,2026-06-16,Players Championship,PT,Last 128,6.0,4.0,89.37,88.28
Dirk van Duijvenbode,Kai Gotthardt,2026-06-03,Players Championship,PT,Last 64,0.0,6.0,84.69,100.2
Rob Cross,Stephen Bunting,2026-06-17,Players Championship,PT,Semi Final,7.0,3.0,102.82,104.04
Rob Cross,Alexander Merkx,2026-06-17,Players Championship,PT,Quarter Final,6.0,4.0,95.98,92.69
Rob Cross,David Sharp,2026-06-17,Players Championship,PT,Last 16,6.0,1.0,104.73,100.56
Kevin Doets,Ryan Meikle,2026-06-16,Players Championship,PT,Last 64,6.0,1.0,82.93,82.36
Kevin Doets,Raymond van Barneveld,2026-06-16,Players Championship,PT,Last 128,6.0,4.0,100.13,96.39
Ryan Searle,Wessel Nijman,2026-06-16,Players Championship,PT,Final,6.0,8.0,95.9,96.56
Ryan Searle,Jonny Clayton,2026-06-16,Players Championship,PT,Semi Final,7.0,5.0,89.8,87.78
Ryan Searle,Stephen Bunting,2026-06-16,Players Championship,PT,Quarter Final,6.0,3.0,93.81,90.14
Ryan Searle,Jeffrey de Graaf,2026-06-16,Players Championship,PT,Last 16,6.0,5.0,101.26,95.07
James Wade,Cameron Menzies,2026-05-24,European Tour,ET,Quarter Final,4.0,6.0,97.7,94.39
James Wade,Wessel Nijman,2026-05-24,European Tour,ET,Last 16,6.0,5.0,95.09,98.85
James Wade,Dave Chisnall,2026-05-23,European Tour,ET,Last 32,6.0,0.0,98.02,82.53
Danny Noppert,Tom Sykes,2026-06-03,Players Championship,PT,Last 64,6.0,3.0,102.79,102.47
Danny Noppert,Cam Crabtree,2026-06-03,Players Championship,PT,Last 128,6.0,2.0,94.0,81.85
Jermaine Wattimena,Jack Aldridge,2026-06-03,Players Championship,PT,Last 64,6.0,5.0,86.8,86.49
Jermaine Wattimena,Stefan Bellmont,2026-06-03,Players Championship,PT,Last 128,6.0,4.0,90.99,80.59
Damon Heta,Marvin van Velzen,2026-06-02,Players Championship,PT,Last 128,5.0,6.0,96.4,90.63
Damon Heta,Ryan Joyce,2026-05-31,European Tour,ET,Semi Final,6.0,7.0,88.23,94.36
Damon Heta,Wessel Nijman,2026-05-31,European Tour,ET,Quarter Final,6.0,2.0,93.88,93.65
Krzysztof Ratajski,Mervyn King,2026-06-03,Players Championship,PT,Last 16,6.0,4.0,93.43,91.0
Krzysztof Ratajski,Daryl Gurney,2026-06-03,Players Championship,PT,Last 32,6.0,3.0,100.32,91.09
Krzysztof Ratajski,Stephen Burton,2026-06-03,Players Championship,PT,Last 64,6.0,4.0,95.98,92.76
Luke Woodhouse,Max Hopp,2026-06-03,Players Championship,PT,Last 128,6.0,3.0,87.51,97.95
Luke Woodhouse,Jeffrey de Graaf,2026-06-02,Players Championship,PT,Semi Final,6.0,7.0,97.06,96.11
William O&#039;Connor,Dave Chisnall,2026-06-03,Players Championship,PT,Quarter Final,6.0,4.0,89.66,87.0
William O&#039;Connor,Wessel Nijman,2026-06-03,Players Championship,PT,Last 16,6.0,4.0,94.89,100.41
William O&#039;Connor,Martin Schindler,2026-06-03,Players Championship,PT,Last 32,6.0,0.0,103.66,88.55
William O&#039;Connor,Shane McGuirk,2026-06-03,Players Championship,PT,Last 64,6.0,1.0,101.52,93.64
Niels Zonneveld,Damon Heta,2026-05-23,European Tour,ET,Last 32,2.0,6.0,98.06,95.75
Martin Schindler,Dominik Gruellich,2026-06-02,Players Championship,PT,Last 128,6.0,4.0,95.76,91.37
Andrew Gilding,Mervyn King,2026-06-16,Players Championship,PT,Last 64,6.0,5.0,97.99,93.53
Cristo Reyes,Stefan Bellmont,2026-06-17,Players Championship,PT,Last 64,6.0,2.0,98.25,91.25
Cristo Reyes,William O&#039;Connor,2026-06-17,Players Championship,PT,Last 128,6.0,1.0,111.03,93.07
Cristo Reyes,Mickey Mansell,2026-06-16,Players Championship,PT,Last 64,2.0,6.0,91.19,90.72
Cristo Reyes,Gerwyn Price,2026-06-16,Players Championship,PT,Last 128,6.0,5.0,90.79,98.21
Cristo Reyes,Ross Smith,2026-06-03,Players Championship,PT,Last 16,2.0,6.0,88.72,100.54
Cristo Reyes,Kai Gotthardt,2026-06-03,Players Championship,PT,Last 32,6.0,2.0,91.52,86.23
Cristo Reyes,Owen Bates,2026-06-03,Players Championship,PT,Last 64,6.0,2.0,93.96,84.94
Justin Hood,Lukas Wenig,2026-05-20,European Tour Card Holder Qualifier,Q,Semi Final,6.0,0.0,101.33,90.11
Jeffrey de Graaf,Tytus Kanik,2026-06-03,Players Championship,PT,Last 128,6.0,4.0,98.65,87.99
Callan Rydz,Rob Cross,2026-06-03,Players Championship,PT,Last 32,6.0,3.0,99.11,97.98
Callan Rydz,Scott Williams,2026-06-03,Players Championship,PT,Last 64,6.0,3.0,91.65,93.98
James Hurrell,Dirk van Duijvenbode,2026-06-02,Players Championship,PT,Last 128,6.0,4.0,84.15,89.5
James Hurrell,Sebastian Bialecki,2026-05-29,European Tour,ET,Last 48 (Premier),3.0,6.0,86.09,100.35
Daryl Gurney,Benjamin Pratnemer,2026-06-02,Players Championship,PT,Last 128,6.0,5.0,90.4,89.72
Joe Cullen,Adam Paxton,2026-06-02,Players Championship,PT,Last 128,4.0,6.0,93.84,93.68
Joe Cullen,Dave Chisnall,2026-05-30,European Tour,ET,Last 32,4.0,6.0,93.04,92.44
Bradley Brooks,Jermaine Wattimena,2026-05-23,European Tour,ET,Last 32,5.0,6.0,87.19,87.53
Bradley Brooks,Andrew Gilding,2026-05-22,European Tour,ET,Last 48 (Premier),6.0,4.0,91.65,93.7
Mike De Decker,Charlie Manby,2026-06-16,Players Championship,PT,Last 128,6.0,3.0,99.07,93.91
Mike De Decker,Martin Schindler,2026-06-03,Players Championship,PT,Last 64,3.0,6.0,83.77,88.39
Mike De Decker,David Sharp,2026-06-03,Players Championship,PT,Last 128,6.0,1.0,101.21,86.72
Mike De Decker,Cristo Reyes,2026-06-02,Players Championship,PT,Last 64,2.0,6.0,88.27,91.92
Connor Scutt,Gian van Veen,2026-05-23,European Tour,ET,Last 32,3.0,6.0,89.95,96.88
Kim Huybrechts,Joe Hunt,2026-06-03,Players Championship,PT,Last 128,5.0,6.0,93.43,94.93
Kim Huybrechts,Charlie Manby,2026-06-02,Players Championship,PT,Last 32,1.0,6.0,89.73,99.23
Kim Huybrechts,Maik Kuivenhoven,2026-06-02,Players Championship,PT,Last 64,6.0,4.0,92.63,88.83
Kim Huybrechts,Nick Kenny,2026-06-02,Players Championship,PT,Last 128,6.0,3.0,101.02,92.14
Alan Soutar,Tommy Morris,2026-05-18,Players Championship,PT,Last 128,4.0,6.0,83.46,91.01
Cameron Menzies,Tom Bissell,2026-06-17,Players Championship,PT,Last 64,4.0,6.0,86.3,85.34
Cameron Menzies,Henry Coates,2026-06-17,Players Championship,PT,Last 128,6.0,2.0,95.08,92.17
Cameron Menzies,Adam Warner,2026-06-16,Players Championship,PT,Last 128,1.0,6.0,86.26,91.28
Cameron Menzies,Charlie Manby,2026-06-03,Players Championship,PT,Last 128,5.0,6.0,100.34,96.75
Cameron Menzies,Sietse Lap,2026-06-02,Players Championship,PT,Last 128,2.0,6.0,89.41,93.38
Cameron Menzies,Luke Woodhouse,2026-05-31,European Tour,ET,Last 16,1.0,6.0,81.54,95.54
Cameron Menzies,Stephen Bunting,2026-05-30,European Tour,ET,Last 32,6.0,2.0,96.17,92.72
Max Hopp,Jim Long,2026-05-20,European Tour Card Holder Qualifier,Q,Final,4.0,6.0,92.3,90.56
Max Hopp,Marvin van Velzen,2026-05-20,European Tour Card Holder Qualifier,Q,Semi Final,6.0,3.0,96.81,91.23
Ritchie Edhouse,Josh Rock,2026-05-19,Players Championship,PT,Last 64,5.0,6.0,98.84,95.6
Mickey Mansell,Leon Weber,2026-06-03,Players Championship,PT,Last 64,6.0,4.0,78.31,79.94
Tom Bissell,Stefaan Henderyck,2026-06-03,Players Championship,PT,Last 128,6.0,4.0,96.59,88.52
Lukas Wenig,Justin Hood,2026-05-20,European Tour Card Holder Qualifier,Q,Semi Final,0.0,6.0,90.11,101.33
Tom Sykes,Adam Paxton,2026-06-17,Players Championship,PT,Last 128,4.0,6.0,91.31,84.87
Tom Sykes,Luke Woodhouse,2026-06-16,Players Championship,PT,Last 64,4.0,6.0,92.43,84.85
Tom Sykes,Nathan Potter,2026-06-16,Players Championship,PT,Last 128,6.0,5.0,92.3,87.22
Tom Sykes,Danny Noppert,2026-06-03,Players Championship,PT,Last 64,3.0,6.0,102.47,102.79
Tom Sykes,Derek Coulson,2026-06-03,Players Championship,PT,Last 128,6.0,5.0,86.77,92.69
Keane Barry,Dimitri Van den Bergh,2026-05-20,European Tour Card Holder Qualifier,Q,Semi Final,6.0,3.0,93.05,90.73
Ricky Evans,Teemu Harju,2026-05-29,European Tour,ET,Last 48 (Premier),6.0,1.0,91.09,84.72
Ryan Joyce,Robert Owen,2026-06-02,Players Championship,PT,Last 32,4.0,6.0,92.24,92.98
Ryan Joyce,Beau Greaves,2026-06-02,Players Championship,PT,Last 64,6.0,2.0,100.76,101.32
Sebastian Bialecki,Sebastian Caris,2026-06-07,Development Tour,0,Last 32,4.0,1.0,105.43,82.95
Sebastian Bialecki,Adam Dee,2026-06-07,Development Tour,0,Last 64,4.0,2.0,94.04,76.15
Gabriel Clemens,Mike De Decker,2026-06-02,Players Championship,PT,Last 128,3.0,6.0,96.09,94.92
Gabriel Clemens,Sebastian Bialecki,2026-05-20,European Tour Card Holder Qualifier,Q,Last 16,5.0,6.0,103.05,103.27
Beau Greaves,Vicky Pruim,2026-06-20,Women&#039;s Series,0,Final,5.0,0.0,88.41,75.07
Michael Smith,Alexander Merkx,2026-05-19,Players Championship,PT,Last 128,5.0,6.0,91.79,89.68
Shane McGuirk,Henry Coates,2026-06-02,Players Championship,PT,Last 64,2.0,6.0,94.46,97.63
Shane McGuirk,Kai Gotthardt,2026-06-02,Players Championship,PT,Last 128,6.0,4.0,94.68,91.84
Wesley Plaisier,Lukas Wenig,2026-06-02,Players Championship,PT,Last 64,5.0,6.0,77.95,86.73
Wesley Plaisier,Keane Barry,2026-06-02,Players Championship,PT,Last 128,6.0,4.0,85.22,83.73
Wesley Plaisier,Stephen Rosney,2026-05-20,European Tour Card Holder Qualifier,Q,Quarter Final,4.0,6.0,86.01,89.77
Wesley Plaisier,Dennie Olde Kalter,2026-05-20,European Tour Card Holder Qualifier,Q,Last 16,6.0,3.0,90.52,88.46
Charlie Manby,Joshua Gregory,2026-06-06,Development Tour,0,Last 256,4.0,1.0,84.28,64.66
Charlie Manby,Cole Davey,2026-06-06,Development Tour,0,Last 16,3.0,4.0,85.34,84.53
Charlie Manby,Jack Gillett,2026-06-06,Development Tour,0,Last 32,4.0,0.0,91.09,80.0
Charlie Manby,Ryan Branley,2026-06-06,Development Tour,0,Last 64,4.0,1.0,85.24,75.94
Charlie Manby,Lleyton Molyneux,2026-06-06,Development Tour,0,Last 128,4.0,0.0,85.89,79.64
Darryl Pilgrim,Madars Razma,2026-05-19,Players Championship,PT,Last 128,6.0,4.0,96.93,90.37
Maik Kuivenhoven,Kim Huybrechts,2026-06-02,Players Championship,PT,Last 64,4.0,6.0,88.83,92.63
Dave Chisnall,Dominik Gruellich,2026-06-17,Players Championship,PT,Last 128,6.0,2.0,93.52,84.74
Dave Chisnall,Tommy Lishman,2026-06-16,Players Championship,PT,Last 64,4.0,6.0,86.74,85.98
Dave Chisnall,Martin Lukeman,2026-06-16,Players Championship,PT,Last 128,6.0,1.0,89.66,82.58
Dave Chisnall,William O&#039;Connor,2026-06-03,Players Championship,PT,Quarter Final,4.0,6.0,87.0,89.66
Dave Chisnall,Robert Owen,2026-06-03,Players Championship,PT,Last 16,6.0,5.0,86.46,92.87
Dave Chisnall,Tyler Thorpe,2026-06-03,Players Championship,PT,Last 32,6.0,3.0,95.8,95.91
Madars Razma,Bradley Brooks,2026-06-03,Players Championship,PT,Last 128,6.0,5.0,93.24,98.25
Madars Razma,Charlie Manby,2026-06-02,Players Championship,PT,Last 64,1.0,6.0,89.76,101.03
Madars Razma,Danny Noppert,2026-06-02,Players Championship,PT,Last 128,6.0,5.0,87.39,92.49
Mario Vandenbogaerde,Maximilian Czerwinski,2026-05-20,European Tour Card Holder Qualifier,Q,Quarter Final,2.0,6.0,88.28,88.19
Mario Vandenbogaerde,Chris Landman,2026-05-20,European Tour Card Holder Qualifier,Q,Final,6.0,5.0,88.29,87.31
Mario Vandenbogaerde,Adam Paxton,2026-05-20,European Tour Card Holder Qualifier,Q,Semi Final,6.0,4.0,84.79,79.59
Cam Crabtree,Tommy Morris,2026-06-17,Players Championship,PT,Last 16,5.0,6.0,92.28,97.38
Cam Crabtree,Dennie Olde Kalter,2026-06-17,Players Championship,PT,Last 32,6.0,2.0,92.5,87.36
Stephen Burton,Charlie Manby,2026-05-20,European Tour Card Holder Qualifier,Q,Semi Final,4.0,6.0,87.4,88.84
Stephen Burton,Tom Sykes,2026-05-20,European Tour Card Holder Qualifier,Q,Quarter Final,6.0,3.0,88.77,90.45
Jeffrey de Zwaan,Dennie Olde Kalter,2026-05-20,European Tour Card Holder Qualifier,Q,Semi Final,6.0,4.0,93.71,87.51
Alexander Merkx,Mickey Mansell,2026-05-20,European Tour Card Holder Qualifier,Q,Final,4.0,6.0,86.11,89.71
Christian Kist,Ryan Joyce,2026-05-29,European Tour,ET,Last 48 (Premier),3.0,6.0,81.53,90.16
Christian Kist,Ryan Joyce,2026-05-23,European Tour,ET,Last 32,2.0,6.0,87.48,89.12
Christian Kist,Tyler Thorpe,2026-05-20,European Tour Card Holder Qualifier,Q,Semi Final,4.0,6.0,84.07,84.46
Christian Kist,Viktor Tingstrom,2026-05-20,European Tour Card Holder Qualifier,Q,Quarter Final,6.0,4.0,85.48,80.53
Christian Kist,Darius Labanauskas,2026-05-20,European Tour Card Holder Qualifier,Q,Final,2.0,6.0,81.72,87.99
Darius Labanauskas,Christian Kist,2026-05-20,European Tour Card Holder Qualifier,Q,Final,6.0,2.0,87.99,81.72
Adam Lipscombe,Dennie Olde Kalter,2026-06-03,Players Championship,PT,Last 128,6.0,4.0,91.64,94.92
Brendan Dolan,Andrew Gilding,2026-05-19,Players Championship,PT,Last 64,4.0,6.0,83.38,97.56
Ryan Meikle,Robert Owen,2026-05-18,Players Championship,PT,Last 32,4.0,6.0,92.32,96.14
Jimmy van Schie,Arno Merk,2026-06-16,Players Championship,PT,Last 128,4.0,6.0,82.68,88.61
Jimmy van Schie,Sebastian Bialecki,2026-06-03,Players Championship,PT,Last 64,3.0,6.0,86.27,88.05
Scott Williams,James Wade,2026-05-19,Players Championship,PT,Last 128,1.0,6.0,80.83,98.05
Chris Landman,Adam Gawlas,2026-05-20,European Tour Card Holder Qualifier,Q,Quarter Final,6.0,4.0,89.27,91.8
Kai Gotthardt,Shane McGuirk,2026-06-02,Players Championship,PT,Last 128,4.0,6.0,91.84,94.68
Kai Gotthardt,Madars Razma,2026-05-20,European Tour Card Holder Qualifier,Q,Quarter Final,2.0,6.0,90.35,94.4
David Sharp,Lewis Pride,2026-06-16,Players Championship,PT,Last 64,0.0,6.0,88.43,95.94
David Sharp,William O&#039;Connor,2026-06-16,Players Championship,PT,Last 128,6.0,4.0,89.24,90.14
David Sharp,Mike De Decker,2026-06-03,Players Championship,PT,Last 128,1.0,6.0,86.72,101.21
David Sharp,Andrew Gilding,2026-06-02,Players Championship,PT,Last 128,5.0,6.0,92.72,88.48
David Sharp,Sam Price,2026-05-20,European Tour Card Holder Qualifier,Q,Quarter Final,0.0,6.0,77.32,84.28
David Sharp,Bradley Brooks,2026-05-20,European Tour Card Holder Qualifier,Q,Quarter Final,4.0,6.0,79.1,78.66
Dennie Olde Kalter,Stephen Rosney,2026-05-20,European Tour Card Holder Qualifier,Q,Quarter Final,6.0,5.0,83.69,83.62
Dennie Olde Kalter,Ryan Searle,2026-05-19,Players Championship,PT,Last 128,2.0,6.0,94.66,103.46
Raymond van Barneveld,Alan Soutar,2026-05-08,European Tour,ET,Last 48 (Premier),2.0,6.0,77.79,88.76
Raymond van Barneveld,Niall Culleton,2026-05-05,Players Championship,PT,Last 64,3.0,6.0,91.52,90.17
Ian White,Adam Gawlas,2026-05-20,European Tour Card Holder Qualifier,Q,Quarter Final,6.0,5.0,92.65,93.8
Mervyn King,Luke Woodhouse,2026-06-02,Players Championship,PT,Last 16,2.0,6.0,87.0,106.55
Benjamin Pratnemer,Wessel Nijman,2026-06-20,European Tour,ET,Last 32,2.0,6.0,88.55,91.45
Benjamin Pratnemer,Justin Hood,2026-06-19,European Tour,ET,Last 48 (Premier),6.0,5.0,84.62,84.57
Benjamin Pratnemer,Viktor Tingstrom,2026-06-17,Players Championship,PT,Last 128,4.0,6.0,85.67,87.93
Benjamin Pratnemer,Christian Kist,2026-06-16,Players Championship,PT,Last 128,4.0,6.0,93.79,91.69
Benjamin Pratnemer,Tyler Thorpe,2026-06-03,Players Championship,PT,Last 64,2.0,6.0,87.42,93.51
Benjamin Pratnemer,Jonny Clayton,2026-06-03,Players Championship,PT,Last 128,6.0,4.0,91.15,84.59
Benjamin Pratnemer,Daryl Gurney,2026-06-02,Players Championship,PT,Last 128,5.0,6.0,89.72,90.4
Benjamin Pratnemer,Adam Paxton,2026-05-20,European Tour Card Holder Qualifier,Q,Final,6.0,3.0,91.26,91.25
Benjamin Pratnemer,Peter Wright,2026-05-20,European Tour Card Holder Qualifier,Q,Semi Final,6.0,5.0,95.67,92.52
Benjamin Pratnemer,Darius Labanauskas,2026-05-20,European Tour Card Holder Qualifier,Q,Quarter Final,6.0,2.0,88.25,87.65
Thibault Tricole,Kim Huybrechts,2026-05-19,Players Championship,PT,Last 64,0.0,6.0,89.07,106.09
Thibault Tricole,Jim Long,2026-05-19,Players Championship,PT,Last 128,6.0,3.0,94.2,88.27
Cor Dekker,Stephen Burton,2026-05-20,European Tour Card Holder Qualifier,Q,Quarter Final,6.0,0.0,87.55,82.24
Cor Dekker,Maik Kuivenhoven,2026-05-20,European Tour Card Holder Qualifier,Q,Semi Final,5.0,6.0,90.93,91.17
Cor Dekker,Madars Razma,2026-05-20,European Tour Card Holder Qualifier,Q,Quarter Final,6.0,2.0,99.26,95.5
Stephen Rosney,Maximilian Czerwinski,2026-05-20,European Tour Card Holder Qualifier,Q,Semi Final,6.0,4.0,83.72,82.77
Andy Boulton,Luke Woodhouse,2026-06-02,Players Championship,PT,Last 128,1.0,6.0,85.19,91.22
Andy Boulton,Dimitri Van den Bergh,2026-05-20,European Tour Card Holder Qualifier,Q,Quarter Final,3.0,6.0,91.24,97.86
Andy Boulton,Rhys Griffin,2026-05-20,European Tour Card Holder Qualifier,Q,Semi Final,4.0,6.0,85.92,83.85
Tyler Thorpe,Archie Self,2026-06-06,Development Tour,0,Last 16,0.0,4.0,77.68,78.08
Jurjen van der Velde,Henry Coates,2026-06-06,Development Tour,0,Last 32,3.0,4.0,91.39,87.81
Adam Gawlas,Joshua Jones,2026-06-07,Development Tour,0,Last 64,4.0,2.0,83.18,80.62
Owen Bates,Yorick Hofkens,2026-06-07,Development Tour,0,Last 256,3.0,4.0,84.83,83.56
Ricardo Pietreczko,Danny Noppert,2026-05-23,European Tour,ET,Last 32,6.0,5.0,86.79,91.81
Peter Wright,Joe Cullen,2026-05-19,Players Championship,PT,Last 64,0.0,6.0,85.03,92.02
Nick Kenny,Pascal Rupprecht,2026-05-13,Players Championship,PT,Last 64,2.0,6.0,84.53,86.75
Adam Warner,Brendan Dolan,2026-05-20,European Tour Card Holder Qualifier,Q,Last 16,3.0,6.0,81.68,82.78
Adam Warner,Mickey Mansell,2026-05-20,European Tour Card Holder Qualifier,Q,Quarter Final,1.0,6.0,75.9,97.77
Adam Warner,Ritchie Edhouse,2026-05-19,Players Championship,PT,Last 128,2.0,6.0,92.22,108.44
Adam Warner,Jim Long,2026-05-18,Players Championship,PT,Last 128,4.0,6.0,83.34,86.45
Thomas Lovely,Christian Kist,2026-05-20,European Tour Card Holder Qualifier,Q,Semi Final,5.0,6.0,87.92,93.14
Arno Merk,Sebastian Bialecki,2026-05-20,European Tour Card Holder Qualifier,Q,Semi Final,2.0,6.0,90.61,103.57
Arno Merk,Jim Long,2026-05-20,European Tour Card Holder Qualifier,Q,Quarter Final,6.0,4.0,88.63,88.37
Sietse Lap,Andrew Gilding,2026-05-18,Players Championship,PT,Last 64,4.0,6.0,89.19,91.81
Adam Leek,Ryan Meikle,2026-06-02,Players Championship,PT,Last 128,5.0,6.0,91.88,93.55
Adam Leek,Brendan Dolan,2026-05-20,European Tour Card Holder Qualifier,Q,Quarter Final,2.0,6.0,86.78,87.02
Rhys Griffin,Peter Wright,2026-05-20,European Tour Card Holder Qualifier,Q,Quarter Final,6.0,5.0,88.13,81.69
Rhys Griffin,Christopher Wickenden,2026-05-19,Players Championship,PT,Last 128,5.0,6.0,90.89,87.85
Jim Long,Greg Ritchie,2026-06-17,Players Championship,PT,Last 64,5.0,6.0,78.19,82.51
Jim Long,Joe Cullen,2026-06-17,Players Championship,PT,Last 128,6.0,3.0,81.46,86.69
Jim Long,Karel Sedláček,2026-06-16,Players Championship,PT,Last 128,1.0,6.0,86.41,96.89
Jeffrey Sparidaans,Maik Kuivenhoven,2026-05-20,European Tour Card Holder Qualifier,Q,Quarter Final,2.0,6.0,82.26,96.03
Jeffrey Sparidaans,Sebastian Bialecki,2026-05-19,Players Championship,PT,Last 16,4.0,6.0,88.29,87.37
Greg Ritchie,Sam Price,2026-05-20,European Tour Card Holder Qualifier,Q,Semi Final,3.0,6.0,76.64,80.8
Dominik Gruellich,Julian Zwergel,2026-06-06,Development Tour,0,Last 512,4.0,0.0,63.96,60.39
Dominik Gruellich,Cole Davey,2026-06-06,Development Tour,0,Last 64,3.0,4.0,84.24,88.17
Niall Culleton,Maik Kuivenhoven,2026-05-20,European Tour Card Holder Qualifier,Q,Quarter Final,6.0,4.0,84.81,85.16
Niall Culleton,Lukas Wenig,2026-05-20,European Tour Card Holder Qualifier,Q,Semi Final,4.0,6.0,87.12,97.22
Leon Weber,Jack Drayton,2026-06-06,Development Tour,0,Last 64,4.0,3.0,80.29,80.64
Adam Paxton,Mario Vandenbogaerde,2026-05-20,European Tour Card Holder Qualifier,Q,Semi Final,4.0,6.0,79.59,84.79
Stefan Bellmont,Michael Smith,2026-05-20,European Tour Card Holder Qualifier,Q,Quarter Final,0.0,6.0,81.41,90.18
Stefan Bellmont,Kevin Doets,2026-05-19,Players Championship,PT,Last 32,1.0,6.0,94.21,99.3
Martin Lukeman,Thibault Tricole,2026-05-13,Players Championship,PT,Last 64,6.0,2.0,85.66,86.67
Stefaan Henderyck,Jeffrey de Zwaan,2026-05-04,Players Championship,PT,Last 128,4.0,6.0,84.17,91.69
Marvin van Velzen,Karel Sedláček,2026-05-19,Players Championship,PT,Last 128,2.0,6.0,91.61,99.03
Yorick Hofkens,Dan Outwin,2026-06-07,Development Tour,0,Last 64,4.0,2.0,91.89,84.41
Yorick Hofkens,Jon Jochijms,2026-06-07,Development Tour,0,Last 128,4.0,0.0,69.91,47.96
Yorick Hofkens,Owen Bates,2026-06-07,Development Tour,0,Last 256,4.0,3.0,83.56,84.83
Yorick Hofkens,Ellis Hadfield,2026-06-07,Development Tour,0,Last 512,4.0,0.0,93.94,77.7
Viktor Tingstrom,William O&#039;Connor,2026-06-03,Players Championship,PT,Last 128,3.0,6.0,88.06,94.91
Viktor Tingstrom,Wessel Nijman,2026-06-02,Players Championship,PT,Last 64,2.0,6.0,81.88,93.05
Viktor Tingstrom,Jack Aldridge,2026-06-02,Players Championship,PT,Last 128,6.0,4.0,92.68,93.89
Carl Sneyd,Chris Dobey,2026-05-18,Players Championship,PT,Last 128,1.0,6.0,85.47,98.55
Marvin Kraft,Raymond van Barneveld,2026-05-18,Players Championship,PT,Last 128,6.0,5.0,93.02,90.11
Rusty-Jake Rodriguez,Pascal Rupprecht,2026-05-18,Players Championship,PT,Last 128,3.0,6.0,88.45,90.66
Maximilian Czerwinski,Tom Sykes,2026-05-04,Players Championship,PT,Last 64,1.0,6.0,85.5,96.28
Tytus Kanik,Justin Hood,2026-05-18,Players Championship,PT,Last 128,2.0,6.0,81.87,96.1
Filip Bereza,Niall Culleton,2026-05-05,Players Championship,PT,Last 128,3.0,6.0,84.08,86.43
Tavis Dudeney,Bradly Roes,2026-06-06,Development Tour,0,Last 256,4.0,0.0,69.1,55.79
Luke Littler,David Cameron,2026-06-25,World Series of Darts,WS,Last 16,6.0,4.0,87.84,80.28
Cam Crabtree,Niall Culleton,2026-06-17,Players Championship,PT,Last 64,6.0,4.0,86.77,90.95
Cam Crabtree,Jeffrey de Zwaan,2026-06-17,Players Championship,PT,Last 128,6.0,4.0,91.64,91.88
Cam Crabtree,Stephen Bunting,2026-06-16,Players Championship,PT,Last 64,2.0,6.0,85.49,101.48
Cam Crabtree,Greg Ritchie,2026-06-16,Players Championship,PT,Last 128,6.0,5.0,92.46,85.57
Cam Crabtree,Adam Gawlas,2026-06-07,Development Tour,0,Quarter Final,2.0,5.0,85.41,83.49
Cam Crabtree,Joseph Simpson,2026-06-07,Development Tour,0,Last 16,4.0,3.0,96.88,84.2
Cam Crabtree,Alfie Armitage,2026-06-07,Development Tour,0,Last 32,4.0,0.0,103.66,81.05
Cam Crabtree,Martin Homola,2026-06-07,Development Tour,0,Last 64,4.0,0.0,91.09,86.9
Adam Lipscombe,Jeffrey de Graaf,2026-06-02,Players Championship,PT,Last 64,4.0,6.0,87.51,92.67
Adam Lipscombe,Tavis Dudeney,2026-06-02,Players Championship,PT,Last 128,6.0,3.0,83.25,73.86
Adam Lipscombe,Jeffrey de Graaf,2026-05-20,European Tour Card Holder Qualifier,Q,Quarter Final,3.0,6.0,94.08,89.93
Adam Lipscombe,Niall Culleton,2026-05-20,European Tour Card Holder Qualifier,Q,Quarter Final,5.0,6.0,93.4,86.29
Adam Lipscombe,Benjamin Pratnemer,2026-05-19,Players Championship,PT,Last 128,3.0,6.0,99.56,99.54
Adam Lipscombe,Ryan Meikle,2026-05-18,Players Championship,PT,Last 128,5.0,6.0,88.8,92.93
Jimmy van Schie,Yorick Hofkens,2026-06-03,Players Championship,PT,Last 128,6.0,5.0,90.42,85.01
Jimmy van Schie,Andrew Gilding,2026-06-02,Players Championship,PT,Last 64,2.0,6.0,88.17,94.68
Jimmy van Schie,Stefan Bellmont,2026-06-02,Players Championship,PT,Last 128,6.0,2.0,84.77,83.34
Jimmy van Schie,Luke Woodhouse,2026-05-31,European Tour,ET,Quarter Final,3.0,6.0,90.15,93.49
Jimmy van Schie,Sebastian Bialecki,2026-05-31,European Tour,ET,Last 16,6.0,4.0,90.5,85.34
Jimmy van Schie,Mike De Decker,2026-05-30,European Tour,ET,Last 32,6.0,1.0,87.05,80.79
Owen Bates,Shane Weeks,2026-06-07,Development Tour,0,Last 512,4.0,3.0,79.8,64.55
Owen Bates,Ciaran Forde,2026-06-06,Development Tour,0,Last 128,1.0,4.0,92.29,94.09
Owen Bates,Coby Jones-Swanson,2026-06-06,Development Tour,0,Last 256,4.0,2.0,87.09,78.45
Owen Bates,Ieuan Halsall,2026-06-06,Development Tour,0,Last 256,1.0,4.0,83.15,90.77
Owen Bates,Oliver Smith,2026-06-06,Development Tour,0,Last 512,4.0,1.0,76.44,67.37
Owen Bates,Florian Preis,2026-06-05,Development Tour,0,Last 16,2.0,4.0,95.34,90.47
Luke Littler,Josh Rock,2026-05-21,Premier League,U,Weekly Quarter Final,6.0,5.0,87.89,89.43
Luke Littler,Luke Humphries,2026-05-14,Premier League,U,Weekly Semi Final,3.0,6.0,99.86,100.82
Luke Littler,Jonny Clayton,2026-05-14,Premier League,U,Weekly Quarter Final,6.0,0.0,100.2,93.07
Luke Humphries,Stephen Bunting,2026-05-21,Premier League,U,Weekly Final,3.0,6.0,102.23,106.37
Luke Humphries,Luke Littler,2026-05-21,Premier League,U,Weekly Semi Final,6.0,1.0,100.82,95.97
Luke Humphries,Michael van Gerwen,2026-05-21,Premier League,U,Weekly Quarter Final,6.0,5.0,105.24,100.66
Gerwyn Price,Gian van Veen,2026-05-21,Premier League,U,Weekly Quarter Final,6.0,2.0,105.97,95.38
Gian van Veen,Thibault Tricole,2026-06-16,Players Championship,PT,Last 128,6.0,1.0,97.63,90.49
Gian van Veen,Luke Humphries,2026-06-06,World Series of Darts,WS,Quarter Final,5.0,6.0,96.71,96.39
Stephen Bunting,Ryan Searle,2026-06-16,Players Championship,PT,Quarter Final,3.0,6.0,90.14,93.81
Jonny Clayton,Darius Labanauskas,2026-06-16,Players Championship,PT,Last 32,6.0,4.0,101.51,100.3
James Wade,Andrew Gilding,2026-05-19,Players Championship,PT,Semi Final,6.0,7.0,94.58,96.03
James Wade,Sebastian Bialecki,2026-05-19,Players Championship,PT,Quarter Final,6.0,5.0,100.55,95.31
Jim Long,Lukas Wenig,2026-06-03,Players Championship,PT,Last 128,4.0,6.0,89.13,90.19
Luke Littler,Luke Humphries,2026-05-07,Premier League,U,Weekly Final,6.0,5.0,100.67,100.9
Luke Humphries,Jermaine Wattimena,2026-05-18,Players Championship,PT,Final,8.0,4.0,104.89,97.16
Gerwyn Price,Luke Humphries,2026-05-14,Premier League,U,Weekly Final,4.0,6.0,95.44,100.16
Gian van Veen,Daniel Larsson,2026-06-05,World Series of Darts,WS,Last 16,6.0,3.0,95.83,82.6
Stephen Bunting,Callan Rydz,2026-06-16,Players Championship,PT,Last 16,6.0,4.0,101.07,102.59
Jonny Clayton,Gabriel Clemens,2026-06-16,Players Championship,PT,Last 64,6.0,2.0,96.85,89.97
Josh Rock,Ian White,2026-05-19,Players Championship,PT,Last 128,6.0,3.0,84.02,83.8
James Wade,Tommy Morris,2026-05-19,Players Championship,PT,Last 16,6.0,5.0,90.67,91.19
Jim Long,Josh Rock,2026-06-02,Players Championship,PT,Last 64,3.0,6.0,94.7,102.18
Jim Long,Filip Bereza,2026-06-02,Players Championship,PT,Last 128,6.0,1.0,83.21,74.98
Jim Long,Max Hopp,2026-05-20,European Tour Card Holder Qualifier,Q,Final,6.0,4.0,90.56,92.3
Jim Long,Jeffrey de Zwaan,2026-05-20,European Tour Card Holder Qualifier,Q,Semi Final,6.0,3.0,86.48,87.25
Beau Greaves,Ritchie Edhouse,2026-06-17,Players Championship,PT,Last 128,1.0,6.0,87.13,104.61
Beau Greaves,Wessel Nijman,2026-06-16,Players Championship,PT,Semi Final,4.0,7.0,92.22,98.29
Beau Greaves,Chris Dobey,2026-06-16,Players Championship,PT,Quarter Final,6.0,4.0,105.9,105.09
Beau Greaves,Luke Woodhouse,2026-06-16,Players Championship,PT,Last 16,6.0,3.0,102.23,98.12
Beau Greaves,Adam Leek,2026-06-16,Players Championship,PT,Last 32,6.0,1.0,88.53,82.05
Beau Greaves,Ian White,2026-06-16,Players Championship,PT,Last 64,6.0,3.0,87.08,81.49
Beau Greaves,Ryan Joyce,2026-06-16,Players Championship,PT,Last 128,6.0,2.0,82.47,73.39
Beau Greaves,Nathan Aspinall,2026-06-03,Players Championship,PT,Last 64,4.0,6.0,89.01,91.34
Beau Greaves,Alexander Merkx,2026-06-03,Players Championship,PT,Last 128,6.0,2.0,95.85,84.94
Beau Greaves,Ryan Joyce,2026-06-02,Players Championship,PT,Last 64,2.0,6.0,101.32,100.76
Gerwyn Price,Gian van Veen,2026-05-14,Premier League,U,Weekly Semi Final,6.0,4.0,96.38,98.07
Chris Dobey,Lukas Wenig,2026-06-03,Players Championship,PT,Last 32,6.0,5.0,93.48,94.08
Chris Dobey,Daniel Ayres,2026-06-03,Players Championship,PT,Last 64,6.0,2.0,104.95,95.53
Michael van Gerwen,Gerwyn Price,2026-05-14,Premier League,U,Weekly Quarter Final,4.0,6.0,87.96,101.32
Michael van Gerwen,Joe Hunt,2026-05-13,Players Championship,PT,Last 128,3.0,6.0,92.95,94.27
Gian van Veen,Scott Williams,2026-06-03,Players Championship,PT,Last 128,4.0,6.0,86.07,91.78
Wessel Nijman,Kevin Doets,2026-06-16,Players Championship,PT,Quarter Final,6.0,1.0,100.63,91.41
Wessel Nijman,Kai Gotthardt,2026-06-16,Players Championship,PT,Last 16,6.0,3.0,96.94,87.83
Wessel Nijman,Adam Gawlas,2026-06-16,Players Championship,PT,Last 32,6.0,2.0,89.73,87.98
Wessel Nijman,Darryl Pilgrim,2026-06-16,Players Championship,PT,Last 64,6.0,2.0,94.84,84.52
Wessel Nijman,Stephen Burton,2026-06-16,Players Championship,PT,Last 128,6.0,4.0,93.85,86.41
Stephen Bunting,Shane McGuirk,2026-06-16,Players Championship,PT,Last 32,6.0,1.0,109.48,91.36
Stephen Bunting,Cam Crabtree,2026-06-16,Players Championship,PT,Last 64,6.0,2.0,101.48,85.49
Jonny Clayton,Chris Landman,2026-06-16,Players Championship,PT,Last 128,6.0,3.0,101.34,92.72
Ross Smith,William O&#039;Connor,2026-06-03,Players Championship,PT,Final,8.0,5.0,107.01,93.49
Ross Smith,Henry Coates,2026-06-03,Players Championship,PT,Semi Final,7.0,6.0,92.05,90.24
Ross Smith,Andy Boulton,2026-06-03,Players Championship,PT,Quarter Final,6.0,2.0,91.22,83.86
Ross Smith,Cristo Reyes,2026-06-03,Players Championship,PT,Last 16,6.0,2.0,100.54,88.72
Nathan Aspinall,Jeffrey de Zwaan,2026-04-18,European Tour,ET,Last 32,6.0,1.0,92.01,84.35
Nathan Aspinall,Danny Noppert,2026-04-06,European Tour,ET,Final,8.0,5.0,100.35,93.16
Nathan Aspinall,Kevin Doets,2026-04-06,European Tour,ET,Semi Final,7.0,2.0,106.4,93.15
Kevin Doets,Mickey Mansell,2026-06-03,Players Championship,PT,Last 128,4.0,6.0,96.0,93.64
Kevin Doets,Harry Ward,2026-06-02,Players Championship,PT,Last 128,1.0,6.0,91.17,99.03
Rob Cross,Connor Scutt,2026-06-17,Players Championship,PT,Last 32,6.0,2.0,97.69,85.46
Rob Cross,Jimmy van Schie,2026-06-17,Players Championship,PT,Last 64,6.0,1.0,103.43,83.36
Rob Cross,Chris Landman,2026-06-17,Players Championship,PT,Last 128,6.0,1.0,91.57,87.54
Rob Cross,Darius Labanauskas,2026-06-16,Players Championship,PT,Last 64,5.0,6.0,88.02,88.92
Rob Cross,Rusty-Jake Rodriguez,2026-06-16,Players Championship,PT,Last 128,6.0,2.0,90.18,82.14
Ryan Searle,Keane Barry,2026-06-16,Players Championship,PT,Last 32,6.0,2.0,91.98,91.19
Ryan Searle,Niall Culleton,2026-06-16,Players Championship,PT,Last 64,6.0,4.0,94.85,87.45
Danny Noppert,Madars Razma,2026-06-02,Players Championship,PT,Last 128,5.0,6.0,92.49,87.39
Danny Noppert,William O&#039;Connor,2026-05-30,European Tour,ET,Last 32,2.0,6.0,85.24,88.33
Damon Heta,William O&#039;Connor,2026-05-31,European Tour,ET,Last 16,6.0,5.0,91.31,93.81
Jermaine Wattimena,Stephen Rosney,2026-06-02,Players Championship,PT,Last 128,5.0,6.0,90.79,89.27
Jermaine Wattimena,Justin Hood,2026-05-30,European Tour,ET,Last 32,1.0,6.0,87.86,99.17
Jermaine Wattimena,Ryan Joyce,2026-05-24,European Tour,ET,Last 16,5.0,6.0,96.08,96.99
Krzysztof Ratajski,Chris Landman,2026-06-03,Players Championship,PT,Last 128,6.0,2.0,97.74,89.79
Luke Woodhouse,Mickey Mansell,2026-06-02,Players Championship,PT,Quarter Final,6.0,4.0,90.19,90.91
William O&#039;Connor,Viktor Tingstrom,2026-06-03,Players Championship,PT,Last 128,6.0,3.0,94.91,88.06
Niels Zonneveld,Keane Barry,2026-05-22,European Tour,ET,Last 48 (Premier),6.0,2.0,96.47,89.14
Martin Schindler,Ryan Joyce,2026-05-30,European Tour,ET,Last 32,5.0,6.0,86.43,88.47
Andrew Gilding,Alexander Merkx,2026-06-16,Players Championship,PT,Last 128,6.0,5.0,92.18,86.07
Andrew Gilding,Henry Coates,2026-06-03,Players Championship,PT,Last 64,3.0,6.0,90.66,96.22
Andrew Gilding,Adam Warner,2026-06-03,Players Championship,PT,Last 128,6.0,3.0,93.8,83.56
Joe Cullen,Marcel Hausotter,2026-05-29,European Tour,ET,Last 48 (Premier),6.0,1.0,92.78,84.77
Mike De Decker,Gabriel Clemens,2026-06-02,Players Championship,PT,Last 128,6.0,3.0,94.92,96.09
Mike De Decker,Jimmy van Schie,2026-05-30,European Tour,ET,Last 32,1.0,6.0,80.79,87.05
Mike De Decker,Rob Cross,2026-05-23,European Tour,ET,Last 32,2.0,6.0,90.86,99.15
Kim Huybrechts,Ryan Searle,2026-05-24,European Tour,ET,Last 16,1.0,6.0,93.32,99.55
Cameron Menzies,Rob Cross,2026-05-29,European Tour,ET,Last 48 (Premier),6.0,4.0,108.41,99.02
Cameron Menzies,Ross Smith,2026-05-24,European Tour,ET,Semi Final,0.0,7.0,89.49,97.42
Tom Sykes,Ross Smith,2026-06-02,Players Championship,PT,Last 64,1.0,6.0,94.38,99.69
Tom Sykes,Oskar Lukasiak,2026-06-02,Players Championship,PT,Last 128,6.0,1.0,99.29,79.36
Tom Sykes,Madars Razma,2026-05-20,European Tour Card Holder Qualifier,Q,Final,6.0,3.0,93.44,85.75
Tom Sykes,Niall Culleton,2026-05-20,European Tour Card Holder Qualifier,Q,Semi Final,6.0,3.0,87.99,86.2
Ryan Joyce,Rhys Griffin,2026-06-02,Players Championship,PT,Last 128,6.0,0.0,86.71,75.67
Ryan Joyce,Luke Woodhouse,2026-05-31,European Tour,ET,Final,4.0,8.0,94.46,98.61
Dave Chisnall,Harry Ward,2026-06-03,Players Championship,PT,Last 64,6.0,4.0,94.75,87.69
Madars Razma,Michael van Gerwen,2026-05-23,European Tour,ET,Last 32,5.0,6.0,88.79,89.54
Benjamin Pratnemer,Alexander Merkx,2026-05-20,European Tour Card Holder Qualifier,Q,Quarter Final,2.0,6.0,79.97,87.16
Tyler Thorpe,Angelo Balsamo,2026-06-06,Development Tour,0,Last 32,4.0,2.0,78.27,69.95
Jim Long,Jimmy van Schie,2026-05-20,European Tour Card Holder Qualifier,Q,Quarter Final,6.0,1.0,88.75,84.89
Dirk van Duijvenbode,Filip Bereza,2026-06-03,Players Championship,PT,Last 128,6.0,3.0,102.34,84.77
Rob Cross,Callan Rydz,2026-06-03,Players Championship,PT,Last 32,3.0,6.0,97.98,99.11
Kevin Doets,Ricky Evans,2026-05-31,European Tour,ET,Quarter Final,3.0,6.0,91.48,97.36
Krzysztof Ratajski,William O&#039;Connor,2026-06-02,Players Championship,PT,Last 32,5.0,6.0,99.79,98.36
William O&#039;Connor,Rob Cross,2026-06-02,Players Championship,PT,Quarter Final,5.0,6.0,93.36,96.68
Andrew Gilding,Mickey Mansell,2026-06-02,Players Championship,PT,Last 16,3.0,6.0,98.93,99.43
Niels Zonneveld,James Wade,2026-05-19,Players Championship,PT,Last 32,2.0,6.0,79.83,101.97
Cristo Reyes,Ritchie Edhouse,2026-06-03,Players Championship,PT,Last 128,6.0,3.0,96.36,95.14
Justin Hood,Callan Rydz,2026-05-20,European Tour Card Holder Qualifier,Q,Quarter Final,6.0,0.0,96.97,81.6
Jeffrey de Graaf,Jonny Clayton,2026-06-02,Players Championship,PT,Final,8.0,5.0,101.11,100.69
Karel Sedláček,Jason Riedtke,2026-05-29,European Tour,ET,Last 48 (Premier),6.0,5.0,86.09,77.89
Daryl Gurney,Ricky Evans,2026-05-30,European Tour,ET,Last 32,3.0,6.0,92.32,96.0
Joe Cullen,Ross Smith,2026-05-23,European Tour,ET,Last 32,3.0,6.0,98.61,102.17
Kim Huybrechts,Chris Dobey,2026-05-23,European Tour,ET,Last 32,6.0,5.0,104.66,98.8
Niko Springer,Ross Smith,2026-05-19,Players Championship,PT,Last 16,6.0,3.0,92.3,88.89
Cameron Menzies,James Wade,2026-05-24,European Tour,ET,Quarter Final,6.0,4.0,94.39,97.7
Keane Barry,Chris Landman,2026-05-20,European Tour Card Holder Qualifier,Q,Quarter Final,6.0,2.0,92.81,86.42
Tom Sykes,Scott Williams,2026-05-20,European Tour Card Holder Qualifier,Q,Quarter Final,6.0,4.0,97.67,91.97
Ryan Joyce,Damon Heta,2026-05-31,European Tour,ET,Semi Final,7.0,6.0,94.36,88.23
Dave Chisnall,Greg Ritchie,2026-06-03,Players Championship,PT,Last 128,6.0,2.0,83.7,84.13
Madars Razma,Gyorgy Jehirszki,2026-05-22,European Tour,ET,Last 48 (Premier),6.0,2.0,89.73,83.55
Mervyn King,Daryl Gurney,2026-06-02,Players Championship,PT,Last 32,6.0,5.0,91.27,85.96
Benjamin Pratnemer,James Wade,2026-05-19,Players Championship,PT,Last 64,4.0,6.0,86.69,91.35
Tyler Thorpe,Oliver Pearce-Burgess,2026-06-06,Development Tour,0,Last 64,4.0,2.0,81.09,74.36
Owen Bates,Reece Pauling,2026-06-05,Development Tour,0,Last 32,4.0,1.0,78.67,72.53
Jim Long,Arno Merk,2026-05-20,European Tour Card Holder Qualifier,Q,Quarter Final,4.0,6.0,88.37,88.63
Chris Dobey,Rob Owen,2026-06-17,Players Championship,PT,Last 64,1.0,6.0,98.29,98.63
Wessel Nijman,Pero Ljubic,2026-06-17,Players Championship,PT,Last 128,6.0,2.0,92.09,79.76
Ross Smith,Samuel Price,2026-06-17,Players Championship,PT,Last 128,6.0,1.0,105.42,92.12
Karel Sedláček,Martin Schindler,2026-05-23,European Tour,ET,Last 32,5.0,6.0,81.74,84.26
Alan Soutar,Karel Sedlacek,2026-06-17,Players Championship,PT,Last 128,6.0,1.0,101.62,96.5
Max Hopp,Rob Owen,2026-06-17,Players Championship,PT,Last 128,4.0,6.0,91.57,91.29
Maik Kuivenhoven,Rob Owen,2026-06-17,Players Championship,PT,Last 32,6.0,2.0,98.76,98.24
Sam Price,Kim Huybrechts,2026-05-19,Players Championship,PT,Last 128,4.0,6.0,91.46,96.49
Pero Ljubić,Kim Huybrechts,2026-02-25,Players Championship,PT,Last 128,2.0,6.0,75.63,92.93
Gerwyn Price,Michael van Gerwen,2026-05-14,Premier League,U,Weekly Quarter Final,6.0,4.0,101.32,87.96
Gerwyn Price,Jonny Clayton,2026-05-07,Premier League,U,Weekly Quarter Final,2.0,6.0,97.34,98.53
Chris Dobey,Nick Kenny,2026-06-03,Players Championship,PT,Last 128,6.0,1.0,87.44,89.33
Chris Dobey,Henry Coates,2026-06-02,Players Championship,PT,Last 128,3.0,6.0,97.19,100.2
Gian van Veen,Christopher Wickenden,2026-06-02,Players Championship,PT,Last 128,2.0,6.0,96.99,92.11
Gian van Veen,Dave Chisnall,2026-05-31,European Tour,ET,Last 16,5.0,6.0,91.43,95.34
Gian van Veen,Dimitri Van den Bergh,2026-05-30,European Tour,ET,Last 32,6.0,5.0,96.75,90.37
Gian van Veen,Ryan Searle,2026-05-24,European Tour,ET,Quarter Final,3.0,6.0,88.38,98.86
Gian van Veen,Kevin Doets,2026-05-24,European Tour,ET,Last 16,6.0,2.0,103.51,96.89
Stephen Bunting,Owen Bates,2026-06-16,Players Championship,PT,Last 128,6.0,2.0,101.73,97.97
Stephen Bunting,Viktor Tingstrom,2026-06-05,World Series of Darts,WS,Last 16,5.0,6.0,87.25,83.47
Stephen Bunting,Jack Tweddell,2026-06-02,Players Championship,PT,Last 128,4.0,6.0,95.49,98.58
Stephen Bunting,Cameron Menzies,2026-05-30,European Tour,ET,Last 32,2.0,6.0,92.72,96.17
Stephen Bunting,Rob Cross,2026-05-24,European Tour,ET,Last 16,2.0,6.0,85.95,99.46
Stephen Bunting,Krzysztof Ratajski,2026-05-23,European Tour,ET,Last 32,6.0,2.0,102.54,95.38
Wessel Nijman,William O&#039;Connor,2026-06-03,Players Championship,PT,Last 16,4.0,6.0,100.41,94.89
Wessel Nijman,Tom Bissell,2026-06-03,Players Championship,PT,Last 32,6.0,3.0,106.34,97.28
Wessel Nijman,Connor Scutt,2026-06-03,Players Championship,PT,Last 64,6.0,2.0,105.77,91.76
Jonny Clayton,Karel Sedlacek,2026-06-16,Players Championship,PT,Last 16,6.0,5.0,91.84,90.71
Jonny Clayton,Michael van Gerwen,2026-06-06,World Series of Darts,WS,Semi Final,4.0,7.0,95.73,101.55
Jonny Clayton,Gerwyn Price,2026-06-06,World Series of Darts,WS,Quarter Final,6.0,3.0,91.61,96.46
Jonny Clayton,Andreas Harrysson,2026-06-05,World Series of Darts,WS,Last 16,6.0,0.0,104.86,82.25
Jonny Clayton,Benjamin Pratnemer,2026-06-03,Players Championship,PT,Last 128,4.0,6.0,84.59,91.15
Dirk van Duijvenbode,Rob Owen,2026-06-16,Players Championship,PT,Last 64,6.0,3.0,102.33,93.07
Dirk van Duijvenbode,James Hurrell,2026-06-02,Players Championship,PT,Last 128,4.0,6.0,89.5,84.15
Dirk van Duijvenbode,Ryan Searle,2026-05-30,European Tour,ET,Last 32,4.0,6.0,90.57,89.77
Dirk van Duijvenbode,Paul Krohne,2026-05-29,European Tour,ET,Last 48 (Premier),6.0,0.0,86.71,78.74
Ross Smith,Ian White,2026-06-03,Players Championship,PT,Last 32,6.0,1.0,108.59,93.0
Ross Smith,Dominik Gruellich,2026-06-03,Players Championship,PT,Last 64,6.0,0.0,101.33,86.45
Kevin Doets,Justin Hood,2026-05-31,European Tour,ET,Last 16,6.0,3.0,92.41,88.29
Kevin Doets,Nathan Aspinall,2026-05-30,European Tour,ET,Last 32,6.0,3.0,88.65,89.28
Rob Cross,Martijn Dragt,2026-06-03,Players Championship,PT,Last 64,6.0,3.0,93.94,86.08
Rob Cross,Sietse Lap,2026-06-03,Players Championship,PT,Last 128,6.0,1.0,100.59,93.34
Rob Cross,Jonny Clayton,2026-06-02,Players Championship,PT,Semi Final,4.0,7.0,105.97,111.21
Rob Cross,William O&#039;Connor,2026-06-02,Players Championship,PT,Quarter Final,6.0,5.0,96.68,93.36
Rob Cross,Charlie Manby,2026-06-02,Players Championship,PT,Last 16,6.0,2.0,106.21,95.56
Rob Cross,Thomas Lovely,2026-06-02,Players Championship,PT,Last 32,6.0,0.0,103.66,88.72
Rob Cross,Cor Dekker,2026-06-02,Players Championship,PT,Last 64,6.0,3.0,94.14,91.07
Ryan Searle,Derek Coulson,2026-06-16,Players Championship,PT,Last 128,6.0,0.0,100.2,87.03
Ryan Searle,Wessel Nijman,2026-05-31,European Tour,ET,Last 16,3.0,6.0,93.0,97.59
Ryan Searle,Dirk van Duijvenbode,2026-05-30,European Tour,ET,Last 32,6.0,4.0,89.77,90.57
Ryan Searle,Ross Smith,2026-05-24,European Tour,ET,Final,3.0,8.0,90.11,90.81
Danny Noppert,Ricardo Pietreczko,2026-05-23,European Tour,ET,Last 32,5.0,6.0,91.81,86.79
Jermaine Wattimena,Karel Sedlacek,2026-06-16,Players Championship,PT,Last 32,2.0,6.0,86.55,95.44
Jermaine Wattimena,Bradley Brooks,2026-05-23,European Tour,ET,Last 32,6.0,5.0,87.53,87.19
Krzysztof Ratajski,Chris Landman,2026-06-02,Players Championship,PT,Last 64,6.0,3.0,103.74,93.45
Krzysztof Ratajski,Dimitri Van den Bergh,2026-06-02,Players Championship,PT,Last 128,6.0,0.0,96.97,87.79
Damon Heta,Karel Sedláček,2026-05-30,European Tour,ET,Last 32,6.0,4.0,89.11,89.71
Damon Heta,Michael van Gerwen,2026-05-24,European Tour,ET,Last 16,3.0,6.0,95.06,101.93
Luke Woodhouse,Mervyn King,2026-06-02,Players Championship,PT,Last 16,6.0,2.0,106.55,87.0
William O&#039;Connor,Ross Smith,2026-06-02,Players Championship,PT,Last 16,6.0,2.0,108.11,95.92
Andrew Gilding,Connor Scutt,2026-06-02,Players Championship,PT,Last 32,6.0,4.0,99.31,104.42
Andrew Gilding,Jimmy van Schie,2026-06-02,Players Championship,PT,Last 64,6.0,2.0,94.68,88.17
Andrew Gilding,David Sharp,2026-06-02,Players Championship,PT,Last 128,6.0,5.0,88.48,92.72
Andrew Gilding,Luke Woodhouse,2026-05-30,European Tour,ET,Last 32,3.0,6.0,88.21,92.44
Martin Schindler,Cameron Menzies,2026-05-24,European Tour,ET,Last 16,2.0,6.0,92.83,95.61
Martin Schindler,Karel Sedláček,2026-05-23,European Tour,ET,Last 32,6.0,5.0,84.26,81.74
Martin Schindler,Jack Tweddell,2026-05-19,Players Championship,PT,Last 64,2.0,6.0,93.23,90.19
Niels Zonneveld,Mensur Suljović,2026-05-19,Players Championship,PT,Last 64,6.0,4.0,93.04,100.64
Cristo Reyes,Jonny Clayton,2026-06-02,Players Championship,PT,Quarter Final,1.0,6.0,91.03,100.44
Cristo Reyes,Robert Owen,2026-06-02,Players Championship,PT,Last 16,6.0,1.0,104.25,88.85
Cristo Reyes,Henry Coates,2026-06-02,Players Championship,PT,Last 32,6.0,5.0,102.2,88.77
Cristo Reyes,Mike De Decker,2026-06-02,Players Championship,PT,Last 64,6.0,2.0,91.92,88.27
Justin Hood,Mickey Mansell,2026-05-20,European Tour Card Holder Qualifier,Q,Semi Final,4.0,6.0,91.61,95.51
Karel Sedláček,Johan Engstrom,2026-05-22,European Tour,ET,Last 48 (Premier),6.0,0.0,89.29,80.44
Karel Sedláček,Kai Gotthardt,2026-05-19,Players Championship,PT,Last 64,2.0,6.0,91.82,96.15
Karel Sedláček,Marvin van Velzen,2026-05-19,Players Championship,PT,Last 128,6.0,2.0,99.03,91.61
Karel Sedláček,Stephen Burton,2026-05-18,Players Championship,PT,Last 128,5.0,6.0,103.18,98.3
Jeffrey de Graaf,Luke Woodhouse,2026-06-02,Players Championship,PT,Semi Final,7.0,6.0,96.11,97.06
Callan Rydz,Jeffrey de Zwaan,2026-06-03,Players Championship,PT,Last 128,6.0,4.0,91.35,92.15
Callan Rydz,Stephen Rosney,2026-06-02,Players Championship,PT,Last 32,5.0,6.0,96.0,96.35
Callan Rydz,Sebastian Bialecki,2026-06-02,Players Championship,PT,Last 64,6.0,5.0,98.0,96.66
Mike De Decker,Joe Cullen,2026-05-19,Players Championship,PT,Last 128,5.0,6.0,95.08,95.4
Mike De Decker,Gian van Veen,2026-05-18,Players Championship,PT,Last 128,4.0,6.0,101.2,97.62
Daryl Gurney,Kim Huybrechts,2026-05-22,European Tour,ET,Last 48 (Premier),2.0,6.0,83.56,85.23
Daryl Gurney,Chris Landman,2026-05-19,Players Championship,PT,Last 32,4.0,6.0,87.53,88.21
James Hurrell,Niels Zonneveld,2026-05-08,European Tour,ET,Last 48 (Premier),5.0,6.0,94.08,93.7
Joe Cullen,Chris Landman,2026-05-22,European Tour,ET,Last 48 (Premier),6.0,5.0,91.87,86.81
Kim Huybrechts,Daryl Gurney,2026-05-22,European Tour,ET,Last 48 (Premier),6.0,2.0,85.23,83.56
Kim Huybrechts,Tommy Morris,2026-05-19,Players Championship,PT,Last 32,3.0,6.0,95.47,97.27
Kim Huybrechts,Thibault Tricole,2026-05-19,Players Championship,PT,Last 64,6.0,0.0,106.09,89.07
Richard Veenstra,Marvin van Velzen,2026-06-03,Players Championship,PT,Last 64,6.0,4.0,90.34,84.94
Richard Veenstra,Martin Lukeman,2026-06-03,Players Championship,PT,Last 128,6.0,1.0,97.88,80.31
Richard Veenstra,Luke Woodhouse,2026-06-02,Players Championship,PT,Last 32,3.0,6.0,90.11,95.73
Bradley Brooks,Peter Wright,2026-05-20,European Tour Card Holder Qualifier,Q,Quarter Final,5.0,6.0,80.42,84.0
Bradley Brooks,Michael Smith,2026-05-20,European Tour Card Holder Qualifier,Q,Final,6.0,4.0,94.39,87.28
Connor Scutt,Finn Behrens,2026-05-22,European Tour,ET,Last 48 (Premier),6.0,1.0,91.76,72.58
Connor Scutt,Sam Price,2026-05-20,European Tour Card Holder Qualifier,Q,Semi Final,2.0,6.0,87.74,91.48
Connor Scutt,Darryl Pilgrim,2026-05-20,European Tour Card Holder Qualifier,Q,Quarter Final,6.0,5.0,88.8,95.53
Niko Springer,Joe Cullen,2026-05-19,Players Championship,PT,Last 32,6.0,3.0,87.71,90.21
Niko Springer,Jeffrey de Zwaan,2026-05-19,Players Championship,PT,Last 64,6.0,5.0,93.79,93.91
Alan Soutar,Darryl Pilgrim,2026-05-13,Players Championship,PT,Last 128,4.0,6.0,86.1,92.21
Alan Soutar,Joe Cullen,2026-05-12,Players Championship,PT,Last 64,4.0,6.0,91.66,98.38
Cameron Menzies,Martin Schindler,2026-05-24,European Tour,ET,Last 16,6.0,2.0,95.61,92.83
Cameron Menzies,Josh Rock,2026-05-23,European Tour,ET,Last 32,6.0,4.0,97.26,99.17
Max Hopp,Marvin Kraft,2026-05-20,European Tour Card Holder Qualifier,Q,Quarter Final,6.0,4.0,94.47,89.63
Beau Greaves,Jeffrey Sparidaans,2026-06-02,Players Championship,PT,Last 128,6.0,4.0,91.44,94.94
Lukas Wenig,Jeffrey Sparidaans,2026-05-20,European Tour Card Holder Qualifier,Q,Quarter Final,6.0,2.0,90.65,84.6
Ricky Evans,Charlie Manby,2026-05-20,European Tour Card Holder Qualifier,Q,Last 16,1.0,6.0,89.16,86.95
Ricky Evans,Robert Owen,2026-05-20,European Tour Card Holder Qualifier,Q,Semi Final,1.0,6.0,85.79,104.82
Keane Barry,Adam Paxton,2026-05-20,European Tour Card Holder Qualifier,Q,Quarter Final,2.0,6.0,84.42,88.65
Tom Bissell,Ritchie Edhouse,2026-06-02,Players Championship,PT,Last 128,5.0,6.0,86.95,90.42
Tom Bissell,Kevin Doets,2026-05-22,European Tour,ET,Last 48 (Premier),0.0,6.0,89.32,102.48
Tom Bissell,Richard Veenstra,2026-05-20,European Tour Card Holder Qualifier,Q,Semi Final,1.0,6.0,81.89,95.1
Tom Bissell,Alan Soutar,2026-05-20,European Tour Card Holder Qualifier,Q,Quarter Final,6.0,2.0,85.01,78.25
Tom Bissell,Richard Veenstra,2026-05-20,European Tour Card Holder Qualifier,Q,Quarter Final,3.0,6.0,90.65,92.87
Tom Bissell,Dimitri Van den Bergh,2026-05-19,Players Championship,PT,Last 64,4.0,6.0,85.89,91.31
Mickey Mansell,Kevin Doets,2026-06-03,Players Championship,PT,Last 128,6.0,4.0,93.64,96.0
Mickey Mansell,Luke Woodhouse,2026-06-02,Players Championship,PT,Quarter Final,4.0,6.0,90.91,90.19
Mickey Mansell,Andrew Gilding,2026-06-02,Players Championship,PT,Last 16,6.0,3.0,99.43,98.93
Mickey Mansell,Nathan Potter,2026-06-02,Players Championship,PT,Last 32,6.0,1.0,103.61,84.66
Ritchie Edhouse,Adam Warner,2026-05-19,Players Championship,PT,Last 128,6.0,2.0,108.44,92.22
Ritchie Edhouse,Viktor Tingstrom,2026-05-18,Players Championship,PT,Last 128,5.0,6.0,94.63,93.13
Tom Sykes,Sietse Lap,2026-05-20,European Tour Card Holder Qualifier,Q,Last 16,6.0,5.0,92.03,93.31
Ryan Joyce,Dave Chisnall,2026-05-31,European Tour,ET,Quarter Final,6.0,1.0,90.13,78.17
Ryan Joyce,Niko Springer,2026-05-31,European Tour,ET,Last 16,6.0,4.0,88.44,91.32
Ryan Joyce,Martin Schindler,2026-05-30,European Tour,ET,Last 32,6.0,5.0,88.47,86.43
Wesley Plaisier,Carl Sneyd,2026-05-20,European Tour Card Holder Qualifier,Q,Quarter Final,0.0,6.0,69.56,79.81
Wesley Plaisier,Dimitri Van den Bergh,2026-05-19,Players Championship,PT,Last 128,1.0,6.0,87.74,90.41
Wesley Plaisier,Sebastian Bialecki,2026-05-18,Players Championship,PT,Last 128,4.0,6.0,87.67,91.85
Sebastian Bialecki,Louis Bell,2026-06-07,Development Tour,0,Last 128,4.0,0.0,93.94,77.1
Michael Smith,Stephen Rosney,2026-05-18,Players Championship,PT,Last 128,1.0,6.0,88.53,92.1
Michael Smith,Martijn Dragt,2026-05-13,Players Championship,PT,Last 64,2.0,6.0,95.32,97.32
Gabriel Clemens,Ricky Evans,2026-05-20,European Tour Card Holder Qualifier,Q,Quarter Final,2.0,6.0,91.41,90.71
Gabriel Clemens,Rusty-Jake Rodriguez,2026-05-20,European Tour Card Holder Qualifier,Q,Last 16,6.0,0.0,85.89,73.53
Gabriel Clemens,Tommy Morris,2026-05-19,Players Championship,PT,Last 64,4.0,6.0,92.31,92.04
Gabriel Clemens,Jermaine Wattimena,2026-05-19,Players Championship,PT,Last 128,6.0,3.0,82.86,89.33
Gabriel Clemens,Robert Owen,2026-05-18,Players Championship,PT,Last 64,2.0,6.0,94.99,92.15
Charlie Manby,Finley Pember,2026-06-06,Development Tour,0,Last 256,4.0,1.0,86.54,82.88
Dave Chisnall,Bradley Brooks,2026-06-02,Players Championship,PT,Last 64,5.0,6.0,96.87,98.94
Dave Chisnall,Joe Hunt,2026-06-02,Players Championship,PT,Last 128,6.0,4.0,87.19,87.17
Dave Chisnall,Ryan Joyce,2026-05-31,European Tour,ET,Quarter Final,1.0,6.0,78.17,90.13
Shane McGuirk,Samuel Price,2026-06-16,Players Championship,PT,Last 128,6.0,0.0,87.55,81.48
Shane McGuirk,Mickey Mansell,2026-05-20,European Tour Card Holder Qualifier,Q,Quarter Final,2.0,6.0,93.45,109.22
Shane McGuirk,Sebastian Bialecki,2026-05-20,European Tour Card Holder Qualifier,Q,Final,2.0,6.0,89.7,94.28
Shane McGuirk,Scott Williams,2026-05-20,European Tour Card Holder Qualifier,Q,Semi Final,6.0,3.0,93.13,95.02
Maik Kuivenhoven,Jeffrey de Zwaan,2026-06-02,Players Championship,PT,Last 128,6.0,2.0,92.92,92.97
Maik Kuivenhoven,Ricardo Pietreczko,2026-05-22,European Tour,ET,Last 48 (Premier),2.0,6.0,84.47,85.63
Maik Kuivenhoven,Niall Culleton,2026-05-20,European Tour Card Holder Qualifier,Q,Quarter Final,4.0,6.0,85.16,84.81
Maik Kuivenhoven,Robert Owen,2026-05-20,European Tour Card Holder Qualifier,Q,Final,6.0,3.0,100.71,95.62
Maik Kuivenhoven,Cor Dekker,2026-05-20,European Tour Card Holder Qualifier,Q,Semi Final,6.0,5.0,91.17,90.93
Maik Kuivenhoven,Jeffrey Sparidaans,2026-05-20,European Tour Card Holder Qualifier,Q,Quarter Final,6.0,2.0,96.03,82.26
Maik Kuivenhoven,William O&#039;Connor,2026-05-19,Players Championship,PT,Last 64,2.0,6.0,81.14,90.62
Darryl Pilgrim,Wessel Nijman,2026-05-18,Players Championship,PT,Last 64,4.0,6.0,94.04,100.57
Darryl Pilgrim,Marvin van Velzen,2026-05-18,Players Championship,PT,Last 128,6.0,4.0,93.08,93.71
Madars Razma,Tom Sykes,2026-05-20,European Tour Card Holder Qualifier,Q,Final,3.0,6.0,85.75,93.44
Mario Vandenbogaerde,Dave Chisnall,2026-05-20,European Tour Card Holder Qualifier,Q,Quarter Final,6.0,5.0,91.79,88.74
Mario Vandenbogaerde,Tommy Lishman,2026-05-19,Players Championship,PT,Last 64,5.0,6.0,84.94,88.92
Stephen Burton,Maximilian Czerwinski,2026-05-20,European Tour Card Holder Qualifier,Q,Last 16,6.0,5.0,92.98,79.84
Stephen Burton,Harry Ward,2026-05-19,Players Championship,PT,Last 128,2.0,6.0,82.31,85.0
Cam Crabtree,Yannick Perton,2026-06-07,Development Tour,0,Last 128,4.0,1.0,81.55,78.38
Cam Crabtree,Toby Saunders,2026-06-07,Development Tour,0,Last 256,4.0,0.0,88.41,69.09
Cam Crabtree,Kieran Tynan,2026-06-07,Development Tour,0,Last 512,4.0,1.0,86.24,63.43
Cam Crabtree,Dean Fitch Jnr,2026-06-06,Development Tour,0,Last 128,3.0,4.0,79.25,75.43
Jeffrey de Zwaan,Mensur Suljović,2026-05-20,European Tour Card Holder Qualifier,Q,Quarter Final,6.0,4.0,93.59,96.1
Alexander Merkx,Adam Leek,2026-05-20,European Tour Card Holder Qualifier,Q,Semi Final,6.0,5.0,89.9,84.2
Alexander Merkx,Benjamin Pratnemer,2026-05-20,European Tour Card Holder Qualifier,Q,Quarter Final,6.0,2.0,87.16,79.97
Alexander Merkx,Darius Labanauskas,2026-05-19,Players Championship,PT,Last 32,2.0,6.0,88.31,93.94
Alexander Merkx,Christopher Wickenden,2026-05-19,Players Championship,PT,Last 64,6.0,5.0,87.6,91.16
Alexander Merkx,Michael Smith,2026-05-19,Players Championship,PT,Last 128,6.0,5.0,89.68,91.79
Adam Lipscombe,Cor Dekker,2026-05-13,Players Championship,PT,Last 128,3.0,6.0,77.54,84.23
Scott Williams,Nathan Potter,2026-05-18,Players Championship,PT,Last 128,4.0,6.0,90.25,87.63
Scott Williams,Madars Razma,2026-05-05,Players Championship,PT,Last 128,1.0,6.0,82.71,89.51
Brendan Dolan,Christian Kist,2026-05-19,Players Championship,PT,Last 128,6.0,2.0,92.54,91.61
Christian Kist,Thomas Lovely,2026-05-20,European Tour Card Holder Qualifier,Q,Semi Final,6.0,5.0,93.14,87.92
Jimmy van Schie,Ian White,2026-05-29,European Tour,ET,Last 48 (Premier),6.0,0.0,96.97,78.72
Jimmy van Schie,Jim Long,2026-05-20,European Tour Card Holder Qualifier,Q,Quarter Final,1.0,6.0,84.89,88.75
Darius Labanauskas,Tytus Kanik,2026-05-20,European Tour Card Holder Qualifier,Q,Semi Final,6.0,1.0,92.44,81.74
Darius Labanauskas,Kai Gotthardt,2026-05-20,European Tour Card Holder Qualifier,Q,Quarter Final,6.0,2.0,91.8,86.6
Chris Landman,Jonny Clayton,2026-05-19,Players Championship,PT,Last 16,0.0,6.0,88.33,106.09
Raymond van Barneveld,Florian Preis,2026-05-05,Players Championship,PT,Last 128,6.0,2.0,84.78,74.87
Ian White,Bradley Brooks,2026-05-20,European Tour Card Holder Qualifier,Q,Semi Final,4.0,6.0,86.94,86.35
Ryan Meikle,Lukas Wenig,2026-05-18,Players Championship,PT,Last 64,6.0,1.0,81.9,76.58
David Sharp,Ross Smith,2026-05-19,Players Championship,PT,Last 64,1.0,6.0,105.64,99.39
David Sharp,Cristo Reyes,2026-05-19,Players Championship,PT,Last 128,6.0,2.0,91.67,89.59
David Sharp,Cam Crabtree,2026-05-18,Players Championship,PT,Last 128,5.0,6.0,93.65,95.79
David Sharp,Niko Springer,2026-05-13,Players Championship,PT,Last 64,5.0,6.0,90.23,94.61
Dennie Olde Kalter,William O&#039;Connor,2026-05-18,Players Championship,PT,Last 128,4.0,6.0,82.33,100.29
Dennie Olde Kalter,Gabriel Clemens,2026-05-13,Players Championship,PT,Last 64,2.0,6.0,87.39,90.9
Dennie Olde Kalter,Dave Chisnall,2026-05-13,Players Championship,PT,Last 128,6.0,5.0,84.77,77.92
Mervyn King,Christopher Wickenden,2026-06-02,Players Championship,PT,Last 64,6.0,5.0,92.32,85.2
Mervyn King,Tommy Lishman,2026-06-02,Players Championship,PT,Last 128,6.0,5.0,90.8,89.18
Benjamin Pratnemer,Adam Lipscombe,2026-05-19,Players Championship,PT,Last 128,6.0,3.0,99.54,99.56
Kai Gotthardt,Darius Labanauskas,2026-05-20,European Tour Card Holder Qualifier,Q,Quarter Final,2.0,6.0,86.6,91.8
Thibault Tricole,Christian Kist,2026-05-18,Players Championship,PT,Last 128,5.0,6.0,87.41,89.61
Thibault Tricole,Martin Lukeman,2026-05-13,Players Championship,PT,Last 64,2.0,6.0,86.67,85.66
Stephen Rosney,Wesley Plaisier,2026-05-20,European Tour Card Holder Qualifier,Q,Quarter Final,6.0,4.0,89.77,86.01
Cor Dekker,Martin Schindler,2026-05-19,Players Championship,PT,Last 128,1.0,6.0,84.97,98.12
Andy Boulton,Viktor Tingstrom,2026-05-20,European Tour Card Holder Qualifier,Q,Quarter Final,6.0,2.0,83.65,77.22
Ricardo Pietreczko,Maik Kuivenhoven,2026-05-22,European Tour,ET,Last 48 (Premier),6.0,2.0,85.63,84.47
Owen Bates,James Tate,2026-06-05,Development Tour,0,Last 64,4.0,3.0,90.26,82.86
Peter Wright,Adam Gawlas,2026-05-19,Players Championship,PT,Last 128,6.0,1.0,84.07,77.27
Tyler Thorpe,Jory Scheldeman,2026-06-06,Development Tour,0,Last 128,4.0,1.0,78.85,59.9
Adam Gawlas,Justin Atellinghusen,2026-06-07,Development Tour,0,Last 128,4.0,0.0,96.97,84.5
Jurjen van der Velde,Dylan Blackwell,2026-06-06,Development Tour,0,Last 64,4.0,0.0,78.08,55.2
Jurjen van der Velde,Mason Hale,2026-06-06,Development Tour,0,Last 128,4.0,2.0,92.91,83.84
Nick Kenny,Martin Schindler,2026-05-13,Players Championship,PT,Last 128,6.0,5.0,95.09,96.76
Dimitri Van den Bergh,Tom Bissell,2026-05-19,Players Championship,PT,Last 64,6.0,4.0,91.31,85.89
Adam Warner,Niko Springer,2026-05-13,Players Championship,PT,Last 128,4.0,6.0,84.26,92.47
Thomas Lovely,Ricardo Pietreczko,2026-05-20,European Tour Card Holder Qualifier,Q,Quarter Final,6.0,3.0,79.8,80.45
Pascal Rupprecht,Kevin Jussen,2026-05-16,European Tour Home Nation Qualifier,Q,Last 32,6.0,5.0,91.57,86.95
Rhys Griffin,Luke Humphries,2026-05-18,Players Championship,PT,Last 128,3.0,6.0,90.47,112.18
Rhys Griffin,Christian Kist,2026-05-13,Players Championship,PT,Last 64,1.0,6.0,77.48,80.58
Jim Long,Karel Sedlacek,2026-06-16,Players Championship,PT,Last 128,1.0,6.0,86.41,96.89
Jim Long,Thibault Tricole,2026-05-19,Players Championship,PT,Last 128,3.0,6.0,88.27,94.2
Jim Long,Ross Smith,2026-05-18,Players Championship,PT,Last 64,1.0,6.0,83.14,90.18
Arno Merk,Daryl Gurney,2026-05-19,Players Championship,PT,Last 128,1.0,6.0,82.16,89.87
Sietse Lap,Peter Wright,2026-05-18,Players Championship,PT,Last 128,6.0,2.0,104.81,93.25
Sietse Lap,Kevin Doets,2026-05-13,Players Championship,PT,Last 64,1.0,6.0,90.82,95.66
Dominik Gruellich,Mika Donnevert,2026-06-06,Development Tour,0,Last 128,4.0,0.0,91.09,77.19
Greg Ritchie,Dimitri Van den Bergh,2026-05-20,European Tour Card Holder Qualifier,Q,Quarter Final,6.0,4.0,90.02,90.62
Greg Ritchie,Luke Woodhouse,2026-05-19,Players Championship,PT,Last 128,2.0,6.0,85.1,98.2
Greg Ritchie,Kim Huybrechts,2026-05-18,Players Championship,PT,Last 128,3.0,6.0,85.15,92.72
Jeffrey Sparidaans,Yorick Hofkens,2026-05-19,Players Championship,PT,Last 32,6.0,2.0,90.89,79.17
Jeffrey Sparidaans,Ryan Searle,2026-05-19,Players Championship,PT,Last 64,6.0,3.0,93.05,95.48
Jeffrey Sparidaans,Ricardo Pietreczko,2026-05-19,Players Championship,PT,Last 128,6.0,1.0,84.56,77.14
Martin Lukeman,Jurjen van der Velde,2026-05-13,Players Championship,PT,Last 128,6.0,5.0,77.98,84.17
Adam Leek,Alexander Merkx,2026-05-20,European Tour Card Holder Qualifier,Q,Semi Final,5.0,6.0,84.2,89.9
Adam Leek,Brendan Dolan,2026-05-20,European Tour Card Holder Qualifier,Q,Quarter Final,6.0,2.0,87.47,79.93
Adam Leek,Owen Bates,2026-05-20,European Tour Card Holder Qualifier,Q,Last 16,6.0,3.0,98.31,91.01
Adam Leek,Tommy Morris,2026-05-19,Players Championship,PT,Last 128,1.0,6.0,90.52,101.42
Leon Weber,Alfie Thompson,2026-06-06,Development Tour,0,Last 128,4.0,0.0,88.41,69.23
Niall Culleton,Adam Lipscombe,2026-05-20,European Tour Card Holder Qualifier,Q,Quarter Final,6.0,5.0,86.29,93.4
Niall Culleton,Kevin Doets,2026-05-19,Players Championship,PT,Last 128,2.0,6.0,88.0,110.21
Adam Paxton,Rob Owen,2026-06-16,Players Championship,PT,Last 128,3.0,6.0,91.63,94.62
Adam Paxton,Keane Barry,2026-05-20,European Tour Card Holder Qualifier,Q,Quarter Final,6.0,2.0,88.65,84.42
Adam Paxton,Jonny Clayton,2026-05-19,Players Championship,PT,Last 64,4.0,6.0,87.97,99.65
Stefan Bellmont,Darryl Pilgrim,2026-05-19,Players Championship,PT,Last 64,6.0,2.0,92.72,94.07
Stefan Bellmont,Cameron Menzies,2026-05-19,Players Championship,PT,Last 128,6.0,3.0,87.83,87.11
Carl Sneyd,Tom Bissell,2026-04-28,Players Championship,PT,Last 128,0.0,6.0,89.64,100.2
Sam Price,Christian Kist,2026-05-18,Players Championship,PT,Last 64,3.0,6.0,84.93,92.3
Marvin van Velzen,Darryl Pilgrim,2026-05-18,Players Championship,PT,Last 128,4.0,6.0,93.71,93.08
Yorick Hofkens,Ciaran Forde,2026-06-06,Development Tour,0,Last 64,2.0,4.0,83.87,92.97
Viktor Tingstrom,Christian Kist,2026-05-20,European Tour Card Holder Qualifier,Q,Quarter Final,4.0,6.0,80.53,85.48
Viktor Tingstrom,Andy Boulton,2026-05-20,European Tour Card Holder Qualifier,Q,Quarter Final,2.0,6.0,77.22,83.65
Viktor Tingstrom,Kai Gotthardt,2026-05-19,Players Championship,PT,Last 128,1.0,6.0,82.64,98.83
Marvin Kraft,Pero Ljubic,2026-06-16,Players Championship,PT,Last 128,5.0,6.0,81.69,87.93
Marvin Kraft,Darius Labanauskas,2026-05-13,Players Championship,PT,Last 128,3.0,6.0,91.91,91.3
Rusty-Jake Rodriguez,Andy Boulton,2026-05-13,Players Championship,PT,Last 128,2.0,6.0,87.66,88.42
Tytus Kanik,Ryan Meikle,2026-05-13,Players Championship,PT,Last 128,1.0,6.0,82.71,90.72
Tytus Kanik,Dirk van Duijvenbode,2026-05-12,Players Championship,PT,Last 128,4.0,6.0,95.55,97.36
Maximilian Czerwinski,Ben Townley,2026-05-04,Players Championship,PT,Last 128,6.0,5.0,83.31,80.23
Maximilian Czerwinski,Ryan Searle,2026-04-28,Players Championship,PT,Last 64,4.0,6.0,90.14,94.31
Filip Bereza,Thomas Lovely,2026-05-04,Players Championship,PT,Last 128,4.0,6.0,87.13,88.93
Tavis Dudeney,Mason Teese,2026-06-05,Development Tour,0,Last 512,1.0,4.0,72.8,82.23
Pero Ljubić,Niels Zonneveld,2026-02-24,Players Championship,PT,Last 128,2.0,6.0,85.98,92.79
Pero Ljubić,Stephen Rosney,2026-02-18,European Tour Card Holder Qualifier,Q,Last 16,4.0,6.0,93.79,97.67
Gerwyn Price,Luke Littler,2026-04-30,Premier League,U,Weekly Semi Final,1.0,6.0,94.18,98.34
Gian van Veen,Connor Scutt,2026-05-23,European Tour,ET,Last 32,6.0,3.0,96.88,89.95
Gian van Veen,Gerwyn Price,2026-05-21,Premier League,U,Weekly Quarter Final,2.0,6.0,95.38,105.97
Chris Dobey,Sebastian Bialecki,2026-05-30,European Tour,ET,Last 32,3.0,6.0,96.39,98.03
Chris Dobey,Kim Huybrechts,2026-05-23,European Tour,ET,Last 32,5.0,6.0,98.8,104.66
Chris Dobey,Robert Owen,2026-05-19,Players Championship,PT,Last 128,2.0,6.0,95.44,95.87
Chris Dobey,Sebastian Bialecki,2026-05-18,Players Championship,PT,Last 64,3.0,6.0,90.38,91.51
Chris Dobey,Carl Sneyd,2026-05-18,Players Championship,PT,Last 128,6.0,1.0,98.55,85.47
Wessel Nijman,Jeffrey Sparidaans,2026-06-03,Players Championship,PT,Last 128,6.0,3.0,90.83,84.61
Wessel Nijman,Jeffrey de Graaf,2026-06-02,Players Championship,PT,Quarter Final,4.0,6.0,100.25,94.73
Wessel Nijman,James Hurrell,2026-06-02,Players Championship,PT,Last 16,6.0,1.0,104.08,89.71
Wessel Nijman,Gary Anderson,2026-06-02,Players Championship,PT,Last 32,6.0,3.0,95.71,101.67
Wessel Nijman,Viktor Tingstrom,2026-06-02,Players Championship,PT,Last 64,6.0,2.0,93.05,81.88
Wessel Nijman,Arno Merk,2026-06-02,Players Championship,PT,Last 128,6.0,1.0,95.97,88.19
Wessel Nijman,Damon Heta,2026-05-31,European Tour,ET,Quarter Final,2.0,6.0,93.65,93.88
Stephen Bunting,Luke Humphries,2026-05-21,Premier League,U,Weekly Final,6.0,3.0,106.37,102.23
Stephen Bunting,Gerwyn Price,2026-05-21,Premier League,U,Weekly Semi Final,6.0,3.0,98.98,93.43
Stephen Bunting,Jonny Clayton,2026-05-21,Premier League,U,Weekly Quarter Final,6.0,3.0,102.22,104.9
Stephen Bunting,Tom Bissell,2026-05-19,Players Championship,PT,Last 128,3.0,6.0,93.69,94.01
Stephen Bunting,Jermaine Wattimena,2026-05-18,Players Championship,PT,Quarter Final,3.0,6.0,92.82,99.89
Jonny Clayton,Jeffrey de Graaf,2026-06-02,Players Championship,PT,Final,5.0,8.0,100.69,101.11
Jonny Clayton,Rob Cross,2026-06-02,Players Championship,PT,Semi Final,7.0,4.0,111.21,105.97
Jonny Clayton,Cristo Reyes,2026-06-02,Players Championship,PT,Quarter Final,6.0,1.0,100.44,91.03
Jonny Clayton,Stephen Rosney,2026-06-02,Players Championship,PT,Last 16,6.0,5.0,91.32,94.82
Jonny Clayton,Max Hopp,2026-06-02,Players Championship,PT,Last 32,6.0,1.0,103.75,79.09
Jonny Clayton,Niall Culleton,2026-06-02,Players Championship,PT,Last 64,6.0,2.0,102.9,89.18
Dirk van Duijvenbode,Rob Cross,2026-05-22,European Tour,ET,Last 48 (Premier),5.0,6.0,99.18,95.13
Dirk van Duijvenbode,Connor Scutt,2026-05-19,Players Championship,PT,Last 128,3.0,6.0,98.09,98.58
Dirk van Duijvenbode,Kevin Doets,2026-05-18,Players Championship,PT,Quarter Final,4.0,6.0,99.11,107.53
Dirk van Duijvenbode,Keane Barry,2026-05-18,Players Championship,PT,Last 16,6.0,4.0,100.45,100.5
Dirk van Duijvenbode,Jeffrey de Graaf,2026-05-18,Players Championship,PT,Last 32,6.0,4.0,99.41,96.58
Ross Smith,Cor Dekker,2026-06-03,Players Championship,PT,Last 128,6.0,3.0,99.63,93.35
Ross Smith,William O&#039;Connor,2026-06-02,Players Championship,PT,Last 16,2.0,6.0,95.92,108.11
Ross Smith,Lukas Wenig,2026-06-02,Players Championship,PT,Last 32,6.0,3.0,98.51,93.11
Ross Smith,Tom Sykes,2026-06-02,Players Championship,PT,Last 64,6.0,1.0,99.69,94.38
Kevin Doets,Lukas Wenig,2026-05-29,European Tour,ET,Last 48 (Premier),6.0,3.0,92.35,89.84
Kevin Doets,Gian van Veen,2026-05-24,European Tour,ET,Last 16,2.0,6.0,96.89,103.51
Kevin Doets,Luke Woodhouse,2026-05-23,European Tour,ET,Last 32,6.0,5.0,89.38,90.76
Kevin Doets,Tom Bissell,2026-05-22,European Tour,ET,Last 48 (Premier),6.0,0.0,102.48,89.32
Kevin Doets,Harry Ward,2026-05-19,Players Championship,PT,Quarter Final,5.0,6.0,91.3,86.13
Rob Cross,Darius Labanauskas,2026-06-02,Players Championship,PT,Last 128,6.0,4.0,99.08,89.43
Rob Cross,Cameron Menzies,2026-05-29,European Tour,ET,Last 48 (Premier),4.0,6.0,99.02,108.41
Ryan Searle,Rob Cross,2026-05-24,European Tour,ET,Semi Final,7.0,6.0,98.35,100.1
Ryan Searle,Gian van Veen,2026-05-24,European Tour,ET,Quarter Final,6.0,3.0,98.86,88.38
Ryan Searle,Kim Huybrechts,2026-05-24,European Tour,ET,Last 16,6.0,1.0,99.55,93.32
Ryan Searle,Charlie Manby,2026-05-23,European Tour,ET,Last 32,6.0,3.0,92.44,91.89
Ryan Searle,Jeffrey Sparidaans,2026-05-19,Players Championship,PT,Last 64,3.0,6.0,95.48,93.05
Ryan Searle,Dennie Olde Kalter,2026-05-19,Players Championship,PT,Last 128,6.0,2.0,103.46,94.66
Ryan Searle,Danny Noppert,2026-05-18,Players Championship,PT,Last 16,3.0,6.0,94.06,102.07
Danny Noppert,Charlie Manby,2026-05-19,Players Championship,PT,Last 32,4.0,6.0,86.98,91.03
Danny Noppert,Beau Greaves,2026-05-19,Players Championship,PT,Last 64,6.0,4.0,93.75,91.16
Danny Noppert,Filip Bereza,2026-05-19,Players Championship,PT,Last 128,6.0,1.0,84.56,77.87
Jermaine Wattimena,Gabriel Clemens,2026-05-19,Players Championship,PT,Last 128,3.0,6.0,89.33,82.86
Jermaine Wattimena,Luke Humphries,2026-05-18,Players Championship,PT,Final,4.0,8.0,97.16,104.89
Jermaine Wattimena,Kevin Doets,2026-05-18,Players Championship,PT,Semi Final,7.0,2.0,111.05,102.65
Krzysztof Ratajski,Wessel Nijman,2026-05-30,European Tour,ET,Last 32,1.0,6.0,91.9,98.46
Krzysztof Ratajski,Daniel Klose,2026-05-29,European Tour,ET,Last 48 (Premier),6.0,3.0,91.77,80.23
Damon Heta,Niels Zonneveld,2026-05-23,European Tour,ET,Last 32,6.0,2.0,95.75,98.06
Damon Heta,Marvin Kraft,2026-05-19,Players Championship,PT,Last 128,3.0,6.0,96.27,87.18
Damon Heta,Stephen Bunting,2026-05-18,Players Championship,PT,Last 16,5.0,6.0,92.1,100.43
Luke Woodhouse,Richard Veenstra,2026-06-02,Players Championship,PT,Last 32,6.0,3.0,95.73,90.11
Luke Woodhouse,Rusty-Jake Rodriguez,2026-06-02,Players Championship,PT,Last 64,6.0,1.0,86.95,82.23
Luke Woodhouse,Andy Boulton,2026-06-02,Players Championship,PT,Last 128,6.0,1.0,91.22,85.19
Luke Woodhouse,Ryan Joyce,2026-05-31,European Tour,ET,Final,8.0,4.0,98.61,94.46
William O&#039;Connor,Krzysztof Ratajski,2026-06-02,Players Championship,PT,Last 32,6.0,5.0,98.36,99.79
Andrew Gilding,Jeffrey de Zwaan,2026-05-29,European Tour,ET,Last 48 (Premier),6.0,4.0,88.95,87.99
Andrew Gilding,Bradley Brooks,2026-05-22,European Tour,ET,Last 48 (Premier),4.0,6.0,93.7,91.65
Andrew Gilding,Luke Woodhouse,2026-05-19,Players Championship,PT,Final,4.0,8.0,96.96,102.04
Martin Schindler,Cor Dekker,2026-05-19,Players Championship,PT,Last 128,6.0,1.0,98.12,84.97
Cristo Reyes,Alan Soutar,2026-06-02,Players Championship,PT,Last 128,6.0,5.0,94.45,83.01
Cristo Reyes,William O&#039;Connor,2026-05-29,European Tour,ET,Last 48 (Premier),4.0,6.0,88.75,94.2
Niels Zonneveld,Oskar Lukasiak,2026-05-19,Players Championship,PT,Last 128,6.0,2.0,96.78,93.1
Niels Zonneveld,Lukas Wenig,2026-05-18,Players Championship,PT,Last 128,3.0,6.0,98.27,98.47
Niels Zonneveld,Tom Sykes,2026-05-13,Players Championship,PT,Last 128,5.0,6.0,92.03,89.01
Niels Zonneveld,Mario Vandenbogaerde,2026-05-12,Players Championship,PT,Last 128,5.0,6.0,102.23,93.73
Justin Hood,Alan Soutar,2026-05-20,European Tour Card Holder Qualifier,Q,Quarter Final,6.0,2.0,89.64,78.88
James Hurrell,Krzysztof Ratajski,2026-05-05,Players Championship,PT,Last 16,1.0,6.0,86.21,95.48
James Hurrell,Cristo Reyes,2026-05-05,Players Championship,PT,Last 32,6.0,5.0,88.14,89.53
James Hurrell,Jeffrey de Graaf,2026-05-05,Players Championship,PT,Last 64,6.0,0.0,104.86,90.25
Jeffrey de Graaf,Wessel Nijman,2026-06-02,Players Championship,PT,Quarter Final,6.0,4.0,94.73,100.25
Jeffrey de Graaf,Bradley Brooks,2026-06-02,Players Championship,PT,Last 16,6.0,2.0,91.54,79.57
Jeffrey de Graaf,Josh Rock,2026-06-02,Players Championship,PT,Last 32,6.0,4.0,98.32,96.31
Jeffrey de Graaf,Adam Lipscombe,2026-06-02,Players Championship,PT,Last 64,6.0,4.0,92.67,87.51
Daryl Gurney,Owen Bates,2026-05-19,Players Championship,PT,Last 64,6.0,3.0,97.26,93.15
Mike De Decker,Ryan Joyce,2026-05-09,European Tour,ET,Last 32,3.0,6.0,90.91,92.85
Mike De Decker,Arno Merk,2026-05-05,Players Championship,PT,Last 128,4.0,6.0,87.0,81.41
Callan Rydz,Darryl Pilgrim,2026-06-02,Players Championship,PT,Last 128,6.0,3.0,97.82,95.45
Callan Rydz,Justin Hood,2026-05-20,European Tour Card Holder Qualifier,Q,Quarter Final,0.0,6.0,81.6,96.97
Callan Rydz,Charlie Manby,2026-05-19,Players Championship,PT,Last 128,5.0,6.0,87.09,91.31
Callan Rydz,Danny Noppert,2026-05-18,Players Championship,PT,Last 32,3.0,6.0,98.31,102.32
Kim Huybrechts,Sam Price,2026-05-19,Players Championship,PT,Last 128,6.0,4.0,96.49,91.46
Bradley Brooks,Ian White,2026-05-20,European Tour Card Holder Qualifier,Q,Semi Final,6.0,4.0,86.35,86.94
Richard Veenstra,Ritchie Edhouse,2026-06-02,Players Championship,PT,Last 64,6.0,4.0,85.76,85.37
Richard Veenstra,Cam Crabtree,2026-06-02,Players Championship,PT,Last 128,6.0,3.0,92.0,91.74
Richard Veenstra,Niels Zonneveld,2026-05-29,European Tour,ET,Last 48 (Premier),4.0,6.0,82.56,89.34
Connor Scutt,Dominik Gruellich,2026-05-20,European Tour Card Holder Qualifier,Q,Semi Final,3.0,6.0,85.66,87.56
Alan Soutar,Jeffrey Sparidaans,2026-05-12,Players Championship,PT,Last 128,6.0,1.0,93.57,86.06
Niko Springer,Shane McGuirk,2026-05-19,Players Championship,PT,Last 128,6.0,0.0,98.02,90.2
Niko Springer,Derek Coulson,2026-05-18,Players Championship,PT,Last 64,1.0,6.0,88.19,98.39
Cameron Menzies,Michael Unterbuchner,2026-05-22,European Tour,ET,Last 48 (Premier),6.0,5.0,90.57,91.74
Max Hopp,Lukas Wenig,2026-05-20,European Tour Card Holder Qualifier,Q,Final,1.0,6.0,89.82,96.69
Max Hopp,Oskar Lukasiak,2026-05-20,European Tour Card Holder Qualifier,Q,Semi Final,6.0,4.0,93.41,92.9
Beau Greaves,Danny Noppert,2026-05-19,Players Championship,PT,Last 64,4.0,6.0,91.16,93.75
Beau Greaves,Bradley Brooks,2026-05-19,Players Championship,PT,Last 128,6.0,3.0,88.77,86.4
Beau Greaves,Damon Heta,2026-05-18,Players Championship,PT,Last 64,2.0,6.0,91.57,107.48
Beau Greaves,Jeffrey de Zwaan,2026-05-18,Players Championship,PT,Last 128,6.0,4.0,88.57,82.78
Beau Greaves,Rhian O&#039;Sullivan,2026-05-17,Women&#039;s Series,0,Quarter Final,4.0,5.0,88.7,83.36
Beau Greaves,Maria O&#039;Brien,2026-05-17,Women&#039;s Series,0,Last 16,4.0,1.0,84.6,72.56
Keane Barry,Jimmy van Schie,2026-05-19,Players Championship,PT,Last 128,5.0,6.0,92.05,89.73
Keane Barry,Dirk van Duijvenbode,2026-05-18,Players Championship,PT,Last 16,4.0,6.0,100.5,100.45
Keane Barry,Sebastian Bialecki,2026-05-18,Players Championship,PT,Last 32,6.0,4.0,96.41,93.51
Lukas Wenig,Max Hopp,2026-05-20,European Tour Card Holder Qualifier,Q,Final,6.0,1.0,96.69,89.82
Mickey Mansell,Jack Tweddell,2026-06-02,Players Championship,PT,Last 64,6.0,4.0,93.04,88.24
Mickey Mansell,Martijn Dragt,2026-06-02,Players Championship,PT,Last 128,6.0,3.0,95.95,87.27
Mickey Mansell,Cristo Reyes,2026-05-20,European Tour Card Holder Qualifier,Q,Final,2.0,6.0,89.23,93.33
Ricky Evans,Gabriel Clemens,2026-05-20,European Tour Card Holder Qualifier,Q,Quarter Final,6.0,2.0,90.71,91.41
Tom Bissell,Stephen Bunting,2026-05-19,Players Championship,PT,Last 128,6.0,3.0,94.01,93.69
Ritchie Edhouse,Cristo Reyes,2026-05-13,Players Championship,PT,Last 128,3.0,6.0,88.18,84.1
Ryan Joyce,Christian Kist,2026-05-29,European Tour,ET,Last 48 (Premier),6.0,3.0,90.16,81.53
Tom Sykes,Stephen Burton,2026-05-20,European Tour Card Holder Qualifier,Q,Quarter Final,3.0,6.0,90.45,88.77
Tom Sykes,Jeffrey de Graaf,2026-05-19,Players Championship,PT,Last 64,4.0,6.0,93.19,103.39
Wesley Plaisier,Andrew Gilding,2026-05-13,Players Championship,PT,Last 128,4.0,6.0,85.45,92.04
Sebastian Bialecki,Leon Weber,2026-06-07,Development Tour,0,Last 256,4.0,1.0,96.62,79.96
Sebastian Bialecki,Leon Weber,2026-06-06,Development Tour,0,Final,5.0,2.0,88.61,77.56
Sebastian Bialecki,David Fidler,2026-06-06,Development Tour,0,Semi Final,5.0,1.0,96.19,84.13
Michael Smith,Jeffrey de Zwaan,2026-05-13,Players Championship,PT,Last 128,6.0,4.0,87.09,81.88
Michael Smith,Leon Weber,2026-05-12,Players Championship,PT,Last 128,2.0,6.0,94.62,99.39
Michael Smith,Ian White,2026-05-08,European Tour,ET,Last 48 (Premier),4.0,6.0,88.67,89.88
Gabriel Clemens,Luke Woodhouse,2026-05-18,Players Championship,PT,Last 128,6.0,3.0,99.55,92.04
Gabriel Clemens,Jonny Clayton,2026-05-13,Players Championship,PT,Quarter Final,3.0,6.0,82.86,88.61
Dave Chisnall,Gian van Veen,2026-05-31,European Tour,ET,Last 16,6.0,5.0,95.34,91.43
Dave Chisnall,Joe Cullen,2026-05-30,European Tour,ET,Last 32,6.0,4.0,92.44,93.04
Charlie Manby,Robbie Curran,2026-06-06,Development Tour,0,Last 512,4.0,0.0,93.94,77.8
Shane McGuirk,Jimmy van Schie,2026-05-20,European Tour Card Holder Qualifier,Q,Quarter Final,6.0,5.0,86.3,81.97
Shane McGuirk,Niko Springer,2026-05-19,Players Championship,PT,Last 128,0.0,6.0,90.2,98.02
Shane McGuirk,Mensur Suljović,2026-05-18,Players Championship,PT,Last 64,4.0,6.0,94.23,93.63
Maik Kuivenhoven,Stefaan Henderyck,2026-05-19,Players Championship,PT,Last 128,6.0,1.0,93.59,86.94
Darryl Pilgrim,Stephen Bunting,2026-05-13,Players Championship,PT,Last 32,2.0,6.0,89.0,93.36
Darryl Pilgrim,Jim Long,2026-05-13,Players Championship,PT,Last 64,6.0,2.0,86.61,83.29
Madars Razma,Pascal Rupprecht,2026-05-20,European Tour Card Holder Qualifier,Q,Semi Final,6.0,5.0,84.91,86.64
Madars Razma,Kai Gotthardt,2026-05-20,European Tour Card Holder Qualifier,Q,Quarter Final,6.0,2.0,94.4,90.35
Stephen Burton,Jermaine Wattimena,2026-05-18,Players Championship,PT,Last 32,2.0,6.0,88.57,96.71
Mario Vandenbogaerde,Wessel Nijman,2026-05-19,Players Championship,PT,Last 128,6.0,2.0,100.75,90.28
Mario Vandenbogaerde,Cameron Menzies,2026-05-18,Players Championship,PT,Last 128,2.0,6.0,87.2,97.88
Cam Crabtree,Ellis Mark,2026-06-06,Development Tour,0,Last 256,4.0,0.0,81.24,67.67
Cam Crabtree,Nathan Potter,2026-06-06,Development Tour,0,Final,5.0,4.0,91.87,87.72
Alexander Merkx,Jermaine Wattimena,2026-05-18,Players Championship,PT,Last 128,2.0,6.0,93.0,95.9
Jeffrey de Zwaan,Niko Springer,2026-05-19,Players Championship,PT,Last 64,5.0,6.0,93.91,93.79
Jeffrey de Zwaan,Carl Sneyd,2026-05-19,Players Championship,PT,Last 128,6.0,1.0,85.05,81.99
Adam Lipscombe,Michael van Gerwen,2026-05-12,Players Championship,PT,Last 64,4.0,6.0,88.22,89.68
Brendan Dolan,Shane McGuirk,2026-05-18,Players Championship,PT,Last 128,5.0,6.0,92.91,93.43
Jimmy van Schie,Jurjen van der Velde,2026-05-20,European Tour Card Holder Qualifier,Q,Last 16,6.0,4.0,84.35,100.2
Scott Williams,Arno Merk,2026-05-04,Players Championship,PT,Last 128,4.0,6.0,93.78,95.44
Christian Kist,Ryan Meikle,2026-05-20,European Tour Card Holder Qualifier,Q,Quarter Final,6.0,2.0,90.63,81.81
Christian Kist,Brendan Dolan,2026-05-19,Players Championship,PT,Last 128,2.0,6.0,91.61,92.54
Darius Labanauskas,Andrew Gilding,2026-05-19,Players Championship,PT,Last 16,5.0,6.0,92.8,92.93
Darius Labanauskas,Alexander Merkx,2026-05-19,Players Championship,PT,Last 32,6.0,2.0,93.94,88.31
Darius Labanauskas,Robert Owen,2026-05-19,Players Championship,PT,Last 64,6.0,1.0,95.64,85.86
Ian White,Cam Crabtree,2026-05-20,European Tour Card Holder Qualifier,Q,Quarter Final,6.0,3.0,95.64,93.0
Ian White,Josh Rock,2026-05-19,Players Championship,PT,Last 128,3.0,6.0,83.8,84.02
Chris Landman,Daryl Gurney,2026-05-19,Players Championship,PT,Last 32,6.0,4.0,88.21,87.53
Raymond van Barneveld,Tom Sykes,2026-05-04,Players Championship,PT,Last 128,2.0,6.0,85.26,91.02
Ryan Meikle,Adam Lipscombe,2026-05-18,Players Championship,PT,Last 128,6.0,5.0,92.93,88.8
Ryan Meikle,Callum Goffin,2026-05-13,Players Championship,PT,Last 32,1.0,6.0,80.63,90.44
David Sharp,Alexander Merkx,2026-05-13,Players Championship,PT,Last 128,6.0,2.0,94.19,86.95
David Sharp,Martijn Dragt,2026-05-12,Players Championship,PT,Last 128,3.0,6.0,85.63,94.35
Dennie Olde Kalter,Michael van Gerwen,2026-05-12,Players Championship,PT,Last 128,4.0,6.0,89.26,93.87
Mervyn King,Greg Ritchie,2026-05-20,European Tour Card Holder Qualifier,Q,Final,6.0,5.0,73.43,79.06
Mervyn King,Ritchie Edhouse,2026-05-20,European Tour Card Holder Qualifier,Q,Semi Final,6.0,4.0,87.34,88.1
Benjamin Pratnemer,Tommy Lishman,2026-05-18,Players Championship,PT,Last 128,1.0,6.0,99.27,94.98
Thibault Tricole,Daryl Gurney,2026-05-13,Players Championship,PT,Last 128,6.0,5.0,86.03,91.42
Cor Dekker,Jeffrey Sparidaans,2026-05-18,Players Championship,PT,Last 128,5.0,6.0,94.45,88.47
Stephen Rosney,Dennie Olde Kalter,2026-05-20,European Tour Card Holder Qualifier,Q,Quarter Final,5.0,6.0,83.62,83.69
Stephen Rosney,Charlie Manby,2026-05-19,Players Championship,PT,Last 64,5.0,6.0,88.02,88.76
Kai Gotthardt,Ross Smith,2026-05-19,Players Championship,PT,Last 32,5.0,6.0,86.11,94.76
Kai Gotthardt,Karel Sedláček,2026-05-19,Players Championship,PT,Last 64,6.0,2.0,96.15,91.82
Kai Gotthardt,Viktor Tingstrom,2026-05-19,Players Championship,PT,Last 128,6.0,1.0,98.83,82.64
Kai Gotthardt,Leon Weber,2026-05-18,Players Championship,PT,Last 128,5.0,6.0,89.18,94.56
Andy Boulton,Harry Ward,2026-05-19,Players Championship,PT,Last 64,4.0,6.0,83.95,84.41
Peter Wright,Sietse Lap,2026-05-18,Players Championship,PT,Last 128,2.0,6.0,93.25,104.81
Peter Wright,Krzysztof Ratajski,2026-05-13,Players Championship,PT,Last 128,5.0,6.0,86.59,91.65
Ricardo Pietreczko,Marvin van Velzen,2026-05-20,European Tour Card Holder Qualifier,Q,Quarter Final,5.0,6.0,85.78,90.69
Ricardo Pietreczko,Thomas Lovely,2026-05-20,European Tour Card Holder Qualifier,Q,Quarter Final,3.0,6.0,80.45,79.8
Ricardo Pietreczko,Jeffrey Sparidaans,2026-05-19,Players Championship,PT,Last 128,1.0,6.0,77.14,84.56
Tyler Thorpe,Peter Kelemen,2026-06-06,Development Tour,0,Last 256,4.0,3.0,81.81,78.66
Owen Bates,Tom Hadfield,2026-06-05,Development Tour,0,Last 128,4.0,1.0,75.33,71.83
Jurjen van der Velde,Shane Weeks,2026-06-06,Development Tour,0,Last 256,4.0,2.0,101.39,86.39
Adam Gawlas,Dillon Murphy,2026-06-07,Development Tour,0,Last 256,4.0,1.0,84.92,65.12
Adam Gawlas,Callum Lester,2026-06-07,Development Tour,0,Last 512,4.0,3.0,86.03,76.12
Adam Gawlas,Jack Howarth,2026-06-06,Development Tour,0,Last 256,3.0,4.0,76.27,73.23
Dimitri Van den Bergh,Wesley Plaisier,2026-05-19,Players Championship,PT,Last 128,6.0,1.0,90.41,87.74
Nick Kenny,Beau Greaves,2026-05-12,Players Championship,PT,Last 32,4.0,6.0,98.47,103.31
Rhys Griffin,Gian van Veen,2026-05-13,Players Championship,PT,Last 128,6.0,4.0,80.5,85.41
Adam Warner,Jurjen van der Velde,2026-05-12,Players Championship,PT,Last 128,0.0,6.0,77.51,83.5
Adam Warner,Tom Bissell,2026-05-05,Players Championship,PT,Last 32,1.0,6.0,86.38,100.11
Thomas Lovely,Nick Kenny,2026-05-19,Players Championship,PT,Last 128,2.0,6.0,74.1,88.17
Pascal Rupprecht,Andy Boulton,2026-05-13,Players Championship,PT,Last 32,5.0,6.0,84.03,81.7
Jim Long,Adam Warner,2026-05-18,Players Championship,PT,Last 128,6.0,4.0,86.45,83.34
Arno Merk,Chris Landman,2026-05-18,Players Championship,PT,Last 128,2.0,6.0,84.93,91.67
Arno Merk,Jonathan Parvaneh,2026-05-16,European Tour Home Nation Qualifier,Q,Semi Final,5.0,6.0,82.67,81.81
Sietse Lap,Stefaan Henderyck,2026-05-13,Players Championship,PT,Last 128,6.0,4.0,87.48,90.39
Dominik Gruellich,Dillon Moran,2026-06-06,Development Tour,0,Last 256,4.0,1.0,80.97,62.26
Greg Ritchie,James Wade,2026-05-13,Players Championship,PT,Last 128,1.0,6.0,92.12,102.18
Martin Lukeman,Daryl Gurney,2026-05-12,Players Championship,PT,Last 128,2.0,6.0,85.03,90.38
Jeffrey Sparidaans,Jermaine Wattimena,2026-05-18,Players Championship,PT,Last 64,4.0,6.0,85.73,93.23
Leon Weber,Lewis Price,2026-06-06,Development Tour,0,Last 256,4.0,1.0,84.72,64.52
Adam Leek,Kevin Doets,2026-05-18,Players Championship,PT,Last 32,1.0,6.0,87.03,95.52
Adam Leek,William O&#039;Connor,2026-05-18,Players Championship,PT,Last 64,6.0,5.0,93.61,100.36
Adam Leek,Christopher Wickenden,2026-05-18,Players Championship,PT,Last 128,6.0,4.0,91.14,84.48
Niall Culleton,Daryl Gurney,2026-05-18,Players Championship,PT,Last 128,3.0,6.0,88.76,95.35
Niall Culleton,Wessel Nijman,2026-05-13,Players Championship,PT,Last 64,2.0,6.0,86.67,98.28
Adam Paxton,Tyler Thorpe,2026-05-19,Players Championship,PT,Last 128,6.0,2.0,81.11,71.74
Stefan Bellmont,Callan Rydz,2026-05-18,Players Championship,PT,Last 128,3.0,6.0,87.85,93.17
Stefan Bellmont,Martijn Dragt,2026-05-13,Players Championship,PT,Last 128,3.0,6.0,83.73,87.16
Carl Sneyd,James Wade,2026-04-27,Players Championship,PT,Last 128,4.0,6.0,84.93,92.07
Marvin van Velzen,Jonny Clayton,2026-05-13,Players Championship,PT,Last 128,5.0,6.0,90.27,95.0
Yorick Hofkens,Ashley Marson,2026-06-06,Development Tour,0,Last 128,4.0,1.0,88.89,62.86
Yorick Hofkens,Barna Krekacs,2026-06-06,Development Tour,0,Last 256,4.0,2.0,92.74,87.06
Marvin Kraft,Ryan Searle,2026-05-12,Players Championship,PT,Last 128,3.0,6.0,88.51,93.89
Viktor Tingstrom,Dirk van Duijvenbode,2026-05-18,Players Championship,PT,Last 64,1.0,6.0,90.0,98.35
Viktor Tingstrom,Ritchie Edhouse,2026-05-18,Players Championship,PT,Last 128,6.0,5.0,93.13,94.63
Rusty-Jake Rodriguez,Greg Ritchie,2026-05-12,Players Championship,PT,Last 128,4.0,6.0,79.34,80.35
Tytus Kanik,Derek Coulson,2026-05-05,Players Championship,PT,Last 128,1.0,6.0,81.95,87.48
Maximilian Czerwinski,Peter Wright,2026-04-28,Players Championship,PT,Last 128,6.0,3.0,92.74,83.74
Filip Bereza,Mervyn King,2026-04-28,Players Championship,PT,Last 128,3.0,6.0,81.7,85.4
Tavis Dudeney,Luca Wolff,2026-06-05,Development Tour,0,Last 64,1.0,4.0,84.25,92.8
Charlie Manby,Ricardo Pietreczko,2026-06-03,Players Championship,PT,Last 64,1.0,6.0,91.43,86.17
Charlie Manby,Cameron Menzies,2026-06-03,Players Championship,PT,Last 128,6.0,5.0,96.75,100.34
Charlie Manby,Rob Cross,2026-06-02,Players Championship,PT,Last 16,2.0,6.0,95.56,106.21
Charlie Manby,Kim Huybrechts,2026-06-02,Players Championship,PT,Last 32,6.0,1.0,99.23,89.73
Charlie Manby,Madars Razma,2026-06-02,Players Championship,PT,Last 64,6.0,1.0,101.03,89.76
Charlie Manby,Tytus Kanik,2026-06-02,Players Championship,PT,Last 128,6.0,2.0,96.36,81.6
Charlie Manby,Ryan Searle,2026-05-23,European Tour,ET,Last 32,3.0,6.0,91.89,92.44
Charlie Manby,Niko Springer,2026-05-22,European Tour,ET,Last 48 (Premier),6.0,3.0,94.94,82.27
Charlie Manby,Keane Barry,2026-05-20,European Tour Card Holder Qualifier,Q,Final,5.0,6.0,93.4,93.73
Charlie Manby,Ian White,2026-05-20,European Tour Card Holder Qualifier,Q,Semi Final,6.0,2.0,92.12,84.85
Sebastian Bialecki,Mickey Mansell,2026-06-03,Players Championship,PT,Last 32,4.0,6.0,93.97,100.18
Sebastian Bialecki,Jimmy van Schie,2026-06-03,Players Championship,PT,Last 64,6.0,3.0,88.05,86.27
Sebastian Bialecki,Stephen Rosney,2026-06-03,Players Championship,PT,Last 128,6.0,1.0,93.84,84.42
Sebastian Bialecki,Callan Rydz,2026-06-02,Players Championship,PT,Last 64,5.0,6.0,96.66,98.0
Sebastian Bialecki,Christian Kist,2026-06-02,Players Championship,PT,Last 128,6.0,1.0,99.74,79.47
Sebastian Bialecki,Jimmy van Schie,2026-05-31,European Tour,ET,Last 16,4.0,6.0,85.34,90.5
Sebastian Bialecki,Chris Dobey,2026-05-30,European Tour,ET,Last 32,6.0,3.0,98.03,96.39
Sebastian Bialecki,James Hurrell,2026-05-29,European Tour,ET,Last 48 (Premier),6.0,3.0,100.35,86.09
Sebastian Bialecki,Tyler Thorpe,2026-05-20,European Tour Card Holder Qualifier,Q,Quarter Final,4.0,6.0,89.68,91.88
Sebastian Bialecki,Gabriel Clemens,2026-05-20,European Tour Card Holder Qualifier,Q,Last 16,6.0,5.0,103.27,103.05
Cam Crabtree,Danny Noppert,2026-06-03,Players Championship,PT,Last 128,2.0,6.0,81.85,94.0
Cam Crabtree,Richard Veenstra,2026-06-02,Players Championship,PT,Last 128,3.0,6.0,91.74,92.0
Cam Crabtree,Cristo Reyes,2026-05-20,European Tour Card Holder Qualifier,Q,Quarter Final,3.0,6.0,87.66,99.73
Cam Crabtree,Ian White,2026-05-20,European Tour Card Holder Qualifier,Q,Quarter Final,3.0,6.0,93.0,95.64
Cam Crabtree,Jonny Clayton,2026-05-19,Players Championship,PT,Last 128,2.0,6.0,99.3,101.47
Cam Crabtree,Daryl Gurney,2026-05-18,Players Championship,PT,Last 64,5.0,6.0,94.17,95.77
Cam Crabtree,David Sharp,2026-05-18,Players Championship,PT,Last 128,6.0,5.0,95.79,93.65
Cam Crabtree,Mervyn King,2026-05-13,Players Championship,PT,Last 128,4.0,6.0,90.88,89.06
Cam Crabtree,Ross Smith,2026-05-12,Players Championship,PT,Last 64,1.0,6.0,95.77,102.9
Cam Crabtree,Daniel Ayres,2026-05-12,Players Championship,PT,Last 128,6.0,4.0,90.85,87.64
Tyler Thorpe,Dave Chisnall,2026-06-03,Players Championship,PT,Last 32,3.0,6.0,95.91,95.8
Tyler Thorpe,Benjamin Pratnemer,2026-06-03,Players Championship,PT,Last 64,6.0,2.0,93.51,87.42
Tyler Thorpe,Tommy Morris,2026-06-03,Players Championship,PT,Last 128,6.0,2.0,86.69,80.62
Tyler Thorpe,Max Hopp,2026-06-02,Players Championship,PT,Last 128,5.0,6.0,88.49,91.11
Tyler Thorpe,Arno Merk,2026-05-20,European Tour Card Holder Qualifier,Q,Final,6.0,4.0,88.33,86.41
Tyler Thorpe,Christian Kist,2026-05-20,European Tour Card Holder Qualifier,Q,Semi Final,6.0,4.0,84.46,84.07
Tyler Thorpe,Sebastian Bialecki,2026-05-20,European Tour Card Holder Qualifier,Q,Quarter Final,6.0,4.0,91.88,89.68
Tyler Thorpe,Chris Landman,2026-05-20,European Tour Card Holder Qualifier,Q,Semi Final,5.0,6.0,103.22,96.11
Tyler Thorpe,Sietse Lap,2026-05-20,European Tour Card Holder Qualifier,Q,Quarter Final,6.0,2.0,92.04,86.78
Tyler Thorpe,Adam Paxton,2026-05-19,Players Championship,PT,Last 128,2.0,6.0,71.74,81.11
Owen Bates,Cristo Reyes,2026-06-03,Players Championship,PT,Last 64,2.0,6.0,84.94,93.96
Owen Bates,Ryan Joyce,2026-06-03,Players Championship,PT,Last 128,6.0,0.0,81.98,77.57
Owen Bates,Rusty-Jake Rodriguez,2026-06-02,Players Championship,PT,Last 128,5.0,6.0,88.78,87.18
Owen Bates,Richard Veenstra,2026-05-20,European Tour Card Holder Qualifier,Q,Final,6.0,2.0,96.79,94.65
Owen Bates,Rusty-Jake Rodriguez,2026-05-20,European Tour Card Holder Qualifier,Q,Semi Final,6.0,1.0,91.99,83.46
Owen Bates,Michael Smith,2026-05-20,European Tour Card Holder Qualifier,Q,Quarter Final,6.0,4.0,84.37,87.85
Owen Bates,Adam Leek,2026-05-20,European Tour Card Holder Qualifier,Q,Last 16,3.0,6.0,91.01,98.31
Owen Bates,Daryl Gurney,2026-05-19,Players Championship,PT,Last 64,3.0,6.0,93.15,97.26
Owen Bates,Jack Aldridge,2026-05-19,Players Championship,PT,Last 128,6.0,3.0,100.06,98.29
Owen Bates,Niko Springer,2026-05-18,Players Championship,PT,Last 128,5.0,6.0,93.71,96.63
Adam Gawlas,Connor Scutt,2026-06-03,Players Championship,PT,Last 128,4.0,6.0,89.96,92.76
Adam Gawlas,Robert Owen,2026-06-02,Players Championship,PT,Last 128,5.0,6.0,105.9,99.32
Adam Gawlas,Ian White,2026-05-20,European Tour Card Holder Qualifier,Q,Quarter Final,5.0,6.0,93.8,92.65
Adam Gawlas,Chris Landman,2026-05-20,European Tour Card Holder Qualifier,Q,Quarter Final,4.0,6.0,91.8,89.27
Adam Gawlas,Peter Wright,2026-05-19,Players Championship,PT,Last 128,1.0,6.0,77.27,84.07
Adam Gawlas,Jonny Clayton,2026-05-18,Players Championship,PT,Last 128,1.0,6.0,84.22,96.3
Adam Gawlas,Gabriel Clemens,2026-05-13,Players Championship,PT,Last 128,5.0,6.0,96.37,93.15
Adam Gawlas,Adam Paxton,2026-05-12,Players Championship,PT,Last 128,2.0,6.0,80.09,89.2
Adam Gawlas,Tyler Thorpe,2026-05-05,Players Championship,PT,Last 128,2.0,6.0,95.21,92.24
Adam Gawlas,Marvin van Velzen,2026-05-04,Players Championship,PT,Last 128,5.0,6.0,96.04,94.05
Jurjen van der Velde,Harry Ward,2026-06-03,Players Championship,PT,Last 128,5.0,6.0,93.05,87.72
Jurjen van der Velde,Bradley Brooks,2026-06-02,Players Championship,PT,Last 128,5.0,6.0,91.86,91.08
Jurjen van der Velde,Jimmy van Schie,2026-05-20,European Tour Card Holder Qualifier,Q,Last 16,4.0,6.0,100.2,84.35
Jurjen van der Velde,Oskar Lukasiak,2026-05-20,European Tour Card Holder Qualifier,Q,Quarter Final,3.0,6.0,88.12,88.5
Jurjen van der Velde,Marvin Kraft,2026-05-20,European Tour Card Holder Qualifier,Q,Last 16,6.0,4.0,87.18,87.24
Jurjen van der Velde,Jonny Clayton,2026-05-19,Players Championship,PT,Last 32,4.0,6.0,87.06,96.39
Jurjen van der Velde,Justin Hood,2026-05-19,Players Championship,PT,Last 64,6.0,5.0,92.7,100.54
Jurjen van der Velde,Dave Chisnall,2026-05-19,Players Championship,PT,Last 128,6.0,1.0,101.29,96.09
Jurjen van der Velde,Jeffrey de Graaf,2026-05-18,Players Championship,PT,Last 128,1.0,6.0,89.06,100.7
Jurjen van der Velde,Martin Lukeman,2026-05-13,Players Championship,PT,Last 128,5.0,6.0,84.17,77.98
Dominik Gruellich,Ross Smith,2026-06-03,Players Championship,PT,Last 64,0.0,6.0,86.45,101.33
Dominik Gruellich,Adam Paxton,2026-06-03,Players Championship,PT,Last 128,6.0,5.0,80.57,80.15
Dominik Gruellich,Martin Schindler,2026-06-02,Players Championship,PT,Last 128,4.0,6.0,91.37,95.76
Dominik Gruellich,Thomas Lovely,2026-05-20,European Tour Card Holder Qualifier,Q,Quarter Final,1.0,6.0,83.29,97.25
Dominik Gruellich,Charlie Manby,2026-05-20,European Tour Card Holder Qualifier,Q,Final,4.0,6.0,83.08,87.59
Dominik Gruellich,Connor Scutt,2026-05-20,European Tour Card Holder Qualifier,Q,Semi Final,6.0,3.0,87.56,85.66
Dominik Gruellich,Thibault Tricole,2026-05-20,European Tour Card Holder Qualifier,Q,Quarter Final,6.0,5.0,88.91,89.25
Dominik Gruellich,Ryan Joyce,2026-05-19,Players Championship,PT,Last 128,5.0,6.0,86.73,90.52
Dominik Gruellich,Jimmy van Schie,2026-05-18,Players Championship,PT,Last 128,5.0,6.0,83.15,89.12
Dominik Gruellich,Kai Gotthardt,2026-05-13,Players Championship,PT,Last 128,4.0,6.0,94.38,93.1
Leon Weber,Mickey Mansell,2026-06-03,Players Championship,PT,Last 64,4.0,6.0,79.94,78.31
Leon Weber,Thomas Lovely,2026-06-03,Players Championship,PT,Last 128,6.0,1.0,93.08,87.76
Leon Weber,Peter Wright,2026-06-02,Players Championship,PT,Last 128,4.0,6.0,83.14,87.14
Leon Weber,Thomas Lovely,2026-05-20,European Tour Card Holder Qualifier,Q,Last 16,4.0,6.0,79.09,82.82
Leon Weber,Andrew Gilding,2026-05-19,Players Championship,PT,Last 128,4.0,6.0,88.98,96.47
Leon Weber,Kevin Doets,2026-05-18,Players Championship,PT,Last 64,5.0,6.0,91.51,97.39
Leon Weber,Kai Gotthardt,2026-05-18,Players Championship,PT,Last 128,6.0,5.0,94.56,89.18
Leon Weber,Moritz Hilger,2026-05-16,European Tour Home Nation Qualifier,Q,Last 16,3.0,6.0,91.87,90.33
Leon Weber,Stefan Windeck,2026-05-16,European Tour Home Nation Qualifier,Q,Last 32,6.0,0.0,90.18,68.45
Leon Weber,Mickey Mansell,2026-05-13,Players Championship,PT,Last 128,0.0,6.0,86.76,95.94
Yorick Hofkens,Jimmy van Schie,2026-06-03,Players Championship,PT,Last 128,5.0,6.0,85.01,90.42
Yorick Hofkens,Gary Anderson,2026-06-02,Players Championship,PT,Last 64,4.0,6.0,94.47,96.34
Yorick Hofkens,Thibault Tricole,2026-06-02,Players Championship,PT,Last 128,6.0,3.0,90.1,82.12
Yorick Hofkens,Mensur Suljović,2026-05-20,European Tour Card Holder Qualifier,Q,Quarter Final,1.0,6.0,88.65,98.18
Yorick Hofkens,Robert Owen,2026-05-20,European Tour Card Holder Qualifier,Q,Quarter Final,4.0,6.0,84.9,80.37
Yorick Hofkens,Jeffrey Sparidaans,2026-05-19,Players Championship,PT,Last 32,2.0,6.0,79.17,90.89
Yorick Hofkens,Connor Scutt,2026-05-19,Players Championship,PT,Last 64,6.0,5.0,83.43,85.28
Yorick Hofkens,Nathan Potter,2026-05-19,Players Championship,PT,Last 128,6.0,5.0,85.16,79.2
Yorick Hofkens,Luke Humphries,2026-05-18,Players Championship,PT,Last 64,1.0,6.0,88.03,103.83
Yorick Hofkens,Filip Bereza,2026-05-18,Players Championship,PT,Last 128,6.0,3.0,88.39,83.27
Tavis Dudeney,Marvin van Velzen,2026-06-03,Players Championship,PT,Last 128,1.0,6.0,77.22,87.43
Tavis Dudeney,Adam Lipscombe,2026-06-02,Players Championship,PT,Last 128,3.0,6.0,73.86,83.25
Tavis Dudeney,Sebastian Bialecki,2026-05-19,Players Championship,PT,Last 64,1.0,6.0,90.3,93.75
Tavis Dudeney,Sietse Lap,2026-05-19,Players Championship,PT,Last 128,6.0,3.0,92.16,92.91
Tavis Dudeney,Ross Smith,2026-05-18,Players Championship,PT,Last 32,3.0,6.0,82.93,90.35
Tavis Dudeney,Thomas Lovely,2026-05-18,Players Championship,PT,Last 64,6.0,4.0,80.38,77.8
Tavis Dudeney,Oskar Lukasiak,2026-05-18,Players Championship,PT,Last 128,6.0,2.0,94.68,93.6
Tavis Dudeney,Kim Huybrechts,2026-05-13,Players Championship,PT,Last 64,1.0,6.0,88.19,108.81
Tavis Dudeney,Ted Evetts,2026-05-13,Players Championship,PT,Last 128,6.0,3.0,80.98,77.85
Tavis Dudeney,Jermaine Wattimena,2026-05-12,Players Championship,PT,Last 128,3.0,6.0,83.72,101.98
Luke Littler,Jonny Clayton,2026-05-07,Premier League,U,Weekly Semi Final,6.0,5.0,94.69,98.82
Luke Littler,Michael van Gerwen,2026-05-07,Premier League,U,Weekly Quarter Final,6.0,5.0,100.28,101.15
Luke Littler,Luke Humphries,2026-04-30,Premier League,U,Weekly Final,6.0,5.0,104.11,100.9
Luke Humphries,Danny Noppert,2026-05-18,Players Championship,PT,Semi Final,7.0,3.0,102.88,97.89
Luke Humphries,Wessel Nijman,2026-05-18,Players Championship,PT,Quarter Final,6.0,3.0,94.67,97.99
Luke Humphries,Christian Kist,2026-05-18,Players Championship,PT,Last 16,6.0,2.0,105.64,87.57
Luke Humphries,Justin Hood,2026-05-18,Players Championship,PT,Last 32,6.0,2.0,109.11,95.39
Gerwyn Price,Stephen Bunting,2026-04-30,Premier League,U,Weekly Quarter Final,6.0,5.0,95.98,97.02
Gerwyn Price,Gian van Veen,2026-04-23,Premier League,U,Weekly Quarter Final,4.0,6.0,93.61,95.38
Michael van Gerwen,Dirk van Duijvenbode,2026-05-12,Players Championship,PT,Final,8.0,5.0,106.57,101.86
Michael van Gerwen,Martin Schindler,2026-05-12,Players Championship,PT,Semi Final,7.0,0.0,122.34,108.78
Michael van Gerwen,Beau Greaves,2026-05-12,Players Championship,PT,Quarter Final,6.0,2.0,102.47,97.02
Michael van Gerwen,Gian van Veen,2026-05-12,Players Championship,PT,Last 16,6.0,4.0,101.92,86.36
Gian van Veen,Joe Hunt,2026-05-19,Players Championship,PT,Last 128,1.0,6.0,87.45,87.98
Gian van Veen,Andrew Gilding,2026-05-18,Players Championship,PT,Last 32,0.0,6.0,90.67,95.94
Stephen Bunting,Damon Heta,2026-05-18,Players Championship,PT,Last 16,6.0,5.0,100.43,92.1
Jonny Clayton,Raymond van Barneveld,2026-06-02,Players Championship,PT,Last 128,6.0,1.0,97.07,92.37
Jonny Clayton,Luke Humphries,2026-05-28,Premier League,U,Semi Final,9.0,10.0,95.86,96.16
Jonny Clayton,Stephen Bunting,2026-05-21,Premier League,U,Weekly Quarter Final,3.0,6.0,104.9,102.22
James Wade,Niels Zonneveld,2026-05-19,Players Championship,PT,Last 32,6.0,2.0,101.97,79.83
James Wade,Benjamin Pratnemer,2026-05-19,Players Championship,PT,Last 64,6.0,4.0,91.35,86.69
Jeffrey de Graaf,Karel Sedláček,2026-06-02,Players Championship,PT,Last 128,6.0,4.0,93.8,103.33
Madars Razma,Cor Dekker,2026-05-20,European Tour Card Holder Qualifier,Q,Quarter Final,2.0,6.0,95.5,99.26
Darius Labanauskas,Alan Soutar,2026-05-19,Players Championship,PT,Last 128,6.0,0.0,92.97,80.58
Cor Dekker,Andreas Hyllgaardhus,2026-05-17,Nordic Baltic Tour,0,Last 32,4.0,6.0,83.55,78.23
Oskar Lukasiak,Jani Haavisto,2026-05-17,Nordic Baltic Tour,0,Semi Final,4.0,6.0,84.54,88.52
Viktor Tingstrom,Jani Haavisto,2026-05-17,Nordic Baltic Tour,0,Last 16,5.0,6.0,87.38,88.83
Viktor Tingstrom,Tom Veje,2026-05-17,Nordic Baltic Tour,0,Last 32,6.0,5.0,76.73,76.81
Josh Rock,Rob Owen,2026-06-03,Players Championship,PT,Last 64,2.0,6.0,91.45,96.88
Ross Smith,William O’Connor,2026-06-03,Players Championship,PT,Final,8.0,5.0,107.01,93.49
William O&#039;Connor,Adam Warner,2026-06-02,Players Championship,PT,Last 64,6.0,1.0,90.83,87.06
William O&#039;Connor,Dennie Olde Kalter,2026-06-02,Players Championship,PT,Last 128,6.0,5.0,99.11,90.08
Karel Sedláček,Ian White,2026-05-13,Players Championship,PT,Last 64,3.0,6.0,92.02,86.23
Karel Sedláček,Raymond van Barneveld,2026-05-13,Players Championship,PT,Last 128,6.0,0.0,95.94,77.66
Richard Veenstra,William O’Connor,2026-06-03,Players Championship,PT,Semi Final,2.0,7.0,85.8,95.64
Mensur Suljović,Shane McGuirk,2026-05-18,Players Championship,PT,Last 64,6.0,4.0,93.63,94.23
Mensur Suljović,Dave Chisnall,2026-05-18,Players Championship,PT,Last 128,6.0,1.0,98.62,83.72
Dave Chisnall,Rob Owen,2026-06-03,Players Championship,PT,Last 16,6.0,5.0,86.46,92.87
Mervyn King,Mensur Suljovic,2026-06-03,Players Championship,PT,Last 64,6.0,1.0,86.85,83.28
Andy Boulton,Karel Sedlacek,2026-06-03,Players Championship,PT,Last 64,6.0,5.0,94.44,90.37
Niall Culleton,Karel Sedlacek,2026-06-03,Players Championship,PT,Last 128,2.0,6.0,77.63,85.73
Sam Price,Josh Rock,2026-05-18,Players Championship,PT,Last 128,6.0,5.0,94.48,90.97
Gary Anderson,Bradley Brooks,2026-04-28,Players Championship,PT,Last 64,6.0,0.0,96.97,85.77
Gary Anderson,Yorick Hofkens,2026-04-28,Players Championship,PT,Last 128,6.0,2.0,107.34,85.27
Gian van Veen,Max Hopp,2026-05-18,Players Championship,PT,Last 64,6.0,2.0,87.22,79.39
Chris Dobey,Dirk van Duijvenbode,2026-05-12,Players Championship,PT,Last 16,4.0,6.0,104.43,103.58
Chris Dobey,Richard Veenstra,2026-05-12,Players Championship,PT,Last 32,6.0,2.0,110.44,110.43
Chris Dobey,Owen Bates,2026-05-12,Players Championship,PT,Last 64,6.0,3.0,108.72,96.76
Chris Dobey,Benjamin Pratnemer,2026-05-12,Players Championship,PT,Last 128,6.0,2.0,89.5,83.79
Wessel Nijman,Ryan Searle,2026-05-31,European Tour,ET,Last 16,6.0,3.0,97.59,93.0
Wessel Nijman,Krzysztof Ratajski,2026-05-30,European Tour,ET,Last 32,6.0,1.0,98.46,91.9
Wessel Nijman,James Wade,2026-05-24,European Tour,ET,Last 16,5.0,6.0,98.85,95.09
Wessel Nijman,William O&#039;Connor,2026-05-23,European Tour,ET,Last 32,6.0,5.0,97.16,92.35
Josh Rock,Sam Price,2026-05-18,Players Championship,PT,Last 128,5.0,6.0,90.97,94.48
Josh Rock,Gian van Veen,2026-05-14,Premier League,U,Weekly Quarter Final,3.0,6.0,92.3,102.14
Jonny Clayton,Luke Woodhouse,2026-05-19,Players Championship,PT,Quarter Final,2.0,6.0,88.49,96.0
Dirk van Duijvenbode,Viktor Tingstrom,2026-05-18,Players Championship,PT,Last 64,6.0,1.0,98.35,90.0
Dirk van Duijvenbode,Ricardo Pietreczko,2026-05-18,Players Championship,PT,Last 128,6.0,3.0,83.2,80.18
Ross Smith,Sam Price,2026-06-02,Players Championship,PT,Last 128,6.0,1.0,91.17,85.26
Ross Smith,Niko Springer,2026-05-30,European Tour,ET,Last 32,2.0,6.0,86.68,102.21
Ross Smith,Ryan Searle,2026-05-24,European Tour,ET,Final,8.0,3.0,90.81,90.11
Ross Smith,Cameron Menzies,2026-05-24,European Tour,ET,Semi Final,7.0,0.0,97.42,89.49
Ross Smith,Michael van Gerwen,2026-05-24,European Tour,ET,Quarter Final,6.0,5.0,87.65,94.27
Ross Smith,Ricardo Pietreczko,2026-05-24,European Tour,ET,Last 16,6.0,4.0,92.5,91.78
Ross Smith,Joe Cullen,2026-05-23,European Tour,ET,Last 32,6.0,3.0,102.17,98.61
Nathan Aspinall,Andrew Gilding,2026-04-06,European Tour,ET,Quarter Final,6.0,4.0,99.18,83.45
Nathan Aspinall,Martin Schindler,2026-04-06,European Tour,ET,Last 16,6.0,2.0,95.46,83.04
Nathan Aspinall,Ricardo Pietreczko,2026-04-05,European Tour,ET,Last 32,6.0,5.0,99.5,91.31
Kevin Doets,Ryan Joyce,2026-05-19,Players Championship,PT,Last 16,6.0,2.0,107.5,90.52
Rob Cross,Ryan Searle,2026-05-24,European Tour,ET,Semi Final,6.0,7.0,100.1,98.35
Rob Cross,Ryan Joyce,2026-05-24,European Tour,ET,Quarter Final,6.0,5.0,92.26,97.37
Rob Cross,Stephen Bunting,2026-05-24,European Tour,ET,Last 16,6.0,2.0,99.46,85.95
Danny Noppert,Luke Humphries,2026-05-18,Players Championship,PT,Semi Final,3.0,7.0,97.89,102.88
Danny Noppert,Robert Owen,2026-05-18,Players Championship,PT,Quarter Final,6.0,5.0,90.18,91.62
Danny Noppert,Ryan Searle,2026-05-18,Players Championship,PT,Last 16,6.0,3.0,102.07,94.06
Danny Noppert,Callan Rydz,2026-05-18,Players Championship,PT,Last 32,6.0,3.0,102.32,98.31
Jermaine Wattimena,Stephen Bunting,2026-05-18,Players Championship,PT,Quarter Final,6.0,3.0,99.89,92.82
Jermaine Wattimena,Dimitri Van den Bergh,2026-05-18,Players Championship,PT,Last 16,6.0,2.0,85.31,78.6
Jermaine Wattimena,Stephen Burton,2026-05-18,Players Championship,PT,Last 32,6.0,2.0,96.71,88.57
Krzysztof Ratajski,Stephen Bunting,2026-05-23,European Tour,ET,Last 32,2.0,6.0,95.38,102.54
Krzysztof Ratajski,Cristo Reyes,2026-05-22,European Tour,ET,Last 48 (Premier),6.0,4.0,86.6,87.22
Krzysztof Ratajski,Tom Sykes,2026-05-19,Players Championship,PT,Last 128,1.0,6.0,87.28,104.46
Krzysztof Ratajski,Jeffrey de Graaf,2026-05-18,Players Championship,PT,Last 64,5.0,6.0,87.99,83.9
Krzysztof Ratajski,Nick Kenny,2026-05-18,Players Championship,PT,Last 128,6.0,1.0,99.63,87.36
Damon Heta,Tommy Morris,2026-05-18,Players Championship,PT,Last 32,6.0,1.0,98.49,92.08
Luke Woodhouse,Ricky Evans,2026-05-31,European Tour,ET,Semi Final,7.0,2.0,92.89,90.78
Luke Woodhouse,Jimmy van Schie,2026-05-31,European Tour,ET,Quarter Final,6.0,3.0,93.49,90.15
Luke Woodhouse,Cameron Menzies,2026-05-31,European Tour,ET,Last 16,6.0,1.0,95.54,81.54
William O&#039;Connor,Damon Heta,2026-05-31,European Tour,ET,Last 16,5.0,6.0,93.81,91.31
William O&#039;Connor,Danny Noppert,2026-05-30,European Tour,ET,Last 32,6.0,2.0,88.33,85.24
William O&#039;Connor,Cristo Reyes,2026-05-29,European Tour,ET,Last 48 (Premier),6.0,4.0,94.2,88.75
William O&#039;Connor,Wessel Nijman,2026-05-23,European Tour,ET,Last 32,5.0,6.0,92.35,97.16
William O&#039;Connor,Paul Krohne,2026-05-22,European Tour,ET,Last 48 (Premier),6.0,2.0,95.71,86.18
Andrew Gilding,James Wade,2026-05-19,Players Championship,PT,Semi Final,7.0,6.0,96.03,94.58
Andrew Gilding,Niko Springer,2026-05-19,Players Championship,PT,Quarter Final,6.0,2.0,95.68,92.72
Martin Schindler,Tom Bissell,2026-05-18,Players Championship,PT,Last 128,3.0,6.0,92.26,97.25
Martin Schindler,Nick Kenny,2026-05-13,Players Championship,PT,Last 128,5.0,6.0,96.76,95.09
Martin Schindler,Michael van Gerwen,2026-05-12,Players Championship,PT,Semi Final,0.0,7.0,108.78,122.34
Cristo Reyes,Krzysztof Ratajski,2026-05-22,European Tour,ET,Last 48 (Premier),4.0,6.0,87.22,86.6
Cristo Reyes,Mickey Mansell,2026-05-20,European Tour Card Holder Qualifier,Q,Final,6.0,2.0,93.33,89.23
Cristo Reyes,Thomas Lovely,2026-05-20,European Tour Card Holder Qualifier,Q,Semi Final,6.0,2.0,91.12,83.81
Cristo Reyes,Cam Crabtree,2026-05-20,European Tour Card Holder Qualifier,Q,Quarter Final,6.0,3.0,99.73,87.66
Justin Hood,Jurjen van der Velde,2026-05-19,Players Championship,PT,Last 64,5.0,6.0,100.54,92.7
James Hurrell,Thomas Lovely,2026-05-05,Players Championship,PT,Last 128,6.0,1.0,92.87,89.36
Mike De Decker,Luke Woodhouse,2026-05-04,Players Championship,PT,Last 32,2.0,6.0,89.93,100.03
Mike De Decker,Tommy Morris,2026-05-04,Players Championship,PT,Last 64,6.0,3.0,96.9,89.49
Callan Rydz,Connor Scutt,2026-05-18,Players Championship,PT,Last 64,6.0,3.0,97.48,94.93
Callan Rydz,Stefan Bellmont,2026-05-18,Players Championship,PT,Last 128,6.0,3.0,93.17,87.85
Callan Rydz,Justin Hood,2026-05-13,Players Championship,PT,Last 128,1.0,6.0,95.17,103.71
Callan Rydz,Mickey Mansell,2026-05-12,Players Championship,PT,Last 128,2.0,6.0,88.88,97.41
Daryl Gurney,Arno Merk,2026-05-19,Players Championship,PT,Last 128,6.0,1.0,89.87,82.16
Daryl Gurney,Dimitri Van den Bergh,2026-05-18,Players Championship,PT,Last 32,5.0,6.0,90.28,85.77
Daryl Gurney,Cam Crabtree,2026-05-18,Players Championship,PT,Last 64,6.0,5.0,95.77,94.17
Joe Cullen,Niko Springer,2026-05-19,Players Championship,PT,Last 32,3.0,6.0,90.21,87.71
Joe Cullen,Peter Wright,2026-05-19,Players Championship,PT,Last 64,6.0,0.0,92.02,85.03
Joe Cullen,Mike De Decker,2026-05-19,Players Championship,PT,Last 128,6.0,5.0,95.4,95.08
Joe Cullen,Madars Razma,2026-05-18,Players Championship,PT,Last 128,5.0,6.0,90.26,89.01
Joe Cullen,Stephen Bunting,2026-05-12,Players Championship,PT,Quarter Final,3.0,6.0,91.0,94.39
Jeffrey de Graaf,Sam Price,2026-05-20,European Tour Card Holder Qualifier,Q,Final,6.0,1.0,92.38,77.57
Jeffrey de Graaf,Brendan Dolan,2026-05-20,European Tour Card Holder Qualifier,Q,Semi Final,6.0,3.0,95.56,80.0
Jeffrey de Graaf,Adam Lipscombe,2026-05-20,European Tour Card Holder Qualifier,Q,Quarter Final,6.0,3.0,89.93,94.08
Kim Huybrechts,Maik Kuivenhoven,2026-05-18,Players Championship,PT,Last 32,5.0,6.0,94.72,85.27
Richard Veenstra,Owen Bates,2026-05-20,European Tour Card Holder Qualifier,Q,Final,2.0,6.0,94.65,96.79
Richard Veenstra,Tom Bissell,2026-05-20,European Tour Card Holder Qualifier,Q,Semi Final,6.0,1.0,95.1,81.89
Richard Veenstra,Robert Owen,2026-05-20,European Tour Card Holder Qualifier,Q,Quarter Final,6.0,4.0,99.21,92.31
Richard Veenstra,Carl Sneyd,2026-05-20,European Tour Card Holder Qualifier,Q,Semi Final,4.0,6.0,90.54,86.31
Richard Veenstra,Tom Bissell,2026-05-20,European Tour Card Holder Qualifier,Q,Quarter Final,6.0,3.0,92.87,90.65
Richard Veenstra,Andy Boulton,2026-05-19,Players Championship,PT,Last 128,2.0,6.0,93.83,94.21
Bradley Brooks,David Sharp,2026-05-20,European Tour Card Holder Qualifier,Q,Quarter Final,6.0,4.0,78.66,79.1
Connor Scutt,Jeffrey de Graaf,2026-05-20,European Tour Card Holder Qualifier,Q,Quarter Final,6.0,4.0,94.35,91.3
Connor Scutt,Yorick Hofkens,2026-05-19,Players Championship,PT,Last 64,5.0,6.0,85.28,83.43
Alan Soutar,Danny Noppert,2026-05-09,European Tour,ET,Last 32,5.0,6.0,89.19,91.29
Cameron Menzies,Stefan Bellmont,2026-05-19,Players Championship,PT,Last 128,3.0,6.0,87.11,87.83
Max Hopp,Stefaan Henderyck,2026-05-20,European Tour Card Holder Qualifier,Q,Quarter Final,6.0,5.0,99.18,85.59
Keane Barry,Stephen Rosney,2026-05-18,Players Championship,PT,Last 64,6.0,3.0,94.65,91.3
Mickey Mansell,Stefan Bellmont,2026-05-20,European Tour Card Holder Qualifier,Q,Semi Final,6.0,3.0,95.71,97.16
Mickey Mansell,Shane McGuirk,2026-05-20,European Tour Card Holder Qualifier,Q,Quarter Final,6.0,2.0,109.22,93.45
Mickey Mansell,Alexander Merkx,2026-05-20,European Tour Card Holder Qualifier,Q,Final,6.0,4.0,89.71,86.11
Mickey Mansell,Justin Hood,2026-05-20,European Tour Card Holder Qualifier,Q,Semi Final,6.0,4.0,95.51,91.61
Ricky Evans,Ross Smith,2026-05-19,Players Championship,PT,Last 128,3.0,6.0,77.47,90.71
Lukas Wenig,Niall Culleton,2026-05-20,European Tour Card Holder Qualifier,Q,Semi Final,6.0,4.0,97.22,87.12
Lukas Wenig,Martin Lukeman,2026-05-20,European Tour Card Holder Qualifier,Q,Quarter Final,6.0,3.0,91.48,81.48
Lukas Wenig,Joe Hunt,2026-05-19,Players Championship,PT,Last 64,5.0,6.0,90.0,83.86
Ryan Joyce,Rob Cross,2026-05-24,European Tour,ET,Quarter Final,5.0,6.0,97.37,92.26
Beau Greaves,Vicky Pruim,2026-05-17,Women&#039;s Series,0,Last 32,4.0,1.0,95.57,77.48
Beau Greaves,Jennifer Doyle,2026-05-17,Women&#039;s Series,0,Last 64,4.0,0.0,79.11,56.92
Ritchie Edhouse,Martin Schindler,2026-05-12,Players Championship,PT,Quarter Final,2.0,6.0,88.5,97.92
Tom Sykes,Krzysztof Ratajski,2026-05-19,Players Championship,PT,Last 128,6.0,1.0,104.46,87.28
Tom Sykes,Derek Coulson,2026-05-18,Players Championship,PT,Last 128,1.0,6.0,94.09,106.59
Wesley Plaisier,Rhys Griffin,2026-05-12,Players Championship,PT,Last 128,4.0,6.0,91.21,92.58
Wesley Plaisier,James Wade,2026-05-05,Players Championship,PT,Last 128,2.0,6.0,90.62,96.85
Tom Bissell,Tommy Morris,2026-05-18,Players Championship,PT,Last 64,5.0,6.0,91.61,87.99
Tom Bissell,Martin Schindler,2026-05-18,Players Championship,PT,Last 128,6.0,3.0,97.25,92.26
Tom Bissell,Thomas Lovely,2026-05-13,Players Championship,PT,Last 128,4.0,6.0,97.88,94.83
Shane McGuirk,Brendan Dolan,2026-05-18,Players Championship,PT,Last 128,6.0,5.0,93.43,92.91
Shane McGuirk,Joe Hunt,2026-05-13,Players Championship,PT,Last 64,2.0,6.0,90.36,93.63
Dave Chisnall,James Wade,2026-05-23,European Tour,ET,Last 32,0.0,6.0,82.53,98.02
Dave Chisnall,Liam Maendl-Lawrance,2026-05-22,European Tour,ET,Last 48 (Premier),6.0,3.0,85.87,75.95
Dave Chisnall,Mario Vandenbogaerde,2026-05-20,European Tour Card Holder Qualifier,Q,Quarter Final,5.0,6.0,88.74,91.79
Dave Chisnall,Jurjen van der Velde,2026-05-19,Players Championship,PT,Last 128,1.0,6.0,96.09,101.29
Dave Chisnall,Mensur Suljović,2026-05-18,Players Championship,PT,Last 128,1.0,6.0,83.72,98.62
Charlie Manby,Filip Bereza,2026-05-20,European Tour Card Holder Qualifier,Q,Quarter Final,6.0,2.0,98.44,87.1
Charlie Manby,Ricky Evans,2026-05-20,European Tour Card Holder Qualifier,Q,Last 16,6.0,1.0,86.95,89.16
Gabriel Clemens,Damon Heta,2026-05-13,Players Championship,PT,Last 16,6.0,4.0,94.22,86.25
Sebastian Bialecki,Shane McGuirk,2026-05-20,European Tour Card Holder Qualifier,Q,Final,6.0,2.0,94.28,89.7
Sebastian Bialecki,Arno Merk,2026-05-20,European Tour Card Holder Qualifier,Q,Semi Final,6.0,2.0,103.57,90.61
Sebastian Bialecki,Ritchie Edhouse,2026-05-20,European Tour Card Holder Qualifier,Q,Quarter Final,6.0,3.0,96.18,97.83
Maik Kuivenhoven,Robert Owen,2026-05-18,Players Championship,PT,Last 16,2.0,6.0,86.98,95.61
Darryl Pilgrim,Alan Soutar,2026-05-13,Players Championship,PT,Last 128,6.0,4.0,92.21,86.1
Madars Razma,Darryl Pilgrim,2026-05-19,Players Championship,PT,Last 128,4.0,6.0,90.37,96.93
Madars Razma,Justin Hood,2026-05-18,Players Championship,PT,Last 64,5.0,6.0,88.48,99.9
Cam Crabtree,Ricky Evans,2026-05-05,Players Championship,PT,Last 128,2.0,6.0,99.29,92.0
Mario Vandenbogaerde,Darryl Pilgrim,2026-05-12,Players Championship,PT,Last 64,2.0,6.0,91.84,100.78
Mario Vandenbogaerde,Niels Zonneveld,2026-05-12,Players Championship,PT,Last 128,6.0,5.0,93.73,102.23
Stephen Burton,Chris Landman,2026-05-18,Players Championship,PT,Last 64,6.0,3.0,94.05,93.11
Stephen Burton,Karel Sedláček,2026-05-18,Players Championship,PT,Last 128,6.0,5.0,98.3,103.18
Alexander Merkx,David Sharp,2026-05-13,Players Championship,PT,Last 128,2.0,6.0,86.95,94.19
Jeffrey de Zwaan,Beau Greaves,2026-05-18,Players Championship,PT,Last 128,4.0,6.0,82.78,88.57
Adam Lipscombe,Max Hopp,2026-05-12,Players Championship,PT,Last 128,6.0,2.0,91.77,100.97
Adam Lipscombe,Joe Cullen,2026-05-05,Players Championship,PT,Last 32,1.0,6.0,90.54,108.34
Christian Kist,Luke Humphries,2026-05-18,Players Championship,PT,Last 16,2.0,6.0,87.57,105.64
Brendan Dolan,Gabriel Clemens,2026-05-13,Players Championship,PT,Last 32,2.0,6.0,88.39,95.64
Brendan Dolan,Thomas Lovely,2026-05-13,Players Championship,PT,Last 64,6.0,2.0,95.88,86.24
Jimmy van Schie,Shane McGuirk,2026-05-20,European Tour Card Holder Qualifier,Q,Quarter Final,5.0,6.0,81.97,86.3
Jimmy van Schie,Luke Woodhouse,2026-05-19,Players Championship,PT,Last 64,4.0,6.0,90.99,95.27
Scott Williams,Wessel Nijman,2026-04-28,Players Championship,PT,Last 128,2.0,6.0,89.6,99.2
Scott Williams,Jack Tweddell,2026-04-27,Players Championship,PT,Last 128,1.0,6.0,86.35,93.97
Darius Labanauskas,Charlie Manby,2026-05-18,Players Championship,PT,Last 128,4.0,6.0,90.43,87.62
Ian White,Max Hopp,2026-05-18,Players Championship,PT,Last 128,3.0,6.0,86.2,99.86
Ian White,Andrew Gilding,2026-05-13,Players Championship,PT,Semi Final,5.0,7.0,91.12,90.75
Ian White,Callum Goffin,2026-05-13,Players Championship,PT,Quarter Final,6.0,3.0,93.87,94.69
Chris Landman,Marvin Kraft,2026-05-19,Players Championship,PT,Last 64,6.0,2.0,92.66,87.46
Ryan Meikle,Tom Sykes,2026-05-13,Players Championship,PT,Last 64,6.0,5.0,89.33,92.7
Raymond van Barneveld,Krzysztof Ratajski,2026-04-28,Players Championship,PT,Last 128,1.0,6.0,90.39,99.26
Raymond van Barneveld,Tom Sykes,2026-04-27,Players Championship,PT,Last 128,1.0,6.0,83.38,101.38
Thibault Tricole,Andrew Gilding,2026-05-12,Players Championship,PT,Last 128,4.0,6.0,90.93,95.45
Dennie Olde Kalter,Jim Long,2026-05-05,Players Championship,PT,Last 128,3.0,6.0,81.41,85.37
Mervyn King,Ryan Meikle,2026-05-20,European Tour Card Holder Qualifier,Q,Quarter Final,6.0,3.0,83.69,81.36
Mervyn King,Michael Smith,2026-05-20,European Tour Card Holder Qualifier,Q,Semi Final,2.0,6.0,86.06,92.83
Mervyn King,Darryl Pilgrim,2026-05-20,European Tour Card Holder Qualifier,Q,Quarter Final,6.0,5.0,83.19,84.58
Mervyn King,Ryan Joyce,2026-05-19,Players Championship,PT,Last 64,3.0,6.0,87.08,90.49
Benjamin Pratnemer,Shane McGuirk,2026-05-13,Players Championship,PT,Last 128,5.0,6.0,84.98,90.85
Benjamin Pratnemer,Chris Dobey,2026-05-12,Players Championship,PT,Last 128,2.0,6.0,83.79,89.5
Stephen Rosney,Rob Cross,2026-05-19,Players Championship,PT,Last 128,6.0,1.0,97.77,87.46
Cor Dekker,Jonas Masalin,2026-05-16,Nordic Baltic Tour,0,Last 32,1.0,6.0,83.22,93.4
David Sharp,Michael van Gerwen,2026-05-05,Players Championship,PT,Last 128,3.0,6.0,100.3,101.08
Tyler Thorpe,Ross Smith,2026-05-18,Players Championship,PT,Last 128,1.0,6.0,78.76,106.04
Tyler Thorpe,Dirk van Duijvenbode,2026-05-13,Players Championship,PT,Last 64,2.0,6.0,99.71,105.21
Tyler Thorpe,Nathan Potter,2026-05-13,Players Championship,PT,Last 128,6.0,5.0,92.41,92.66
Owen Bates,Madars Razma,2026-05-13,Players Championship,PT,Last 128,3.0,6.0,91.37,93.02
Owen Bates,Chris Dobey,2026-05-12,Players Championship,PT,Last 64,3.0,6.0,96.76,108.72
Kai Gotthardt,Arno Merk,2026-05-16,European Tour Home Nation Qualifier,Q,Last 16,4.0,6.0,85.63,84.91
Kai Gotthardt,Paul Goyer,2026-05-16,European Tour Home Nation Qualifier,Q,Last 32,6.0,1.0,84.07,73.39
Kai Gotthardt,Rob Cross,2026-05-13,Players Championship,PT,Last 64,4.0,6.0,98.52,98.43
Ricardo Pietreczko,Dirk van Duijvenbode,2026-05-18,Players Championship,PT,Last 128,3.0,6.0,80.18,83.2
Ricardo Pietreczko,Jim Long,2026-05-13,Players Championship,PT,Last 128,1.0,6.0,66.58,78.37
Ricardo Pietreczko,Wessel Nijman,2026-05-12,Players Championship,PT,Last 128,0.0,6.0,76.31,88.41
Andy Boulton,Richard Veenstra,2026-05-19,Players Championship,PT,Last 128,6.0,2.0,94.21,93.83
Andy Boulton,Kevin Doets,2026-05-18,Players Championship,PT,Last 128,3.0,6.0,91.18,103.94
Andy Boulton,Jonny Clayton,2026-05-13,Players Championship,PT,Last 16,5.0,6.0,90.54,97.98
Andy Boulton,Pascal Rupprecht,2026-05-13,Players Championship,PT,Last 32,6.0,5.0,81.7,84.03
Andy Boulton,William O&#039;Connor,2026-05-13,Players Championship,PT,Last 64,6.0,5.0,94.32,91.38
Peter Wright,Sebastian Bialecki,2026-05-12,Players Championship,PT,Last 128,3.0,6.0,89.56,91.75
Dimitri Van den Bergh,Jermaine Wattimena,2026-05-18,Players Championship,PT,Last 16,2.0,6.0,78.6,85.31
Adam Gawlas,Damon Heta,2026-04-28,Players Championship,PT,Last 128,4.0,6.0,89.54,88.77
Nick Kenny,Andrew Gilding,2026-05-12,Players Championship,PT,Last 64,6.0,5.0,89.37,88.86
Jurjen van der Velde,Dave Chisnall,2026-05-12,Players Championship,PT,Last 64,2.0,6.0,85.11,94.76
Rhys Griffin,Martin Schindler,2026-05-12,Players Championship,PT,Last 64,3.0,6.0,103.01,99.0
Adam Warner,Jeffrey de Zwaan,2026-05-05,Players Championship,PT,Last 64,6.0,4.0,91.93,94.84
Dominik Gruellich,Kim Huybrechts,2026-05-12,Players Championship,PT,Last 128,5.0,6.0,81.91,92.08
Dominik Gruellich,Lukas Wenig,2026-05-05,Players Championship,PT,Last 128,5.0,6.0,95.03,101.63
Thomas Lovely,Tavis Dudeney,2026-05-18,Players Championship,PT,Last 64,4.0,6.0,77.8,80.38
Arno Merk,Liam Maendl-Lawrance,2026-05-16,European Tour Home Nation Qualifier,Q,Quarter Final,6.0,4.0,91.58,86.36
Jim Long,Darryl Pilgrim,2026-05-13,Players Championship,PT,Last 64,2.0,6.0,83.29,86.61
Sietse Lap,Owen Bates,2026-05-12,Players Championship,PT,Last 128,1.0,6.0,91.01,88.42
Greg Ritchie,Keane Barry,2026-05-12,Players Championship,PT,Last 64,3.0,6.0,78.19,94.18
Martin Lukeman,Justin Hood,2026-05-05,Players Championship,PT,Last 128,5.0,6.0,80.81,85.67
Jeffrey Sparidaans,Cor Dekker,2026-05-18,Players Championship,PT,Last 128,6.0,5.0,88.47,94.45
Leon Weber,Stephen Bunting,2026-05-12,Players Championship,PT,Last 32,1.0,6.0,81.27,89.78
Leon Weber,Joe Hunt,2026-05-12,Players Championship,PT,Last 64,6.0,2.0,84.37,89.93
Adam Leek,Stephen Burton,2026-05-13,Players Championship,PT,Last 128,1.0,6.0,91.6,95.05
Niall Culleton,Christopher Wickenden,2026-05-13,Players Championship,PT,Last 128,6.0,4.0,83.91,84.5
Adam Paxton,Damon Heta,2026-05-18,Players Championship,PT,Last 128,4.0,6.0,84.7,91.36
Stefan Bellmont,Ross Smith,2026-05-12,Players Championship,PT,Last 128,2.0,6.0,78.17,83.13
Marvin van Velzen,Mervyn King,2026-05-12,Players Championship,PT,Last 128,3.0,6.0,86.68,92.3
Marvin van Velzen,Cristo Reyes,2026-05-05,Players Championship,PT,Last 64,1.0,6.0,78.18,87.03
Carl Sneyd,Niall Culleton,2026-04-15,European Tour Card Holder Qualifier,Q,Quarter Final,0.0,6.0,87.74,92.02
Stefaan Henderyck,Charlie Manby,2026-04-28,Players Championship,PT,Last 128,1.0,6.0,81.03,86.69
Oskar Lukasiak,Darius Labanauskas,2026-05-17,Nordic Baltic Tour,0,Quarter Final,6.0,5.0,79.39,82.01
Oskar Lukasiak,Jonny Pedersen,2026-05-17,Nordic Baltic Tour,0,Last 16,6.0,0.0,91.09,68.0
Oskar Lukasiak,Mio Varila,2026-05-17,Nordic Baltic Tour,0,Last 32,6.0,3.0,82.68,80.07
Marvin Kraft,Danny Noppert,2026-05-05,Players Championship,PT,Last 64,5.0,6.0,95.85,97.07
Viktor Tingstrom,Ralfs Laumanis,2026-05-17,Nordic Baltic Tour,0,Last 64,6.0,2.0,69.58,65.26
Yorick Hofkens,Damon Heta,2026-05-13,Players Championship,PT,Last 128,2.0,6.0,84.51,94.48
Rusty-Jake Rodriguez,Sebastian Angerer,2026-05-07,European Tour Home Nation Qualifier,Q,Last 32,2.0,6.0,71.14,77.11
Tytus Kanik,Adam Leek,2026-05-04,Players Championship,PT,Last 128,5.0,6.0,81.79,81.18
Filip Bereza,Rob Cross,2026-04-27,Players Championship,PT,Last 64,1.0,6.0,85.43,93.83
Tavis Dudeney,Damon Heta,2026-05-05,Players Championship,PT,Last 128,2.0,6.0,89.12,100.8
Gary Anderson,Beau Greaves,2026-04-27,Players Championship,PT,Semi Final,1.0,7.0,96.11,105.56
Gary Anderson,Wessel Nijman,2026-04-27,Players Championship,PT,Quarter Final,6.0,3.0,108.1,105.57
Gary Anderson,Alexander Merkx,2026-04-27,Players Championship,PT,Last 16,6.0,1.0,110.55,94.94
Gian van Veen,Mike De Decker,2026-05-18,Players Championship,PT,Last 128,6.0,4.0,97.62,101.2
Chris Dobey,Kim Huybrechts,2026-05-09,European Tour,ET,Last 32,5.0,6.0,99.97,98.94
Stephen Bunting,Mensur Suljović,2026-05-18,Players Championship,PT,Last 32,6.0,5.0,101.68,94.03
Wessel Nijman,Mario Vandenbogaerde,2026-05-19,Players Championship,PT,Last 128,2.0,6.0,90.28,100.75
Wessel Nijman,Luke Humphries,2026-05-18,Players Championship,PT,Quarter Final,3.0,6.0,97.99,94.67
Wessel Nijman,Andrew Gilding,2026-05-18,Players Championship,PT,Last 16,6.0,5.0,94.17,97.37
Wessel Nijman,Mickey Mansell,2026-05-18,Players Championship,PT,Last 32,6.0,2.0,99.79,86.44
Wessel Nijman,Darryl Pilgrim,2026-05-18,Players Championship,PT,Last 64,6.0,4.0,100.57,94.04
Josh Rock,Brendan Dolan,2026-05-13,Players Championship,PT,Last 128,2.0,6.0,77.33,98.9
Josh Rock,Dirk van Duijvenbode,2026-05-12,Players Championship,PT,Quarter Final,3.0,6.0,95.93,97.95
Josh Rock,Derek Coulson,2026-05-12,Players Championship,PT,Last 16,6.0,5.0,89.88,89.78
Jonny Clayton,Chris Landman,2026-05-19,Players Championship,PT,Last 16,6.0,0.0,106.09,88.33
Jonny Clayton,Jurjen van der Velde,2026-05-19,Players Championship,PT,Last 32,6.0,4.0,96.39,87.06
Jonny Clayton,Adam Paxton,2026-05-19,Players Championship,PT,Last 64,6.0,4.0,99.65,87.97
Jonny Clayton,Cam Crabtree,2026-05-19,Players Championship,PT,Last 128,6.0,2.0,101.47,99.3
Jonny Clayton,Maik Kuivenhoven,2026-05-18,Players Championship,PT,Last 64,4.0,6.0,88.25,90.79
Jonny Clayton,Adam Gawlas,2026-05-18,Players Championship,PT,Last 128,6.0,1.0,96.3,84.22
Jonny Clayton,Luke Littler,2026-05-14,Premier League,U,Weekly Quarter Final,0.0,6.0,93.07,100.2
Dirk van Duijvenbode,Andrew Gilding,2026-05-13,Players Championship,PT,Last 32,4.0,6.0,96.82,102.36
Ross Smith,Niko Springer,2026-05-19,Players Championship,PT,Last 16,3.0,6.0,88.89,92.3
Ross Smith,Kai Gotthardt,2026-05-19,Players Championship,PT,Last 32,6.0,5.0,94.76,86.11
Ross Smith,David Sharp,2026-05-19,Players Championship,PT,Last 64,6.0,1.0,99.39,105.64
Ross Smith,Ricky Evans,2026-05-19,Players Championship,PT,Last 128,6.0,3.0,90.71,77.47
Nathan Aspinall,Leon Weber,2026-03-31,Players Championship,PT,Last 32,3.0,6.0,81.58,89.42
Kevin Doets,Stefan Bellmont,2026-05-19,Players Championship,PT,Last 32,6.0,1.0,99.3,94.21
Rob Cross,Mike De Decker,2026-05-23,European Tour,ET,Last 32,6.0,2.0,99.15,90.86
Rob Cross,Dirk van Duijvenbode,2026-05-22,European Tour,ET,Last 48 (Premier),6.0,5.0,95.13,99.18
Rob Cross,Stephen Rosney,2026-05-19,Players Championship,PT,Last 128,1.0,6.0,87.46,97.77
Rob Cross,Connor Scutt,2026-05-18,Players Championship,PT,Last 128,5.0,6.0,96.94,93.52
Rob Cross,Justin Hood,2026-05-13,Players Championship,PT,Last 32,5.0,6.0,105.97,98.64
Rob Cross,Kai Gotthardt,2026-05-13,Players Championship,PT,Last 64,6.0,4.0,98.43,98.52
Danny Noppert,Charlie Manby,2026-05-18,Players Championship,PT,Last 64,6.0,3.0,105.0,103.22
Jermaine Wattimena,Jeffrey Sparidaans,2026-05-18,Players Championship,PT,Last 64,6.0,4.0,93.23,85.73
Krzysztof Ratajski,Stephen Bunting,2026-05-13,Players Championship,PT,Last 16,3.0,6.0,101.28,102.13
Krzysztof Ratajski,Martin Lukeman,2026-05-13,Players Championship,PT,Last 32,6.0,2.0,93.2,81.58
Krzysztof Ratajski,Maik Kuivenhoven,2026-05-13,Players Championship,PT,Last 64,6.0,2.0,90.24,83.2
Damon Heta,Beau Greaves,2026-05-18,Players Championship,PT,Last 64,6.0,2.0,107.48,91.57
Luke Woodhouse,Andrew Gilding,2026-05-30,European Tour,ET,Last 32,6.0,3.0,92.44,88.21
Luke Woodhouse,Kevin Doets,2026-05-23,European Tour,ET,Last 32,5.0,6.0,90.76,89.38
Luke Woodhouse,Andrew Gilding,2026-05-19,Players Championship,PT,Final,8.0,4.0,102.04,96.96
Luke Woodhouse,Harry Ward,2026-05-19,Players Championship,PT,Semi Final,7.0,3.0,99.14,92.05
Luke Woodhouse,Jonny Clayton,2026-05-19,Players Championship,PT,Quarter Final,6.0,2.0,96.0,88.49
Luke Woodhouse,Charlie Manby,2026-05-19,Players Championship,PT,Last 16,6.0,5.0,97.84,92.59
William O&#039;Connor,Luke Woodhouse,2026-05-19,Players Championship,PT,Last 32,3.0,6.0,98.8,100.52
William O&#039;Connor,Maik Kuivenhoven,2026-05-19,Players Championship,PT,Last 64,6.0,2.0,90.62,81.14
William O&#039;Connor,Mickey Mansell,2026-05-19,Players Championship,PT,Last 128,6.0,5.0,94.72,91.58
William O&#039;Connor,Adam Leek,2026-05-18,Players Championship,PT,Last 64,5.0,6.0,100.36,93.61
William O&#039;Connor,Dennie Olde Kalter,2026-05-18,Players Championship,PT,Last 128,6.0,4.0,100.29,82.33
Andrew Gilding,Darius Labanauskas,2026-05-19,Players Championship,PT,Last 16,6.0,5.0,92.93,92.8
Andrew Gilding,Jack Tweddell,2026-05-19,Players Championship,PT,Last 32,6.0,4.0,101.46,87.49
Andrew Gilding,Brendan Dolan,2026-05-19,Players Championship,PT,Last 64,6.0,4.0,97.56,83.38
Andrew Gilding,Leon Weber,2026-05-19,Players Championship,PT,Last 128,6.0,4.0,96.47,88.98
Martin Schindler,Ritchie Edhouse,2026-05-12,Players Championship,PT,Quarter Final,6.0,2.0,97.92,88.5
Martin Schindler,Wessel Nijman,2026-05-12,Players Championship,PT,Last 16,6.0,5.0,105.9,100.81
Justin Hood,Tytus Kanik,2026-05-19,Players Championship,PT,Last 128,6.0,3.0,98.38,87.31
Cristo Reyes,Charlie Manby,2026-05-20,European Tour Card Holder Qualifier,Q,Quarter Final,3.0,6.0,88.47,92.52
Cristo Reyes,David Sharp,2026-05-19,Players Championship,PT,Last 128,2.0,6.0,89.59,91.67
Cristo Reyes,Stephen Bunting,2026-05-18,Players Championship,PT,Last 64,5.0,6.0,102.75,96.94
Cristo Reyes,Bradley Brooks,2026-05-18,Players Championship,PT,Last 128,6.0,3.0,89.54,82.12
Cristo Reyes,Darius Labanauskas,2026-05-13,Players Championship,PT,Last 64,4.0,6.0,95.67,90.94
James Hurrell,Chris Dobey,2026-05-04,Players Championship,PT,Last 64,2.0,6.0,103.93,107.38
James Hurrell,Matthias Ehlers,2026-05-04,Players Championship,PT,Last 128,6.0,3.0,92.35,81.5
James Hurrell,Jurjen van der Velde,2026-04-28,Players Championship,PT,Last 128,5.0,6.0,80.09,82.26
James Hurrell,Stephen Rosney,2026-04-27,Players Championship,PT,Last 128,5.0,6.0,95.23,91.93
Karel Sedláček,Ritchie Edhouse,2026-05-12,Players Championship,PT,Last 64,5.0,6.0,94.38,90.99
Mike De Decker,Sietse Lap,2026-05-04,Players Championship,PT,Last 128,6.0,4.0,91.11,89.51
Mike De Decker,Kevin Doets,2026-04-28,Players Championship,PT,Last 16,5.0,6.0,91.54,97.3
Daryl Gurney,Niall Culleton,2026-05-18,Players Championship,PT,Last 128,6.0,3.0,95.35,88.76
Daryl Gurney,Thibault Tricole,2026-05-13,Players Championship,PT,Last 128,5.0,6.0,91.42,86.03
Daryl Gurney,Andy Boulton,2026-05-12,Players Championship,PT,Last 64,0.0,6.0,76.88,89.29
Joe Cullen,Kim Huybrechts,2026-05-12,Players Championship,PT,Last 16,6.0,2.0,89.15,88.21
Callan Rydz,Andy Boulton,2026-05-05,Players Championship,PT,Last 128,3.0,6.0,76.9,89.14
Callan Rydz,Christian Kist,2026-05-04,Players Championship,PT,Last 128,4.0,6.0,83.88,86.04
Callan Rydz,Alexander Merkx,2026-04-28,Players Championship,PT,Last 128,3.0,6.0,76.42,86.05
Kim Huybrechts,Marvin Kraft,2026-05-18,Players Championship,PT,Last 64,6.0,2.0,86.98,79.95
Kim Huybrechts,Greg Ritchie,2026-05-18,Players Championship,PT,Last 128,6.0,3.0,92.72,85.15
Kim Huybrechts,Kevin Doets,2026-05-13,Players Championship,PT,Last 32,2.0,6.0,93.17,106.97
Richard Veenstra,Mickey Mansell,2026-05-18,Players Championship,PT,Last 128,4.0,6.0,96.2,93.95
Richard Veenstra,Jack Tweddell,2026-05-13,Players Championship,PT,Last 128,5.0,6.0,92.1,90.69
Richard Veenstra,Chris Dobey,2026-05-12,Players Championship,PT,Last 32,2.0,6.0,110.43,110.44
Bradley Brooks,Beau Greaves,2026-05-19,Players Championship,PT,Last 128,3.0,6.0,86.4,88.77
Bradley Brooks,Cristo Reyes,2026-05-18,Players Championship,PT,Last 128,3.0,6.0,82.12,89.54
Bradley Brooks,Arno Merk,2026-05-13,Players Championship,PT,Last 128,1.0,6.0,86.89,94.53
Bradley Brooks,Martin Schindler,2026-05-12,Players Championship,PT,Last 128,2.0,6.0,92.52,97.09
Jeffrey de Graaf,Connor Scutt,2026-05-20,European Tour Card Holder Qualifier,Q,Quarter Final,4.0,6.0,91.3,94.35
Jeffrey de Graaf,Joe Hunt,2026-05-19,Players Championship,PT,Last 32,2.0,6.0,91.54,90.78
Jeffrey de Graaf,Tom Sykes,2026-05-19,Players Championship,PT,Last 64,6.0,4.0,103.39,93.19
Jeffrey de Graaf,Pero Ljubić,2026-05-19,Players Championship,PT,Last 128,6.0,0.0,87.55,62.79
Jeffrey de Graaf,Dirk van Duijvenbode,2026-05-18,Players Championship,PT,Last 32,4.0,6.0,96.58,99.41
Jeffrey de Graaf,Krzysztof Ratajski,2026-05-18,Players Championship,PT,Last 64,6.0,5.0,83.9,87.99
Jeffrey de Graaf,Jurjen van der Velde,2026-05-18,Players Championship,PT,Last 128,6.0,1.0,100.7,89.06
Alan Soutar,Raymond van Barneveld,2026-05-08,European Tour,ET,Last 48 (Premier),6.0,2.0,88.76,77.79
Cameron Menzies,Jimmy van Schie,2026-05-18,Players Championship,PT,Last 64,3.0,6.0,88.86,88.25
Max Hopp,Mervyn King,2026-05-19,Players Championship,PT,Last 128,5.0,6.0,87.14,89.73
Max Hopp,Gian van Veen,2026-05-18,Players Championship,PT,Last 64,2.0,6.0,79.39,87.22
Max Hopp,Ian White,2026-05-18,Players Championship,PT,Last 128,6.0,3.0,99.86,86.2
Connor Scutt,Dirk van Duijvenbode,2026-05-19,Players Championship,PT,Last 128,6.0,3.0,98.58,98.09
Connor Scutt,Callan Rydz,2026-05-18,Players Championship,PT,Last 64,3.0,6.0,94.93,97.48
Connor Scutt,Rob Cross,2026-05-18,Players Championship,PT,Last 128,6.0,5.0,93.52,96.94
Keane Barry,Mervyn King,2026-05-18,Players Championship,PT,Last 128,6.0,4.0,100.58,97.79
Ricky Evans,Stephen Bunting,2026-05-18,Players Championship,PT,Last 128,0.0,6.0,77.26,89.29
Lukas Wenig,Maximilian Czerwinski,2026-05-19,Players Championship,PT,Last 128,6.0,1.0,96.03,77.57
Lukas Wenig,Ryan Meikle,2026-05-18,Players Championship,PT,Last 64,1.0,6.0,76.58,81.9
Lukas Wenig,Niels Zonneveld,2026-05-18,Players Championship,PT,Last 128,6.0,3.0,98.47,98.27
Wesley Plaisier,James Wade,2026-05-04,Players Championship,PT,Last 128,2.0,6.0,81.78,99.56
Wesley Plaisier,Madars Razma,2026-04-28,Players Championship,PT,Last 128,4.0,6.0,88.92,91.89
Mensur Suljović,Niko Springer,2026-05-13,Players Championship,PT,Last 32,1.0,6.0,87.17,93.98
Mensur Suljović,Ryan Joyce,2026-05-13,Players Championship,PT,Last 64,6.0,0.0,90.18,78.88
Ritchie Edhouse,Keane Barry,2026-05-12,Players Championship,PT,Last 16,6.0,2.0,97.02,84.38
Ritchie Edhouse,Martijn Dragt,2026-05-12,Players Championship,PT,Last 32,6.0,5.0,86.93,85.93
Ryan Joyce,Jermaine Wattimena,2026-05-24,European Tour,ET,Last 16,6.0,5.0,96.99,96.08
Ryan Joyce,Christian Kist,2026-05-23,European Tour,ET,Last 32,6.0,2.0,89.12,87.48
Ryan Joyce,Jeffrey Sparidaans,2026-05-22,European Tour,ET,Last 48 (Premier),6.0,2.0,99.58,90.05
Beau Greaves,Gemma Hayter,2026-05-17,Women&#039;s Series,0,Quarter Final,4.0,5.0,83.03,85.38
Beau Greaves,Lisa Ashton,2026-05-17,Women&#039;s Series,0,Last 16,4.0,1.0,79.04,74.59
Mickey Mansell,Adam Warner,2026-05-20,European Tour Card Holder Qualifier,Q,Quarter Final,6.0,1.0,97.77,75.9
Mickey Mansell,William O&#039;Connor,2026-05-19,Players Championship,PT,Last 128,5.0,6.0,91.58,94.72
Mickey Mansell,Wessel Nijman,2026-05-18,Players Championship,PT,Last 32,2.0,6.0,86.44,99.79
Mickey Mansell,Nathan Potter,2026-05-18,Players Championship,PT,Last 64,6.0,2.0,93.79,83.16
Mickey Mansell,Richard Veenstra,2026-05-18,Players Championship,PT,Last 128,6.0,4.0,93.95,96.2
Tom Bissell,Nick Kenny,2026-05-12,Players Championship,PT,Last 128,2.0,6.0,77.17,86.15
Tom Sykes,Ryan Meikle,2026-05-13,Players Championship,PT,Last 64,5.0,6.0,92.7,89.33
Tom Sykes,Niels Zonneveld,2026-05-13,Players Championship,PT,Last 128,6.0,5.0,89.01,92.03
Dave Chisnall,Dennie Olde Kalter,2026-05-13,Players Championship,PT,Last 128,5.0,6.0,77.92,84.77
Dave Chisnall,Beau Greaves,2026-05-12,Players Championship,PT,Last 16,3.0,6.0,88.32,87.72
Shane McGuirk,Benjamin Pratnemer,2026-05-13,Players Championship,PT,Last 128,6.0,5.0,90.85,84.98
Shane McGuirk,Dimitri Van den Bergh,2026-05-12,Players Championship,PT,Last 128,5.0,6.0,88.88,88.19
Charlie Manby,Dominik Gruellich,2026-05-20,European Tour Card Holder Qualifier,Q,Final,6.0,4.0,87.59,83.08
Charlie Manby,Stephen Burton,2026-05-20,European Tour Card Holder Qualifier,Q,Semi Final,6.0,4.0,88.84,87.4
Charlie Manby,Cristo Reyes,2026-05-20,European Tour Card Holder Qualifier,Q,Quarter Final,6.0,3.0,92.52,88.47
Charlie Manby,Luke Woodhouse,2026-05-19,Players Championship,PT,Last 16,5.0,6.0,92.59,97.84
Gabriel Clemens,Brendan Dolan,2026-05-13,Players Championship,PT,Last 32,6.0,2.0,95.64,88.39
Sebastian Bialecki,James Wade,2026-05-19,Players Championship,PT,Quarter Final,5.0,6.0,95.31,100.55
Sebastian Bialecki,Jeffrey Sparidaans,2026-05-19,Players Championship,PT,Last 16,6.0,4.0,87.37,88.29
Maik Kuivenhoven,Kim Huybrechts,2026-05-18,Players Championship,PT,Last 32,6.0,5.0,85.27,94.72
Maik Kuivenhoven,Jonny Clayton,2026-05-18,Players Championship,PT,Last 64,6.0,4.0,90.79,88.25
Darryl Pilgrim,Dirk van Duijvenbode,2026-05-12,Players Championship,PT,Last 32,1.0,6.0,84.71,100.64
Madars Razma,Joe Cullen,2026-05-18,Players Championship,PT,Last 128,6.0,5.0,89.01,90.26
Madars Razma,Cameron Menzies,2026-05-13,Players Championship,PT,Last 64,1.0,6.0,90.0,103.69
Cam Crabtree,Luke Woodhouse,2026-05-04,Players Championship,PT,Last 128,0.0,6.0,77.3,87.55
Mario Vandenbogaerde,Tom Sykes,2026-05-05,Players Championship,PT,Last 64,3.0,6.0,86.88,87.0
Stephen Burton,Robert Owen,2026-05-13,Players Championship,PT,Last 64,2.0,6.0,88.42,91.57
Stephen Burton,Adam Leek,2026-05-13,Players Championship,PT,Last 128,6.0,1.0,95.05,91.6
Alexander Merkx,Ritchie Edhouse,2026-05-12,Players Championship,PT,Last 128,4.0,6.0,85.43,91.11
Adam Lipscombe,Steve Lennon,2026-05-05,Players Championship,PT,Last 64,6.0,5.0,89.77,90.25
Adam Lipscombe,Andrew Gilding,2026-05-05,Players Championship,PT,Last 128,6.0,4.0,90.98,96.46
Christian Kist,Jimmy van Schie,2026-05-18,Players Championship,PT,Last 32,6.0,4.0,86.29,82.85
Jeffrey de Zwaan,Michael Smith,2026-05-13,Players Championship,PT,Last 128,4.0,6.0,81.88,87.09
Jimmy van Schie,Keane Barry,2026-05-19,Players Championship,PT,Last 128,6.0,5.0,89.73,92.05
Jimmy van Schie,Christian Kist,2026-05-18,Players Championship,PT,Last 32,4.0,6.0,82.85,86.29
Brendan Dolan,Josh Rock,2026-05-13,Players Championship,PT,Last 128,6.0,2.0,98.9,77.33
Darius Labanauskas,Oskar Lukasiak,2026-05-17,Nordic Baltic Tour,0,Quarter Final,5.0,6.0,82.01,79.39
Ian White,Justin Hood,2026-05-13,Players Championship,PT,Last 16,6.0,2.0,102.22,100.03
Scott Williams,Keane Barry,2026-04-15,European Tour Card Holder Qualifier,Q,Quarter Final,4.0,6.0,88.63,91.27
Ryan Meikle,Tytus Kanik,2026-05-13,Players Championship,PT,Last 128,6.0,1.0,90.72,82.71
Ryan Meikle,Tommy Morris,2026-05-12,Players Championship,PT,Last 64,3.0,6.0,87.34,94.47
Chris Landman,Rusty-Jake Rodriguez,2026-05-19,Players Championship,PT,Last 128,6.0,1.0,91.69,85.22
Chris Landman,Stephen Burton,2026-05-18,Players Championship,PT,Last 64,3.0,6.0,93.11,94.05
Raymond van Barneveld,Cameron Menzies,2026-04-17,European Tour,ET,Last 48 (Premier),3.0,6.0,96.05,104.5
Thibault Tricole,Ryan Meikle,2026-05-05,Players Championship,PT,Last 128,4.0,6.0,90.02,93.4
Dennie Olde Kalter,Cristo Reyes,2026-05-04,Players Championship,PT,Last 128,3.0,6.0,79.69,99.51
Mervyn King,Max Hopp,2026-05-19,Players Championship,PT,Last 128,6.0,5.0,89.73,87.14
Mervyn King,Keane Barry,2026-05-18,Players Championship,PT,Last 128,4.0,6.0,97.79,100.58
Mervyn King,Jonny Clayton,2026-05-13,Players Championship,PT,Last 64,0.0,6.0,84.7,93.94
Mervyn King,Cam Crabtree,2026-05-13,Players Championship,PT,Last 128,6.0,4.0,89.06,90.88
Benjamin Pratnemer,Marvin van Velzen,2026-05-05,Players Championship,PT,Last 128,3.0,6.0,81.94,91.71
Cor Dekker,Jermaine Wattimena,2026-05-13,Players Championship,PT,Last 64,5.0,6.0,89.26,94.38
Cor Dekker,Adam Lipscombe,2026-05-13,Players Championship,PT,Last 128,6.0,3.0,84.23,77.54
Stephen Rosney,Keane Barry,2026-05-18,Players Championship,PT,Last 64,3.0,6.0,91.3,94.65
Stephen Rosney,Michael Smith,2026-05-18,Players Championship,PT,Last 128,6.0,1.0,92.1,88.53
Stephen Rosney,Mensur Suljović,2026-05-13,Players Championship,PT,Last 128,5.0,6.0,92.24,86.36
Stephen Rosney,Cameron Menzies,2026-05-12,Players Championship,PT,Last 64,2.0,6.0,85.25,96.82
David Sharp,Christian Kist,2026-05-04,Players Championship,PT,Last 64,3.0,6.0,84.83,81.26
Tyler Thorpe,Steve Lennon,2026-05-12,Players Championship,PT,Last 128,0.0,6.0,82.83,93.94
Owen Bates,Sietse Lap,2026-05-12,Players Championship,PT,Last 128,6.0,1.0,88.42,91.01
Kai Gotthardt,Dominik Gruellich,2026-05-13,Players Championship,PT,Last 128,6.0,4.0,93.1,94.38
Andy Boulton,Rusty-Jake Rodriguez,2026-05-13,Players Championship,PT,Last 128,6.0,2.0,88.42,87.66
Peter Wright,Martin Schindler,2026-05-09,European Tour,ET,Last 32,2.0,6.0,82.42,90.89
Peter Wright,Zoran Lerchbacher,2026-05-08,European Tour,ET,Last 48 (Premier),6.0,2.0,90.16,81.5
Ricardo Pietreczko,Patrik Kovacs,2026-05-08,European Tour,ET,Last 48 (Premier),4.0,6.0,83.58,81.53
Dimitri Van den Bergh,Daryl Gurney,2026-05-18,Players Championship,PT,Last 32,6.0,5.0,85.77,90.28
Nick Kenny,Tom Bissell,2026-05-12,Players Championship,PT,Last 128,6.0,2.0,86.15,77.17
Jurjen van der Velde,Adam Warner,2026-05-12,Players Championship,PT,Last 128,6.0,0.0,83.5,77.51
Adam Gawlas,Andrew Gilding,2026-04-27,Players Championship,PT,Last 128,5.0,6.0,91.42,99.47
Rhys Griffin,Wesley Plaisier,2026-05-12,Players Championship,PT,Last 128,6.0,4.0,92.58,91.21
Adam Warner,Pero Ljubić,2026-05-05,Players Championship,PT,Last 128,6.0,0.0,94.93,76.2
Adam Warner,Kim Huybrechts,2026-05-04,Players Championship,PT,Last 128,4.0,6.0,90.82,95.92
Dominik Gruellich,Derek Coulson,2026-05-04,Players Championship,PT,Last 128,5.0,6.0,96.72,93.89
Arno Merk,Kai Gotthardt,2026-05-16,European Tour Home Nation Qualifier,Q,Last 16,6.0,4.0,84.91,85.63
Jim Long,Ricardo Pietreczko,2026-05-13,Players Championship,PT,Last 128,6.0,1.0,78.37,66.58
Jim Long,Jermaine Wattimena,2026-05-12,Players Championship,PT,Last 64,2.0,6.0,88.73,93.55
Thomas Lovely,Ryan Joyce,2026-05-18,Players Championship,PT,Last 128,6.0,2.0,89.28,93.86
Thomas Lovely,Brendan Dolan,2026-05-13,Players Championship,PT,Last 64,2.0,6.0,86.24,95.88
Thomas Lovely,Tom Bissell,2026-05-13,Players Championship,PT,Last 128,6.0,4.0,94.83,97.88
Sietse Lap,Lukas Wenig,2026-05-05,Players Championship,PT,Last 64,4.0,6.0,74.55,81.43
Sietse Lap,Dave Chisnall,2026-05-05,Players Championship,PT,Last 128,6.0,3.0,89.75,85.11
Greg Ritchie,Rusty-Jake Rodriguez,2026-05-12,Players Championship,PT,Last 128,6.0,4.0,80.35,79.34
Martin Lukeman,Niko Springer,2026-05-04,Players Championship,PT,Last 128,3.0,6.0,82.27,92.85
Jeffrey Sparidaans,Ryan Joyce,2026-05-13,Players Championship,PT,Last 128,3.0,6.0,96.71,97.58
Leon Weber,Michael Smith,2026-05-12,Players Championship,PT,Last 128,6.0,2.0,99.39,94.62
Adam Leek,Cameron Menzies,2026-05-12,Players Championship,PT,Last 128,3.0,6.0,86.13,99.48
Niall Culleton,Dirk van Duijvenbode,2026-05-12,Players Championship,PT,Last 64,2.0,6.0,83.47,92.86
Niall Culleton,Kai Gotthardt,2026-05-12,Players Championship,PT,Last 128,6.0,3.0,90.91,88.27
Adam Paxton,Christian Kist,2026-05-13,Players Championship,PT,Last 128,3.0,6.0,78.53,80.08
Adam Paxton,Stephen Bunting,2026-05-12,Players Championship,PT,Last 64,1.0,6.0,86.27,98.97
Stefan Bellmont,Krzysztof Ratajski,2026-05-05,Players Championship,PT,Last 128,1.0,6.0,78.19,93.0
Carl Sneyd,Christian Kist,2026-04-15,European Tour Card Holder Qualifier,Q,Quarter Final,4.0,6.0,87.44,87.6
Sam Price,Connor Scutt,2026-05-13,Players Championship,PT,Last 128,3.0,6.0,94.87,96.83
Marvin van Velzen,Benjamin Pratnemer,2026-05-05,Players Championship,PT,Last 128,6.0,3.0,91.71,81.94
Marvin van Velzen,Maik Kuivenhoven,2026-05-04,Players Championship,PT,Last 16,4.0,6.0,85.96,85.56
Stefaan Henderyck,Mike De Decker,2026-04-27,Players Championship,PT,Last 128,1.0,6.0,90.38,101.67
Oskar Lukasiak,Jonas Sorensen,2026-05-17,Nordic Baltic Tour,0,Last 64,6.0,1.0,91.51,78.8
Marvin Kraft,Yorick Hofkens,2026-05-05,Players Championship,PT,Last 128,6.0,5.0,85.79,88.59
Viktor Tingstrom,Jonas Graversen,2026-05-16,Nordic Baltic Tour,0,Quarter Final,4.0,6.0,81.75,84.55
Viktor Tingstrom,Johan Engstrom,2026-05-16,Nordic Baltic Tour,0,Last 16,6.0,4.0,81.44,85.41
Yorick Hofkens,Andy Boulton,2026-05-12,Players Championship,PT,Last 128,1.0,6.0,82.76,92.04
Yorick Hofkens,Marvin Kraft,2026-05-05,Players Championship,PT,Last 128,5.0,6.0,88.59,85.79
Tytus Kanik,Sebastian Bialecki,2026-04-28,Players Championship,PT,Last 128,3.0,6.0,94.17,101.98
Rusty-Jake Rodriguez,Jurjen van der Velde,2026-05-05,Players Championship,PT,Last 128,4.0,6.0,92.14,91.54
Rusty-Jake Rodriguez,Cor Dekker,2026-05-04,Players Championship,PT,Last 128,5.0,6.0,87.16,92.28
Filip Bereza,Joe Cullen,2026-04-27,Players Championship,PT,Last 128,6.0,4.0,82.88,88.22
Tavis Dudeney,Danny Noppert,2026-05-04,Players Championship,PT,Last 128,0.0,6.0,68.42,86.71
Gian van Veen,Gerwyn Price,2026-05-14,Premier League,U,Weekly Semi Final,4.0,6.0,98.07,96.38
Wessel Nijman,Daniel Ayres,2026-05-18,Players Championship,PT,Last 128,6.0,3.0,100.81,96.07
Wessel Nijman,Darius Labanauskas,2026-05-13,Players Championship,PT,Last 32,5.0,6.0,96.17,93.68
Kevin Doets,Nick Kenny,2026-05-19,Players Championship,PT,Last 64,6.0,3.0,92.03,85.98
Kevin Doets,Niall Culleton,2026-05-19,Players Championship,PT,Last 128,6.0,2.0,110.21,88.0
James Wade,Scott Williams,2026-05-19,Players Championship,PT,Last 128,6.0,1.0,98.05,80.83
Ryan Searle,Derek Coulson,2026-05-18,Players Championship,PT,Last 32,6.0,1.0,103.12,101.32
Damon Heta,Adam Paxton,2026-05-18,Players Championship,PT,Last 128,6.0,4.0,91.36,84.7
Damon Heta,Gabriel Clemens,2026-05-13,Players Championship,PT,Last 16,4.0,6.0,86.25,94.22
Damon Heta,Cameron Menzies,2026-05-13,Players Championship,PT,Last 32,6.0,3.0,93.74,86.08
Luke Woodhouse,William O&#039;Connor,2026-05-19,Players Championship,PT,Last 32,6.0,3.0,100.52,98.8
Luke Woodhouse,Jimmy van Schie,2026-05-19,Players Championship,PT,Last 64,6.0,4.0,95.27,90.99
Luke Woodhouse,Greg Ritchie,2026-05-19,Players Championship,PT,Last 128,6.0,2.0,98.2,85.1
Luke Woodhouse,Gabriel Clemens,2026-05-18,Players Championship,PT,Last 128,3.0,6.0,92.04,99.55
William O&#039;Connor,Andy Boulton,2026-05-13,Players Championship,PT,Last 64,5.0,6.0,91.38,94.32
Justin Hood,Luke Humphries,2026-05-18,Players Championship,PT,Last 32,2.0,6.0,95.39,109.11
Niko Springer,Owen Bates,2026-05-18,Players Championship,PT,Last 128,6.0,5.0,96.63,93.71
Cameron Menzies,Mario Vandenbogaerde,2026-05-18,Players Championship,PT,Last 128,6.0,2.0,97.88,87.2
Ricky Evans,William O&#039;Connor,2026-05-12,Players Championship,PT,Last 128,3.0,6.0,94.86,95.65
Ricky Evans,Oliver Mitchell,2026-05-05,Players Championship,PT,Last 64,4.0,6.0,80.57,87.75
Ricky Evans,Cam Crabtree,2026-05-05,Players Championship,PT,Last 128,6.0,2.0,92.0,99.29
Ryan Joyce,Kevin Doets,2026-05-19,Players Championship,PT,Last 16,2.0,6.0,90.52,107.5
Ryan Joyce,Josh Rock,2026-05-19,Players Championship,PT,Last 32,6.0,3.0,95.33,91.36
Ryan Joyce,Mervyn King,2026-05-19,Players Championship,PT,Last 64,6.0,3.0,90.49,87.08
Ryan Joyce,Dominik Gruellich,2026-05-19,Players Championship,PT,Last 128,6.0,5.0,90.52,86.73
Dave Chisnall,Jonny Clayton,2026-05-12,Players Championship,PT,Last 32,6.0,5.0,100.48,99.2
Dave Chisnall,Jurjen van der Velde,2026-05-12,Players Championship,PT,Last 64,6.0,2.0,94.76,85.11
Sebastian Bialecki,Dimitri Van den Bergh,2026-05-19,Players Championship,PT,Last 32,6.0,1.0,98.79,94.74
Jimmy van Schie,Cameron Menzies,2026-05-18,Players Championship,PT,Last 64,6.0,3.0,88.25,88.86
Jimmy van Schie,Dominik Gruellich,2026-05-18,Players Championship,PT,Last 128,6.0,5.0,89.12,83.15
Gian van Veen,Josh Rock,2026-05-14,Premier League,U,Weekly Quarter Final,6.0,3.0,102.14,92.3
Chris Dobey,Tom Bissell,2026-05-05,Players Championship,PT,Last 64,5.0,6.0,94.29,94.83
Stephen Bunting,Cristo Reyes,2026-05-18,Players Championship,PT,Last 64,6.0,5.0,96.94,102.75
Wessel Nijman,Niall Culleton,2026-05-13,Players Championship,PT,Last 64,6.0,2.0,98.28,86.67
Dirk van Duijvenbode,Tyler Thorpe,2026-05-13,Players Championship,PT,Last 64,6.0,2.0,105.21,99.71
Dirk van Duijvenbode,Tommy Morris,2026-05-13,Players Championship,PT,Last 128,6.0,3.0,95.39,85.02
Ross Smith,Kevin Doets,2026-05-18,Players Championship,PT,Last 16,2.0,6.0,88.96,106.55
Nathan Aspinall,Adam Gawlas,2026-03-31,Players Championship,PT,Last 64,6.0,3.0,93.78,81.13
Kevin Doets,Jermaine Wattimena,2026-05-18,Players Championship,PT,Semi Final,2.0,7.0,102.65,111.05
Kevin Doets,Dirk van Duijvenbode,2026-05-18,Players Championship,PT,Quarter Final,6.0,4.0,107.53,99.11
James Wade,Dimitri Van den Bergh,2026-05-18,Players Championship,PT,Last 128,5.0,6.0,92.18,90.95
Rob Cross,Jeffrey de Graaf,2026-05-13,Players Championship,PT,Last 128,6.0,3.0,100.02,92.54
Ryan Searle,Pascal Rupprecht,2026-05-18,Players Championship,PT,Last 64,6.0,4.0,95.44,91.23
Danny Noppert,Stefaan Henderyck,2026-05-18,Players Championship,PT,Last 128,6.0,3.0,100.06,95.86
Jermaine Wattimena,Alexander Merkx,2026-05-18,Players Championship,PT,Last 128,6.0,2.0,95.9,93.0
Damon Heta,Charlie Manby,2026-05-13,Players Championship,PT,Last 64,6.0,4.0,95.94,92.24
Krzysztof Ratajski,Peter Wright,2026-05-13,Players Championship,PT,Last 128,6.0,5.0,91.65,86.59
Krzysztof Ratajski,Ian White,2026-05-12,Players Championship,PT,Last 128,4.0,6.0,92.21,93.97
Luke Woodhouse,Ian White,2026-05-13,Players Championship,PT,Last 32,4.0,6.0,83.98,84.07
Andrew Gilding,Wessel Nijman,2026-05-18,Players Championship,PT,Last 16,5.0,6.0,97.37,94.17
Andrew Gilding,Gian van Veen,2026-05-18,Players Championship,PT,Last 32,6.0,0.0,95.94,90.67
William O&#039;Connor,Chris Landman,2026-05-13,Players Championship,PT,Last 128,6.0,4.0,91.01,81.64
William O&#039;Connor,Mickey Mansell,2026-05-12,Players Championship,PT,Last 64,3.0,6.0,91.6,98.04
Martin Schindler,Darius Labanauskas,2026-05-12,Players Championship,PT,Last 32,6.0,2.0,113.79,98.16
Niels Zonneveld,Ross Smith,2026-05-09,European Tour,ET,Last 32,3.0,6.0,96.57,102.02
Niels Zonneveld,James Hurrell,2026-05-08,European Tour,ET,Last 48 (Premier),6.0,5.0,93.7,94.08
Cristo Reyes,Ritchie Edhouse,2026-05-13,Players Championship,PT,Last 128,6.0,3.0,84.1,88.18
Justin Hood,Madars Razma,2026-05-18,Players Championship,PT,Last 64,6.0,5.0,99.9,88.48
Justin Hood,Tytus Kanik,2026-05-18,Players Championship,PT,Last 128,6.0,2.0,96.1,81.87
James Hurrell,Robert Owen,2026-04-15,European Tour Card Holder Qualifier,Q,Quarter Final,4.0,6.0,95.54,98.7
Karel Sedláček,Stefaan Henderyck,2026-05-12,Players Championship,PT,Last 128,6.0,2.0,99.45,87.87
Karel Sedláček,Kim Huybrechts,2026-05-08,European Tour,ET,Last 48 (Premier),3.0,6.0,92.07,94.09
Mike De Decker,Stephen Bunting,2026-04-28,Players Championship,PT,Last 32,6.0,3.0,94.27,95.82
Daryl Gurney,Martin Lukeman,2026-05-12,Players Championship,PT,Last 128,6.0,2.0,90.38,85.03
Joe Cullen,Niko Springer,2026-05-12,Players Championship,PT,Last 32,6.0,1.0,107.11,97.3
Joe Cullen,Alan Soutar,2026-05-12,Players Championship,PT,Last 64,6.0,4.0,98.38,91.66
Richard Veenstra,Maik Kuivenhoven,2026-05-12,Players Championship,PT,Last 64,6.0,1.0,95.75,88.56
Alan Soutar,Mickey Mansell,2026-05-05,Players Championship,PT,Last 128,5.0,6.0,87.9,96.2
Niko Springer,Jonny Clayton,2026-05-13,Players Championship,PT,Semi Final,6.0,7.0,93.53,94.25
Niko Springer,Stephen Bunting,2026-05-13,Players Championship,PT,Quarter Final,6.0,2.0,95.42,84.54
Max Hopp,Sebastian Bialecki,2026-05-13,Players Championship,PT,Last 128,4.0,6.0,87.56,86.71
Cameron Menzies,Damon Heta,2026-05-13,Players Championship,PT,Last 32,3.0,6.0,86.08,93.74
Cameron Menzies,Madars Razma,2026-05-13,Players Championship,PT,Last 64,6.0,1.0,103.69,90.0
Lukas Wenig,Wessel Nijman,2026-05-13,Players Championship,PT,Last 128,2.0,6.0,102.91,103.76
Ryan Joyce,Thomas Lovely,2026-05-18,Players Championship,PT,Last 128,2.0,6.0,93.86,89.28
Ryan Joyce,Mensur Suljović,2026-05-13,Players Championship,PT,Last 64,0.0,6.0,78.88,90.18
Ricky Evans,Jermaine Wattimena,2026-05-04,Players Championship,PT,Last 128,4.0,6.0,100.62,96.79
Ricky Evans,Danny Noppert,2026-04-28,Players Championship,PT,Last 128,3.0,6.0,93.38,102.21
Dave Chisnall,Levy Frauenfelder,2026-05-12,Players Championship,PT,Last 128,6.0,5.0,93.0,85.97
Sebastian Bialecki,Tavis Dudeney,2026-05-19,Players Championship,PT,Last 64,6.0,1.0,93.75,90.3
Sebastian Bialecki,Ryan Meikle,2026-05-19,Players Championship,PT,Last 128,6.0,3.0,92.52,84.48
Christian Kist,Sam Price,2026-05-18,Players Championship,PT,Last 64,6.0,3.0,92.3,84.93
Jeffrey de Zwaan,Tommy Lishman,2026-05-12,Players Championship,PT,Last 128,1.0,6.0,86.11,95.86
Jimmy van Schie,Kim Huybrechts,2026-05-13,Players Championship,PT,Last 128,0.0,6.0,95.5,106.09
Jimmy van Schie,Richard Veenstra,2026-05-12,Players Championship,PT,Last 128,2.0,6.0,91.76,96.95
Ian White,Luke Woodhouse,2026-05-13,Players Championship,PT,Last 32,6.0,4.0,84.07,83.98
Dimitri Van den Bergh,Tommy Lishman,2026-05-18,Players Championship,PT,Last 64,6.0,5.0,91.46,91.28
Dimitri Van den Bergh,James Wade,2026-05-18,Players Championship,PT,Last 128,6.0,5.0,90.95,92.18
Luke Littler,Gerwyn Price,2026-04-30,Premier League,U,Weekly Semi Final,6.0,1.0,98.34,94.18
Luke Littler,Josh Rock,2026-04-30,Premier League,U,Weekly Quarter Final,6.0,3.0,105.86,89.43
Luke Humphries,Yorick Hofkens,2026-05-18,Players Championship,PT,Last 64,6.0,1.0,103.83,88.03
Luke Humphries,Rhys Griffin,2026-05-18,Players Championship,PT,Last 128,6.0,3.0,112.18,90.47
Gerwyn Price,Ross Smith,2026-04-19,European Tour,ET,Final,8.0,6.0,95.7,96.25
Jonny Clayton,Andrew Gilding,2026-05-13,Players Championship,PT,Final,3.0,8.0,95.24,99.78
Michael van Gerwen,Ross Smith,2026-05-12,Players Championship,PT,Last 32,6.0,4.0,96.97,90.21
Michael van Gerwen,Adam Lipscombe,2026-05-12,Players Championship,PT,Last 64,6.0,4.0,89.68,88.22
Gian van Veen,Rhys Griffin,2026-05-13,Players Championship,PT,Last 128,4.0,6.0,85.41,80.5
Gian van Veen,Michael van Gerwen,2026-05-12,Players Championship,PT,Last 16,4.0,6.0,86.36,101.92
Stephen Bunting,Ricky Evans,2026-05-18,Players Championship,PT,Last 128,6.0,0.0,89.29,77.26
Wessel Nijman,Lukas Wenig,2026-05-13,Players Championship,PT,Last 128,6.0,2.0,103.76,102.91
Ross Smith,Tavis Dudeney,2026-05-18,Players Championship,PT,Last 32,6.0,3.0,90.35,82.93
Ross Smith,Jim Long,2026-05-18,Players Championship,PT,Last 64,6.0,1.0,90.18,83.14
Ross Smith,Tyler Thorpe,2026-05-18,Players Championship,PT,Last 128,6.0,1.0,106.04,78.76
Ross Smith,Robert Owen,2026-05-13,Players Championship,PT,Last 128,5.0,6.0,95.04,92.4
Kevin Doets,Ross Smith,2026-05-18,Players Championship,PT,Last 16,6.0,2.0,106.55,88.96
James Wade,Justin Hood,2026-05-13,Players Championship,PT,Last 64,3.0,6.0,95.33,103.63
James Wade,Greg Ritchie,2026-05-13,Players Championship,PT,Last 128,6.0,1.0,102.18,92.12
Ryan Searle,Pero Ljubić,2026-05-18,Players Championship,PT,Last 128,6.0,0.0,107.36,57.78
Ryan Searle,Callum Goffin,2026-05-13,Players Championship,PT,Last 128,4.0,6.0,92.73,94.09
Ryan Searle,Darius Labanauskas,2026-05-12,Players Championship,PT,Last 64,5.0,6.0,99.41,103.29
Ryan Searle,Marvin Kraft,2026-05-12,Players Championship,PT,Last 128,6.0,3.0,93.89,88.51
Rob Cross,Ryan Meikle,2026-05-12,Players Championship,PT,Last 128,4.0,6.0,89.32,92.92
Rob Cross,Kevin Doets,2026-05-10,European Tour,ET,Semi Final,3.0,7.0,96.9,96.2
Rob Cross,Andrew Gilding,2026-05-10,European Tour,ET,Quarter Final,6.0,1.0,93.92,88.57
Jermaine Wattimena,Andrew Gilding,2026-05-13,Players Championship,PT,Last 16,0.0,6.0,81.45,93.94
Damon Heta,Yorick Hofkens,2026-05-13,Players Championship,PT,Last 128,6.0,2.0,94.48,84.51
Martin Schindler,Rhys Griffin,2026-05-12,Players Championship,PT,Last 64,6.0,3.0,99.0,103.01
Kim Huybrechts,Tavis Dudeney,2026-05-13,Players Championship,PT,Last 64,6.0,1.0,108.81,88.19
Cameron Menzies,Dimitri Van den Bergh,2026-05-13,Players Championship,PT,Last 128,6.0,2.0,96.24,84.1
Cameron Menzies,Keane Barry,2026-05-12,Players Championship,PT,Last 32,2.0,6.0,99.33,100.13
Cameron Menzies,Stephen Rosney,2026-05-12,Players Championship,PT,Last 64,6.0,2.0,96.82,85.25
Ryan Joyce,Jeffrey Sparidaans,2026-05-13,Players Championship,PT,Last 128,6.0,3.0,97.58,96.71
Ryan Joyce,Derek Coulson,2026-05-12,Players Championship,PT,Last 64,4.0,6.0,92.98,97.52
Ricardo Pietreczko,Kai Gotthardt,2026-05-04,Players Championship,PT,Last 128,4.0,6.0,80.46,87.0
Michael van Gerwen,Dennie Olde Kalter,2026-05-12,Players Championship,PT,Last 128,6.0,4.0,93.87,89.26
Gian van Veen,Mickey Mansell,2026-05-12,Players Championship,PT,Last 32,6.0,3.0,93.17,91.62
Chris Dobey,Danny Trueman,2026-05-05,Players Championship,PT,Last 128,6.0,0.0,106.09,86.65
Stephen Bunting,Luke Humphries,2026-05-14,Premier League,U,Weekly Quarter Final,0.0,6.0,92.46,107.36
Wessel Nijman,Martin Schindler,2026-05-12,Players Championship,PT,Last 16,5.0,6.0,100.81,105.9
Josh Rock,Tommy Morris,2026-05-12,Players Championship,PT,Last 32,6.0,2.0,94.3,90.55
Dirk van Duijvenbode,Michael van Gerwen,2026-05-12,Players Championship,PT,Final,5.0,8.0,101.86,106.57
Ross Smith,Michael van Gerwen,2026-05-12,Players Championship,PT,Last 32,4.0,6.0,90.21,96.97
Kevin Doets,Adam Leek,2026-05-18,Players Championship,PT,Last 32,6.0,1.0,95.52,87.03
Kevin Doets,Leon Weber,2026-05-18,Players Championship,PT,Last 64,6.0,5.0,97.39,91.51
James Wade,Cristo Reyes,2026-05-12,Players Championship,PT,Last 128,3.0,6.0,98.28,105.74
Ryan Searle,Kevin Doets,2026-05-09,European Tour,ET,Last 32,2.0,6.0,88.95,91.55
Danny Noppert,Cristo Reyes,2026-05-10,European Tour,ET,Last 16,3.0,6.0,90.51,92.24
Rob Cross,Michael van Gerwen,2026-05-10,European Tour,ET,Last 16,6.0,4.0,93.38,94.02
Rob Cross,William O&#039;Connor,2026-05-09,European Tour,ET,Last 32,6.0,3.0,97.49,99.73
Jermaine Wattimena,Martijn Dragt,2026-05-13,Players Championship,PT,Last 32,6.0,1.0,96.31,90.49
Damon Heta,Beau Greaves,2026-05-12,Players Championship,PT,Last 128,2.0,6.0,82.11,91.02
Krzysztof Ratajski,Michael van Gerwen,2026-05-09,European Tour,ET,Last 32,3.0,6.0,99.07,103.41
Krzysztof Ratajski,Aaron Hardy,2026-05-08,European Tour,ET,Last 48 (Premier),6.0,3.0,91.31,81.99
Luke Woodhouse,Daniel Ayres,2026-05-13,Players Championship,PT,Last 64,6.0,2.0,99.26,88.76
Martin Schindler,Bradley Brooks,2026-05-12,Players Championship,PT,Last 128,6.0,2.0,97.09,92.52
William O&#039;Connor,Ricky Evans,2026-05-12,Players Championship,PT,Last 128,6.0,3.0,95.65,94.86
William O&#039;Connor,Rob Cross,2026-05-09,European Tour,ET,Last 32,3.0,6.0,99.73,97.49
Andrew Gilding,Sietse Lap,2026-05-18,Players Championship,PT,Last 64,6.0,4.0,91.81,89.19
Niels Zonneveld,Oliver Mitchell,2026-05-05,Players Championship,PT,Last 128,4.0,6.0,85.45,94.95
Niels Zonneveld,Mensur Suljović,2026-05-04,Players Championship,PT,Last 64,5.0,6.0,92.38,90.53
Cristo Reyes,Mervyn King,2026-05-12,Players Championship,PT,Last 64,5.0,6.0,92.74,94.22
Karel Sedláček,Tom Sykes,2026-05-05,Players Championship,PT,Last 128,1.0,6.0,92.91,97.13
Karel Sedláček,Derek Coulson,2026-05-04,Players Championship,PT,Last 64,1.0,6.0,92.06,87.8
Mike De Decker,Mario Vandenbogaerde,2026-04-28,Players Championship,PT,Last 64,6.0,1.0,95.01,94.74
Daryl Gurney,Josh Rock,2026-05-10,European Tour,ET,Semi Final,3.0,7.0,85.97,100.15
Joe Cullen,Lukas Wenig,2026-05-12,Players Championship,PT,Last 128,6.0,0.0,92.02,83.44
Joe Cullen,Robert Owen,2026-05-08,European Tour,ET,Last 48 (Premier),5.0,6.0,91.25,93.57
Niko Springer,Kevin Doets,2026-05-13,Players Championship,PT,Last 16,6.0,2.0,97.68,84.7
Bradley Brooks,Gary Anderson,2026-04-28,Players Championship,PT,Last 64,0.0,6.0,85.77,96.97
Bradley Brooks,Connor Scutt,2026-04-28,Players Championship,PT,Last 128,6.0,5.0,83.92,86.0
Kim Huybrechts,Jimmy van Schie,2026-05-13,Players Championship,PT,Last 128,6.0,0.0,106.09,95.5
Kim Huybrechts,Joe Cullen,2026-05-12,Players Championship,PT,Last 16,2.0,6.0,88.21,89.15
Cameron Menzies,Adam Leek,2026-05-12,Players Championship,PT,Last 128,6.0,3.0,99.48,86.13
Cameron Menzies,Mensur Suljović,2026-05-08,European Tour,ET,Last 48 (Premier),2.0,6.0,90.21,94.19
Connor Scutt,Robert Owen,2026-05-13,Players Championship,PT,Last 32,5.0,6.0,93.79,94.27
Connor Scutt,Jack Tweddell,2026-05-13,Players Championship,PT,Last 64,6.0,3.0,96.81,85.86
Keane Barry,Daniel Ayres,2026-05-13,Players Championship,PT,Last 128,3.0,6.0,80.52,86.57
Tom Bissell,Max Hopp,2026-05-05,Players Championship,PT,Semi Final,3.0,7.0,89.55,89.83
Ryan Joyce,Filip Bereza,2026-05-12,Players Championship,PT,Last 128,6.0,1.0,100.64,83.73
Ryan Joyce,Kevin Doets,2026-05-10,European Tour,ET,Last 16,2.0,6.0,81.67,94.66
Dave Chisnall,Cristo Reyes,2026-05-08,European Tour,ET,Last 48 (Premier),3.0,6.0,86.88,85.01
Dave Chisnall,Sietse Lap,2026-05-05,Players Championship,PT,Last 128,3.0,6.0,85.11,89.75
Charlie Manby,Danny Noppert,2026-05-19,Players Championship,PT,Last 32,6.0,4.0,91.03,86.98
Charlie Manby,Stephen Rosney,2026-05-19,Players Championship,PT,Last 64,6.0,5.0,88.76,88.02
Maik Kuivenhoven,Maximilian Czerwinski,2026-05-18,Players Championship,PT,Last 128,6.0,3.0,87.06,83.88
Madars Razma,Owen Bates,2026-05-13,Players Championship,PT,Last 128,6.0,3.0,93.02,91.37
Madars Razma,Niko Springer,2026-05-12,Players Championship,PT,Last 64,5.0,6.0,95.2,91.47
Christian Kist,Thibault Tricole,2026-05-18,Players Championship,PT,Last 128,6.0,5.0,89.61,87.41
Chris Landman,Arno Merk,2026-05-18,Players Championship,PT,Last 128,6.0,2.0,91.67,84.93
Ricardo Pietreczko,Ryan Searle,2026-04-28,Players Championship,PT,Last 128,4.0,6.0,84.66,95.73
Ricardo Pietreczko,Jermaine Wattimena,2026-04-27,Players Championship,PT,Last 64,1.0,6.0,86.49,95.42
Jeffrey Sparidaans,Alan Soutar,2026-05-12,Players Championship,PT,Last 128,1.0,6.0,86.06,93.57
Luke Littler,Jonny Clayton,2026-04-23,Premier League,U,Weekly Final,6.0,1.0,104.54,99.16
Luke Littler,Michael van Gerwen,2026-04-23,Premier League,U,Weekly Semi Final,6.0,5.0,102.06,107.54
Luke Humphries,Gerwyn Price,2026-05-14,Premier League,U,Weekly Final,6.0,4.0,100.16,95.44
Luke Humphries,Luke Littler,2026-05-14,Premier League,U,Weekly Semi Final,6.0,3.0,110.98,99.86
Luke Humphries,Stephen Bunting,2026-05-14,Premier League,U,Weekly Quarter Final,6.0,0.0,107.36,92.46
Gerwyn Price,Wessel Nijman,2026-04-19,European Tour,ET,Semi Final,7.0,4.0,98.96,96.91
Gerwyn Price,Martin Schindler,2026-04-19,European Tour,ET,Quarter Final,6.0,5.0,100.95,96.43
Michael van Gerwen,Rob Cross,2026-05-10,European Tour,ET,Last 16,4.0,6.0,94.02,93.38
Gian van Veen,Steve Lennon,2026-05-12,Players Championship,PT,Last 64,6.0,5.0,90.14,88.88
Stephen Bunting,Niko Springer,2026-05-13,Players Championship,PT,Quarter Final,2.0,6.0,84.54,95.42
Stephen Bunting,Krzysztof Ratajski,2026-05-13,Players Championship,PT,Last 16,6.0,3.0,102.13,101.28
Stephen Bunting,Darryl Pilgrim,2026-05-13,Players Championship,PT,Last 32,6.0,2.0,93.36,89.0
Josh Rock,Tom Sykes,2026-05-12,Players Championship,PT,Last 64,6.0,2.0,104.49,94.9
Jonny Clayton,Niko Springer,2026-05-13,Players Championship,PT,Semi Final,7.0,6.0,94.25,93.53
Chris Dobey,Rob Owen,2026-05-19,Players Championship,PT,Last 128,2.0,6.0,95.44,
Josh Rock,Samuel Price,2026-05-18,Players Championship,PT,Last 128,5.0,6.0,90.97,
Niels Zonneveld,Mensur Suljovic,2026-05-19,Players Championship,PT,Last 64,6.0,4.0,93.04,100.64
Cristo Reyes,James Wade,2026-05-12,Players Championship,PT,Last 128,6.0,3.0,105.74,98.28
Cristo Reyes,Josh Rock,2026-05-10,European Tour,ET,Quarter Final,4.0,6.0,93.55,96.97
Cristo Reyes,Danny Noppert,2026-05-10,European Tour,ET,Last 16,6.0,3.0,92.24,90.51
Cristo Reyes,Damon Heta,2026-05-09,European Tour,ET,Last 32,6.0,4.0,101.89,95.67
Justin Hood,Ian White,2026-05-13,Players Championship,PT,Last 16,2.0,6.0,100.03,102.22
Justin Hood,Rob Cross,2026-05-13,Players Championship,PT,Last 32,6.0,5.0,98.64,105.97
Justin Hood,James Wade,2026-05-13,Players Championship,PT,Last 64,6.0,3.0,103.63,95.33
Justin Hood,Callan Rydz,2026-05-13,Players Championship,PT,Last 128,6.0,1.0,103.71,95.17
Justin Hood,Ian White,2026-05-12,Players Championship,PT,Last 64,4.0,6.0,97.82,94.73
Karel Sedláček,Callum Goffin,2026-05-04,Players Championship,PT,Last 128,6.0,3.0,94.37,85.42
Karel Sedláček,Darryl Pilgrim,2026-04-28,Players Championship,PT,Last 64,3.0,6.0,90.27,91.62
Bradley Brooks,Ross Smith,2026-04-27,Players Championship,PT,Last 128,2.0,6.0,98.54,102.42
Bradley Brooks,Owen Bates,2026-04-15,European Tour Card Holder Qualifier,Q,Final,6.0,5.0,99.44,102.31
Bradley Brooks,Robert Owen,2026-04-15,European Tour Card Holder Qualifier,Q,Semi Final,6.0,3.0,95.76,96.9
Bradley Brooks,Ricky Evans,2026-04-15,European Tour Card Holder Qualifier,Q,Quarter Final,6.0,4.0,87.12,86.22
Callan Rydz,Andrew Gilding,2026-04-27,Players Championship,PT,Last 16,3.0,6.0,89.09,95.21
Alan Soutar,Jurjen van der Velde,2026-05-04,Players Championship,PT,Last 128,4.0,6.0,89.73,87.04
Alan Soutar,Andy Boulton,2026-04-28,Players Championship,PT,Last 64,1.0,6.0,99.27,98.24
Richard Veenstra,Jimmy van Schie,2026-05-12,Players Championship,PT,Last 128,6.0,2.0,96.95,91.76
Richard Veenstra,Danny Noppert,2026-05-05,Players Championship,PT,Quarter Final,2.0,6.0,100.49,102.2
Richard Veenstra,Oliver Mitchell,2026-05-05,Players Championship,PT,Last 16,6.0,1.0,88.67,84.31
Richard Veenstra,Alexander Merkx,2026-05-05,Players Championship,PT,Last 32,6.0,3.0,94.96,90.33
Richard Veenstra,Leon Weber,2026-05-05,Players Championship,PT,Last 64,6.0,4.0,101.6,82.28
Kim Huybrechts,Samuel Price,2026-05-19,Players Championship,PT,Last 128,6.0,4.0,96.49,
Jeffrey de Graaf,Pero Ljubic,2026-05-19,Players Championship,PT,Last 128,6.0,0.0,87.55,
Jeffrey de Graaf,Rob Cross,2026-05-13,Players Championship,PT,Last 128,3.0,6.0,92.54,100.02
Jeffrey de Graaf,Beau Greaves,2026-05-12,Players Championship,PT,Last 64,4.0,6.0,93.37,93.29
Jeffrey de Graaf,Arno Merk,2026-05-12,Players Championship,PT,Last 128,6.0,1.0,95.34,84.11
Jeffrey de Graaf,James Hurrell,2026-05-05,Players Championship,PT,Last 64,0.0,6.0,90.25,104.86
Connor Scutt,Sam Price,2026-05-13,Players Championship,PT,Last 128,6.0,3.0,96.83,94.87
Connor Scutt,Chris Landman,2026-05-12,Players Championship,PT,Last 128,5.0,6.0,85.4,90.04
Connor Scutt,Maik Kuivenhoven,2026-05-05,Players Championship,PT,Last 32,3.0,6.0,88.01,87.76
Connor Scutt,Andy Boulton,2026-05-05,Players Championship,PT,Last 64,6.0,3.0,85.29,84.75
Wesley Plaisier,Joe Hunt,2026-04-27,Players Championship,PT,Last 128,4.0,6.0,84.06,88.13
Wesley Plaisier,Andy Boulton,2026-04-15,European Tour Card Holder Qualifier,Q,Semi Final,1.0,6.0,86.7,89.12
Wesley Plaisier,Brendan Dolan,2026-04-15,European Tour Card Holder Qualifier,Q,Quarter Final,6.0,5.0,95.8,94.23
Max Hopp,Adam Lipscombe,2026-05-12,Players Championship,PT,Last 128,2.0,6.0,100.97,91.77
Max Hopp,Wessel Nijman,2026-05-05,Players Championship,PT,Final,1.0,8.0,98.08,104.62
Max Hopp,Tom Bissell,2026-05-05,Players Championship,PT,Semi Final,7.0,3.0,89.83,89.55
Max Hopp,Joe Hunt,2026-05-05,Players Championship,PT,Quarter Final,6.0,3.0,97.44,93.07
Max Hopp,Rob Cross,2026-05-05,Players Championship,PT,Last 16,6.0,2.0,94.27,91.88
Max Hopp,Damon Heta,2026-05-05,Players Championship,PT,Last 32,6.0,4.0,95.74,86.58
Keane Barry,Ritchie Edhouse,2026-05-12,Players Championship,PT,Last 16,2.0,6.0,84.38,97.02
Keane Barry,Cameron Menzies,2026-05-12,Players Championship,PT,Last 32,6.0,2.0,100.13,99.33
Keane Barry,Greg Ritchie,2026-05-12,Players Championship,PT,Last 64,6.0,3.0,94.18,78.19
Keane Barry,Luke Woodhouse,2026-05-12,Players Championship,PT,Last 128,6.0,5.0,101.4,99.16
Tom Bissell,Mensur Suljović,2026-05-05,Players Championship,PT,Quarter Final,6.0,5.0,85.61,78.65
Tom Bissell,Lukas Wenig,2026-05-05,Players Championship,PT,Last 16,6.0,1.0,89.81,88.95
Tom Bissell,Adam Warner,2026-05-05,Players Championship,PT,Last 32,6.0,1.0,100.11,86.38
Ritchie Edhouse,Karel Sedláček,2026-05-12,Players Championship,PT,Last 64,6.0,5.0,90.99,94.38
Ritchie Edhouse,Alexander Merkx,2026-05-12,Players Championship,PT,Last 128,6.0,4.0,91.11,85.43
Ritchie Edhouse,Michael van Gerwen,2026-05-05,Players Championship,PT,Last 64,3.0,6.0,93.64,105.7
Ricky Evans,Alan Soutar,2026-04-27,Players Championship,PT,Last 64,5.0,6.0,89.32,94.69
Ricky Evans,Stephen Bunting,2026-04-27,Players Championship,PT,Last 128,6.0,5.0,94.33,92.53
Ricky Evans,Bradley Brooks,2026-04-15,European Tour Card Holder Qualifier,Q,Quarter Final,4.0,6.0,86.22,87.12
Lukas Wenig,Joe Cullen,2026-05-12,Players Championship,PT,Last 128,0.0,6.0,83.44,92.02
Lukas Wenig,Tom Bissell,2026-05-05,Players Championship,PT,Last 16,1.0,6.0,88.95,89.81
Lukas Wenig,Martin Schindler,2026-05-05,Players Championship,PT,Last 32,6.0,5.0,86.63,88.0
Lukas Wenig,Sietse Lap,2026-05-05,Players Championship,PT,Last 64,6.0,4.0,81.43,74.55
Lukas Wenig,Dominik Gruellich,2026-05-05,Players Championship,PT,Last 128,6.0,5.0,101.63,95.03
Mensur Suljović,Stephen Rosney,2026-05-13,Players Championship,PT,Last 128,6.0,5.0,86.36,92.24
Mensur Suljović,Joe Hunt,2026-05-12,Players Championship,PT,Last 128,5.0,6.0,91.52,94.95
Mensur Suljović,James Wade,2026-05-09,European Tour,ET,Last 32,2.0,6.0,91.01,103.2
Mensur Suljović,Cameron Menzies,2026-05-08,European Tour,ET,Last 48 (Premier),6.0,2.0,94.19,90.21
Mensur Suljović,Dominic Popatnig,2026-05-07,European Tour Home Nation Qualifier,Q,Final,6.0,4.0,86.11,80.16
Dave Chisnall,Chris Dobey,2026-05-04,Players Championship,PT,Last 16,1.0,6.0,90.56,99.14
Tom Sykes,Josh Rock,2026-05-12,Players Championship,PT,Last 64,2.0,6.0,94.9,104.49
Tom Sykes,Christian Kist,2026-05-12,Players Championship,PT,Last 128,6.0,2.0,96.96,92.64
Tom Sykes,Dirk van Duijvenbode,2026-05-05,Players Championship,PT,Last 32,3.0,6.0,97.81,97.07
Tom Sykes,Mario Vandenbogaerde,2026-05-05,Players Championship,PT,Last 64,6.0,3.0,87.0,86.88
Tom Sykes,Karel Sedláček,2026-05-05,Players Championship,PT,Last 128,6.0,1.0,97.13,92.91
Michael Smith,Darius Labanauskas,2026-05-05,Players Championship,PT,Last 64,3.0,6.0,94.8,95.81
Michael Smith,Adam Leek,2026-05-05,Players Championship,PT,Last 128,6.0,4.0,90.73,84.41
Michael Smith,Thibault Tricole,2026-05-04,Players Championship,PT,Last 128,4.0,6.0,85.54,87.91
Michael Smith,Beau Greaves,2026-04-27,Players Championship,PT,Final,7.0,8.0,97.74,96.49
Mickey Mansell,Callum Goffin,2026-05-13,Players Championship,PT,Last 64,5.0,6.0,85.66,85.18
Mickey Mansell,Leon Weber,2026-05-13,Players Championship,PT,Last 128,6.0,0.0,95.94,86.76
Mickey Mansell,Gian van Veen,2026-05-12,Players Championship,PT,Last 32,3.0,6.0,91.62,93.17
Mickey Mansell,William O&#039;Connor,2026-05-12,Players Championship,PT,Last 64,6.0,3.0,98.04,91.6
Mickey Mansell,Callan Rydz,2026-05-12,Players Championship,PT,Last 128,6.0,2.0,97.41,88.88
Mickey Mansell,Danny Noppert,2026-05-05,Players Championship,PT,Last 32,5.0,6.0,87.83,92.23
Shane McGuirk,Dirk van Duijvenbode,2026-05-05,Players Championship,PT,Last 128,3.0,6.0,101.67,106.82
Shane McGuirk,Darryl Pilgrim,2026-05-04,Players Championship,PT,Last 128,4.0,6.0,94.35,93.34
Shane McGuirk,Daryl Gurney,2026-04-28,Players Championship,PT,Last 128,5.0,6.0,89.64,90.74
Shane McGuirk,Luke Humphries,2026-04-27,Players Championship,PT,Last 64,4.0,6.0,91.57,103.81
Charlie Manby,Callan Rydz,2026-05-19,Players Championship,PT,Last 128,6.0,5.0,91.31,87.09
Charlie Manby,Danny Noppert,2026-05-18,Players Championship,PT,Last 64,3.0,6.0,103.22,105.0
Charlie Manby,Darius Labanauskas,2026-05-18,Players Championship,PT,Last 128,6.0,4.0,87.62,90.43
Charlie Manby,Damon Heta,2026-05-13,Players Championship,PT,Last 64,4.0,6.0,92.24,95.94
Charlie Manby,Steve Lennon,2026-05-13,Players Championship,PT,Last 128,6.0,4.0,90.69,92.33
Charlie Manby,Darryl Pilgrim,2026-05-12,Players Championship,PT,Last 128,5.0,6.0,97.16,95.89
Charlie Manby,Alexander Merkx,2026-05-05,Players Championship,PT,Last 128,5.0,6.0,93.09,92.6
Gabriel Clemens,Dennie Olde Kalter,2026-05-13,Players Championship,PT,Last 64,6.0,2.0,90.9,87.39
Gabriel Clemens,Adam Gawlas,2026-05-13,Players Championship,PT,Last 128,6.0,5.0,93.15,96.37
Gabriel Clemens,Stephen Bunting,2026-05-12,Players Championship,PT,Last 128,2.0,6.0,107.12,105.46
Maik Kuivenhoven,Krzysztof Ratajski,2026-05-13,Players Championship,PT,Last 64,2.0,6.0,83.2,90.24
Maik Kuivenhoven,Scott Waites,2026-05-13,Players Championship,PT,Last 128,6.0,3.0,88.77,93.19
Maik Kuivenhoven,Richard Veenstra,2026-05-12,Players Championship,PT,Last 64,1.0,6.0,88.56,95.75
Maik Kuivenhoven,Thomas Lovely,2026-05-12,Players Championship,PT,Last 128,6.0,4.0,99.54,84.96
Sebastian Bialecki,Keane Barry,2026-05-18,Players Championship,PT,Last 32,4.0,6.0,93.51,96.41
Sebastian Bialecki,Chris Dobey,2026-05-18,Players Championship,PT,Last 64,6.0,3.0,91.51,90.38
Sebastian Bialecki,Wesley Plaisier,2026-05-18,Players Championship,PT,Last 128,6.0,4.0,91.85,87.67
Sebastian Bialecki,Derek Coulson,2026-05-13,Players Championship,PT,Last 64,1.0,6.0,96.47,104.67
Sebastian Bialecki,Max Hopp,2026-05-13,Players Championship,PT,Last 128,6.0,4.0,86.71,87.56
Darryl Pilgrim,Mario Vandenbogaerde,2026-05-12,Players Championship,PT,Last 64,6.0,2.0,100.78,91.84
Darryl Pilgrim,Charlie Manby,2026-05-12,Players Championship,PT,Last 128,6.0,5.0,95.89,97.16
Mario Vandenbogaerde,Darryl Pilgrim,2026-05-05,Players Championship,PT,Last 128,6.0,5.0,83.98,86.63
Mario Vandenbogaerde,Dave Chisnall,2026-05-04,Players Championship,PT,Last 64,4.0,6.0,93.86,97.18
Mario Vandenbogaerde,Pero Ljubić,2026-05-04,Players Championship,PT,Last 128,6.0,1.0,89.66,66.65
Mario Vandenbogaerde,Mike De Decker,2026-04-28,Players Championship,PT,Last 64,1.0,6.0,94.74,95.01
Madars Razma,Cor Dekker,2026-05-12,Players Championship,PT,Last 128,6.0,3.0,91.37,83.26
Madars Razma,Daryl Gurney,2026-05-10,European Tour,ET,Last 16,3.0,6.0,93.18,91.51
Madars Razma,Gian van Veen,2026-05-09,European Tour,ET,Last 32,6.0,5.0,86.57,92.01
Madars Razma,Dirk van Duijvenbode,2026-05-08,European Tour,ET,Last 48 (Premier),6.0,4.0,98.76,100.19
Cam Crabtree,Tom Sykes,2026-04-28,Players Championship,PT,Last 128,5.0,6.0,91.83,95.2
Cam Crabtree,Damon Heta,2026-04-27,Players Championship,PT,Last 128,1.0,6.0,87.25,89.61
Stephen Burton,Josh Rock,2026-05-12,Players Championship,PT,Last 128,5.0,6.0,98.73,101.23
Stephen Burton,Cor Dekker,2026-05-05,Players Championship,PT,Last 128,4.0,6.0,90.14,89.86
Stephen Burton,Alexander Merkx,2026-05-04,Players Championship,PT,Last 128,2.0,6.0,83.1,94.86
Stephen Burton,Stephen Bunting,2026-04-28,Players Championship,PT,Last 128,4.0,6.0,96.63,101.06
Christian Kist,Samuel Price,2026-05-18,Players Championship,PT,Last 64,6.0,3.0,92.3,
Christian Kist,Joe Hunt,2026-05-13,Players Championship,PT,Last 32,4.0,6.0,93.27,104.23
Christian Kist,Rhys Griffin,2026-05-13,Players Championship,PT,Last 64,6.0,1.0,80.58,77.48
Christian Kist,Adam Paxton,2026-05-13,Players Championship,PT,Last 128,6.0,3.0,80.08,78.53
Christian Kist,Tom Sykes,2026-05-12,Players Championship,PT,Last 128,2.0,6.0,92.64,96.96
Christian Kist,Viktor Tingstrom,2026-05-04,Players Championship,PT,Last 32,5.0,6.0,86.77,94.5
Brendan Dolan,Jim Long,2026-05-12,Players Championship,PT,Last 128,2.0,6.0,81.15,80.1
Brendan Dolan,Pascal Rupprecht,2026-05-05,Players Championship,PT,Last 128,5.0,6.0,88.24,81.24
Brendan Dolan,Darius Labanauskas,2026-05-04,Players Championship,PT,Last 64,3.0,6.0,86.88,89.94
Brendan Dolan,Jimmy van Schie,2026-05-04,Players Championship,PT,Last 128,6.0,5.0,86.44,86.51
Jeffrey de Zwaan,Adam Warner,2026-05-05,Players Championship,PT,Last 64,4.0,6.0,94.84,91.93
Jeffrey de Zwaan,Michael van Gerwen,2026-05-04,Players Championship,PT,Last 64,4.0,6.0,84.49,88.99
Jeffrey de Zwaan,Stefaan Henderyck,2026-05-04,Players Championship,PT,Last 128,6.0,4.0,91.69,84.17
Jeffrey de Zwaan,Mike De Decker,2026-04-28,Players Championship,PT,Last 128,3.0,6.0,93.99,94.68
Jeffrey de Zwaan,Wessel Nijman,2026-04-27,Players Championship,PT,Last 128,3.0,6.0,96.92,98.67
Alexander Merkx,Richard Veenstra,2026-05-05,Players Championship,PT,Last 32,3.0,6.0,90.33,94.96
Alexander Merkx,Jermaine Wattimena,2026-05-05,Players Championship,PT,Last 64,6.0,2.0,93.38,91.44
Alexander Merkx,Charlie Manby,2026-05-05,Players Championship,PT,Last 128,6.0,5.0,92.6,93.09
Alexander Merkx,Ritchie Edhouse,2026-05-04,Players Championship,PT,Last 32,5.0,6.0,89.46,92.33
Adam Lipscombe,Joe Cullen,2026-05-04,Players Championship,PT,Last 128,4.0,6.0,91.49,95.2
Adam Lipscombe,Cor Dekker,2026-04-28,Players Championship,PT,Last 128,4.0,6.0,93.2,93.08
Jimmy van Schie,Joe Cullen,2026-05-05,Players Championship,PT,Last 64,2.0,6.0,88.29,105.54
Jimmy van Schie,Tommy Lishman,2026-05-05,Players Championship,PT,Last 128,6.0,2.0,100.5,100.98
Jimmy van Schie,Brendan Dolan,2026-05-04,Players Championship,PT,Last 128,5.0,6.0,86.51,86.44
Darius Labanauskas,Rob Owen,2026-05-19,Players Championship,PT,Last 64,6.0,1.0,95.64,
Darius Labanauskas,Simon Bak,2026-05-17,Nordic Baltic Tour,0,Last 16,6.0,0.0,88.41,77.82
Darius Labanauskas,Lukas le Hegarat,2026-05-17,Nordic Baltic Tour,0,Last 32,6.0,1.0,79.43,53.17
Darius Labanauskas,Daniel Larsson,2026-05-16,Nordic Baltic Tour,0,Final,6.0,1.0,84.23,82.75
Darius Labanauskas,Andreas Nielsen,2026-05-16,Nordic Baltic Tour,0,Semi Final,6.0,1.0,88.65,79.72
Ryan Meikle,Rob Cross,2026-05-12,Players Championship,PT,Last 128,6.0,4.0,92.92,89.32
Ryan Meikle,Rob Cross,2026-05-05,Players Championship,PT,Last 64,4.0,6.0,87.34,93.59
Ian White,Karel Sedláček,2026-05-13,Players Championship,PT,Last 64,6.0,3.0,86.23,92.02
Ian White,Filip Bereza,2026-05-13,Players Championship,PT,Last 128,6.0,1.0,91.63,83.47
Ian White,Andy Boulton,2026-05-12,Players Championship,PT,Last 32,4.0,6.0,93.35,93.6
Ian White,Justin Hood,2026-05-12,Players Championship,PT,Last 64,6.0,4.0,94.73,97.82
Scott Williams,Luke Woodhouse,2026-04-14,Players Championship,PT,Last 16,4.0,6.0,94.45,99.45
Scott Williams,Jeffrey de Zwaan,2026-04-14,Players Championship,PT,Last 32,6.0,3.0,93.22,83.87
Scott Williams,Ricardo Pietreczko,2026-04-14,Players Championship,PT,Last 64,6.0,1.0,92.33,84.51
Chris Landman,William O&#039;Connor,2026-05-13,Players Championship,PT,Last 128,4.0,6.0,81.64,91.01
Chris Landman,Wessel Nijman,2026-05-12,Players Championship,PT,Last 64,2.0,6.0,92.42,92.67
Chris Landman,Connor Scutt,2026-05-12,Players Championship,PT,Last 128,6.0,5.0,90.04,85.4
Chris Landman,Kevin Doets,2026-05-08,European Tour,ET,Last 48 (Premier),3.0,6.0,93.71,99.35
Mervyn King,Derek Coulson,2026-05-12,Players Championship,PT,Last 32,5.0,6.0,100.89,103.33
Mervyn King,Cristo Reyes,2026-05-12,Players Championship,PT,Last 64,6.0,5.0,94.22,92.74
Mervyn King,Marvin van Velzen,2026-05-12,Players Championship,PT,Last 128,6.0,3.0,92.3,86.68
Mervyn King,Maik Kuivenhoven,2026-05-05,Players Championship,PT,Last 128,3.0,6.0,86.28,95.15
Mervyn King,Kevin Doets,2026-05-04,Players Championship,PT,Last 128,4.0,6.0,95.88,97.3
Thibault Tricole,Mensur Suljović,2026-05-04,Players Championship,PT,Last 32,1.0,6.0,80.32,99.91
Thibault Tricole,Pascal Rupprecht,2026-05-04,Players Championship,PT,Last 64,6.0,5.0,86.62,87.91
Thibault Tricole,Michael Smith,2026-05-04,Players Championship,PT,Last 128,6.0,4.0,87.91,85.54
Dennie Olde Kalter,Darius Labanauskas,2026-04-28,Players Championship,PT,Last 128,0.0,6.0,86.13,94.93
Dennie Olde Kalter,Ross Smith,2026-04-27,Players Championship,PT,Last 32,5.0,6.0,95.87,97.61
Dennie Olde Kalter,Tyler Thorpe,2026-04-27,Players Championship,PT,Last 64,6.0,2.0,95.88,89.5
David Sharp,Yorick Hofkens,2026-05-04,Players Championship,PT,Last 128,6.0,3.0,95.82,94.37
David Sharp,Tommy Lishman,2026-04-28,Players Championship,PT,Last 128,3.0,6.0,93.95,91.1
Benjamin Pratnemer,Sebastian Bialecki,2026-05-04,Players Championship,PT,Last 64,5.0,6.0,96.75,99.93
Benjamin Pratnemer,Tom Bissell,2026-05-04,Players Championship,PT,Last 128,6.0,3.0,90.44,83.73
Benjamin Pratnemer,Danny Noppert,2026-04-28,Players Championship,PT,Last 64,3.0,6.0,92.16,97.48
Benjamin Pratnemer,Adam Leek,2026-04-28,Players Championship,PT,Last 128,6.0,3.0,84.83,78.74
Ricardo Pietreczko,Tytus Kanik,2026-04-27,Players Championship,PT,Last 128,6.0,4.0,82.54,81.14
Ricardo Pietreczko,Stephen Burton,2026-04-15,European Tour Card Holder Qualifier,Q,Semi Final,4.0,6.0,85.44,92.04
Cor Dekker,Madars Razma,2026-05-12,Players Championship,PT,Last 128,3.0,6.0,83.26,91.37
Cor Dekker,Mickey Mansell,2026-05-05,Players Championship,PT,Last 64,4.0,6.0,88.3,93.58
Cor Dekker,Stephen Burton,2026-05-05,Players Championship,PT,Last 128,6.0,4.0,89.86,90.14
Cor Dekker,Jermaine Wattimena,2026-05-04,Players Championship,PT,Last 64,4.0,6.0,95.42,102.22
Stephen Rosney,Ted Evetts,2026-05-12,Players Championship,PT,Last 128,6.0,5.0,85.18,85.62
Stephen Rosney,William O&#039;Connor,2026-05-05,Players Championship,PT,Last 128,2.0,6.0,96.64,96.68
Stephen Rosney,Krzysztof Ratajski,2026-05-04,Players Championship,PT,Last 128,4.0,6.0,93.39,95.48
Stephen Rosney,Max Hopp,2026-04-28,Players Championship,PT,Last 128,5.0,6.0,95.76,92.67
Owen Bates,Mensur Suljović,2026-05-05,Players Championship,PT,Last 64,2.0,6.0,89.24,93.94
Owen Bates,Nathan Potter,2026-05-05,Players Championship,PT,Last 128,6.0,5.0,85.48,80.92
Owen Bates,Rob Cross,2026-05-04,Players Championship,PT,Last 128,1.0,6.0,95.68,102.72
Owen Bates,Ross Smith,2026-04-28,Players Championship,PT,Last 128,0.0,6.0,79.07,101.33
Kai Gotthardt,Karel Sedlacek,2026-05-19,Players Championship,PT,Last 64,6.0,2.0,96.15,
Kai Gotthardt,Niall Culleton,2026-05-12,Players Championship,PT,Last 128,3.0,6.0,88.27,90.91
Kai Gotthardt,Joe Cullen,2026-05-05,Players Championship,PT,Last 128,5.0,6.0,92.95,99.06
Kai Gotthardt,Beau Greaves,2026-05-04,Players Championship,PT,Last 64,2.0,6.0,89.64,93.05
Kai Gotthardt,Ricardo Pietreczko,2026-05-04,Players Championship,PT,Last 128,6.0,4.0,87.0,80.46
Peter Wright,Martin Schindler,2026-05-05,Players Championship,PT,Last 128,4.0,6.0,91.36,88.02
Peter Wright,Beau Greaves,2026-05-04,Players Championship,PT,Last 128,1.0,6.0,85.09,94.81
Peter Wright,Maximilian Czerwinski,2026-04-28,Players Championship,PT,Last 128,3.0,6.0,83.74,92.74
Tyler Thorpe,Keane Barry,2026-05-05,Players Championship,PT,Last 32,2.0,6.0,88.68,101.3
Tyler Thorpe,Ian White,2026-05-05,Players Championship,PT,Last 64,6.0,4.0,99.28,93.92
Tyler Thorpe,Adam Gawlas,2026-05-05,Players Championship,PT,Last 128,6.0,2.0,92.24,95.21
Tyler Thorpe,Robert Owen,2026-05-04,Players Championship,PT,Last 16,2.0,6.0,93.05,94.89
Tyler Thorpe,Connor Scutt,2026-05-04,Players Championship,PT,Last 32,6.0,2.0,100.12,89.89
Andy Boulton,Stephen Bunting,2026-05-12,Players Championship,PT,Last 16,3.0,6.0,89.14,106.85
Andy Boulton,Ian White,2026-05-12,Players Championship,PT,Last 32,6.0,4.0,93.6,93.35
Andy Boulton,Daryl Gurney,2026-05-12,Players Championship,PT,Last 64,6.0,0.0,89.29,76.88
Nick Kenny,Niko Springer,2026-05-08,European Tour,ET,Last 48 (Premier),3.0,6.0,77.43,87.7
Nick Kenny,Tom Bissell,2026-05-05,Players Championship,PT,Last 128,3.0,6.0,84.41,98.6
Dimitri Van den Bergh,Cameron Menzies,2026-05-13,Players Championship,PT,Last 128,2.0,6.0,84.1,96.24
Dimitri Van den Bergh,Kim Huybrechts,2026-05-12,Players Championship,PT,Last 64,4.0,6.0,102.34,100.99
Dimitri Van den Bergh,Shane McGuirk,2026-05-12,Players Championship,PT,Last 128,6.0,5.0,88.19,88.88
Adam Gawlas,Sebastian Bialecki,2026-04-26,Development Tour,0,Last 64,0.0,4.0,80.8,96.97
Adam Gawlas,Ben Dixon,2026-04-26,Development Tour,0,Last 128,4.0,1.0,66.4,55.11
Jurjen van der Velde,Wessel Nijman,2026-05-05,Players Championship,PT,Last 64,1.0,6.0,87.54,95.64
Jurjen van der Velde,Rusty-Jake Rodriguez,2026-05-05,Players Championship,PT,Last 128,6.0,4.0,91.54,92.14
Jurjen van der Velde,Marvin van Velzen,2026-05-04,Players Championship,PT,Last 64,2.0,6.0,78.02,83.57
Rhys Griffin,Richard Veenstra,2026-05-05,Players Championship,PT,Last 128,3.0,6.0,88.21,90.36
Rhys Griffin,Dave Chisnall,2026-05-04,Players Championship,PT,Last 128,3.0,6.0,87.55,87.17
Rhys Griffin,Cameron Menzies,2026-04-28,Players Championship,PT,Last 128,5.0,6.0,88.76,85.54
Rhys Griffin,Luke Humphries,2026-04-27,Players Championship,PT,Last 128,2.0,6.0,80.45,98.22
Adam Warner,Darryl Pilgrim,2026-04-28,Players Championship,PT,Last 128,4.0,6.0,88.3,93.6
Adam Warner,Ian White,2026-04-27,Players Championship,PT,Last 128,5.0,6.0,86.81,89.59
Dominik Gruellich,Luke Woodhouse,2026-04-28,Players Championship,PT,Last 128,1.0,6.0,85.74,97.77
Dominik Gruellich,Tyler Thorpe,2026-04-27,Players Championship,PT,Last 128,4.0,6.0,85.08,88.67
Dominik Gruellich,Sebastian Bialecki,2026-04-26,Development Tour,0,Final,4.0,5.0,85.19,90.46
Dominik Gruellich,Dylan Slevin,2026-04-26,Development Tour,0,Semi Final,5.0,1.0,89.88,80.16
Pascal Rupprecht,Nick Kenny,2026-05-13,Players Championship,PT,Last 64,6.0,2.0,86.75,84.53
Pascal Rupprecht,Lewis Pride,2026-05-13,Players Championship,PT,Last 128,6.0,5.0,97.18,94.08
Pascal Rupprecht,Tommy Morris,2026-05-12,Players Championship,PT,Last 128,1.0,6.0,84.8,99.06
Pascal Rupprecht,Keane Barry,2026-05-05,Players Championship,PT,Last 64,2.0,6.0,83.15,91.17
Pascal Rupprecht,Brendan Dolan,2026-05-05,Players Championship,PT,Last 128,6.0,5.0,81.24,88.24
Pascal Rupprecht,Thibault Tricole,2026-05-04,Players Championship,PT,Last 64,5.0,6.0,87.91,86.62
Arno Merk,Andrew Gilding,2026-05-13,Players Championship,PT,Last 64,5.0,6.0,88.36,88.62
Arno Merk,Bradley Brooks,2026-05-13,Players Championship,PT,Last 128,6.0,1.0,94.53,86.89
Arno Merk,Jeffrey de Graaf,2026-05-12,Players Championship,PT,Last 128,1.0,6.0,84.11,95.34
Arno Merk,Maik Kuivenhoven,2026-05-05,Players Championship,PT,Last 64,5.0,6.0,87.25,92.23
Arno Merk,Mike De Decker,2026-05-05,Players Championship,PT,Last 128,6.0,4.0,81.41,87.0
Arno Merk,Connor Scutt,2026-05-04,Players Championship,PT,Last 64,5.0,6.0,83.82,83.9
Arno Merk,Scott Williams,2026-05-04,Players Championship,PT,Last 128,6.0,4.0,95.44,93.78
Arno Merk,Nathan Potter,2026-04-28,Players Championship,PT,Last 128,5.0,6.0,89.21,95.01
Thomas Lovely,Maik Kuivenhoven,2026-05-12,Players Championship,PT,Last 128,4.0,6.0,84.96,99.54
Thomas Lovely,James Hurrell,2026-05-05,Players Championship,PT,Last 128,1.0,6.0,89.36,92.87
Thomas Lovely,Maik Kuivenhoven,2026-05-04,Players Championship,PT,Last 64,1.0,6.0,86.48,92.49
Thomas Lovely,Filip Bereza,2026-05-04,Players Championship,PT,Last 128,6.0,4.0,88.93,87.13
Thomas Lovely,William O&#039;Connor,2026-04-28,Players Championship,PT,Last 128,2.0,6.0,87.74,99.13
Jim Long,Brendan Dolan,2026-05-12,Players Championship,PT,Last 128,6.0,2.0,80.1,81.15
Jim Long,Damon Heta,2026-05-05,Players Championship,PT,Last 64,1.0,6.0,84.88,110.78
Jim Long,Dennie Olde Kalter,2026-05-05,Players Championship,PT,Last 128,6.0,3.0,85.37,81.41
Jim Long,Ross Smith,2026-05-04,Players Championship,PT,Last 64,1.0,6.0,88.38,97.36
Greg Ritchie,Ryan Meikle,2026-04-28,Players Championship,PT,Last 128,2.0,6.0,85.84,87.28
Greg Ritchie,Jurjen van der Velde,2026-04-27,Players Championship,PT,Last 128,3.0,6.0,85.2,88.56
Greg Ritchie,Maik Kuivenhoven,2026-04-15,European Tour Card Holder Qualifier,Q,Semi Final,5.0,6.0,92.17,98.38
Greg Ritchie,Adam Paxton,2026-04-15,European Tour Card Holder Qualifier,Q,Quarter Final,6.0,4.0,85.5,77.5
Greg Ritchie,Gabriel Clemens,2026-04-15,European Tour Card Holder Qualifier,Q,Quarter Final,0.0,6.0,79.31,88.41
Martin Lukeman,Mensur Suljovic,2026-05-19,Players Championship,PT,Last 128,2.0,6.0,77.84,90.39
Martin Lukeman,Chris Landman,2026-04-28,Players Championship,PT,Last 64,5.0,6.0,85.05,90.74
Martin Lukeman,Niels Zonneveld,2026-04-28,Players Championship,PT,Last 128,6.0,5.0,83.65,89.4
Sietse Lap,Mike De Decker,2026-05-04,Players Championship,PT,Last 128,4.0,6.0,89.51,91.11
Sietse Lap,Jermaine Wattimena,2026-04-28,Players Championship,PT,Last 64,3.0,6.0,88.86,95.28
Jeffrey Sparidaans,Martijn Dragt,2026-05-05,Players Championship,PT,Last 128,5.0,6.0,81.52,90.95
Jeffrey Sparidaans,William O&#039;Connor,2026-05-04,Players Championship,PT,Last 128,2.0,6.0,83.77,95.17
Leon Weber,Richard Veenstra,2026-05-05,Players Championship,PT,Last 64,4.0,6.0,82.28,101.6
Leon Weber,Callum Goffin,2026-05-05,Players Championship,PT,Last 128,6.0,2.0,89.43,81.59
Leon Weber,Andrew Gilding,2026-05-04,Players Championship,PT,Last 64,4.0,6.0,86.64,93.78
Adam Leek,Michael Smith,2026-05-05,Players Championship,PT,Last 128,4.0,6.0,84.41,90.73
Adam Leek,Luke Woodhouse,2026-05-04,Players Championship,PT,Last 64,2.0,6.0,88.29,98.28
Adam Leek,Tytus Kanik,2026-05-04,Players Championship,PT,Last 128,6.0,5.0,81.18,81.79
Adam Leek,Benjamin Pratnemer,2026-04-28,Players Championship,PT,Last 128,3.0,6.0,78.74,84.83
Niall Culleton,Wessel Nijman,2026-05-05,Players Championship,PT,Last 32,3.0,6.0,91.88,93.55
Niall Culleton,Raymond van Barneveld,2026-05-05,Players Championship,PT,Last 64,6.0,3.0,90.17,91.52
Niall Culleton,Filip Bereza,2026-05-05,Players Championship,PT,Last 128,6.0,3.0,86.43,84.08
Niall Culleton,Leon Weber,2026-05-04,Players Championship,PT,Last 128,1.0,6.0,88.11,90.78
Carl Sneyd,Ryan Joyce,2026-04-14,Players Championship,PT,Last 128,3.0,6.0,88.73,95.7
Carl Sneyd,Niko Springer,2026-04-13,Players Championship,PT,Last 128,0.0,6.0,73.09,82.73
Carl Sneyd,Tom Bissell,2026-04-01,European Tour Card Holder Qualifier,Q,Last 16,5.0,6.0,88.68,99.02
Carl Sneyd,Dave Chisnall,2026-03-31,Players Championship,PT,Last 128,1.0,6.0,92.91,101.97
Adam Paxton,Adam Gawlas,2026-05-12,Players Championship,PT,Last 128,6.0,2.0,89.2,80.09
Adam Paxton,Joe Hunt,2026-05-05,Players Championship,PT,Last 128,3.0,6.0,87.52,89.96
Adam Paxton,Andrew Gilding,2026-05-04,Players Championship,PT,Last 128,3.0,6.0,90.58,90.56
Adam Paxton,Stefan Bellmont,2026-04-28,Players Championship,PT,Last 128,4.0,6.0,82.02,86.19
Adam Paxton,Rob Cross,2026-04-27,Players Championship,PT,Last 128,2.0,6.0,85.92,95.28
Stefan Bellmont,Michael van Gerwen,2026-05-04,Players Championship,PT,Last 128,3.0,6.0,87.65,99.96
Stefan Bellmont,Beau Greaves,2026-04-28,Players Championship,PT,Last 32,3.0,6.0,80.64,84.1
Stefan Bellmont,William O&#039;Connor,2026-04-28,Players Championship,PT,Last 64,6.0,4.0,84.24,81.9
Stefaan Henderyck,Maik Kuivenhoven,2026-04-01,European Tour Card Holder Qualifier,Q,Last 16,2.0,6.0,88.79,90.41
Stefaan Henderyck,Michael Smith,2026-04-01,European Tour Card Holder Qualifier,Q,Quarter Final,0.0,6.0,82.12,89.29
Sam Price,Justin Hood,2026-05-12,Players Championship,PT,Last 128,2.0,6.0,91.47,90.58
Sam Price,Danny Noppert,2026-05-05,Players Championship,PT,Last 128,0.0,6.0,68.44,84.28
Sam Price,Martin Schindler,2026-05-04,Players Championship,PT,Last 128,5.0,6.0,88.31,91.28
Sam Price,Stephen Bunting,2026-04-28,Players Championship,PT,Last 64,1.0,6.0,69.49,89.19
Sam Price,Leon Weber,2026-04-28,Players Championship,PT,Last 128,6.0,5.0,87.45,89.13
Sam Price,Dave Chisnall,2026-04-27,Players Championship,PT,Last 128,5.0,6.0,90.32,96.8
Oskar Lukasiak,Andreas Nielsen,2026-05-16,Nordic Baltic Tour,0,Last 16,4.0,6.0,83.63,87.02
Oskar Lukasiak,Ola Erlandsson,2026-05-16,Nordic Baltic Tour,0,Last 32,6.0,4.0,83.93,77.75
Oskar Lukasiak,Cristo Reyes,2026-04-28,Players Championship,PT,Last 128,4.0,6.0,83.73,93.48
Viktor Tingstrom,Bent Lambertsen,2026-05-16,Nordic Baltic Tour,0,Last 32,6.0,4.0,83.9,78.11
Viktor Tingstrom,Par Riihonen,2026-05-16,Nordic Baltic Tour,0,Last 64,6.0,1.0,83.23,72.61
Marvin van Velzen,Niko Springer,2026-05-04,Players Championship,PT,Last 32,6.0,4.0,95.38,94.24
Marvin van Velzen,Jurjen van der Velde,2026-05-04,Players Championship,PT,Last 64,6.0,2.0,83.57,78.02
Marvin van Velzen,Adam Gawlas,2026-05-04,Players Championship,PT,Last 128,6.0,5.0,94.05,96.04
Marvin Kraft,Joe Hunt,2026-05-04,Players Championship,PT,Last 128,5.0,6.0,84.75,91.01
Marvin Kraft,Niko Springer,2026-04-28,Players Championship,PT,Last 128,1.0,6.0,86.47,95.83
Yorick Hofkens,David Sharp,2026-05-04,Players Championship,PT,Last 128,3.0,6.0,94.37,95.82
Yorick Hofkens,Gary Anderson,2026-04-28,Players Championship,PT,Last 128,2.0,6.0,85.27,107.34
Rusty-Jake Rodriguez,Jimmy van Schie,2026-04-28,Players Championship,PT,Last 64,3.0,6.0,83.69,94.85
Rusty-Jake Rodriguez,Ian White,2026-04-28,Players Championship,PT,Last 128,6.0,4.0,89.17,87.04
Rusty-Jake Rodriguez,Niko Springer,2026-04-27,Players Championship,PT,Last 128,3.0,6.0,81.81,85.91
Tytus Kanik,Ricardo Pietreczko,2026-04-27,Players Championship,PT,Last 128,4.0,6.0,81.14,82.54
Tytus Kanik,Tom Bissell,2026-04-15,European Tour Card Holder Qualifier,Q,Quarter Final,2.0,6.0,77.05,90.87
Tytus Kanik,Jeffrey de Zwaan,2026-04-15,European Tour Card Holder Qualifier,Q,Quarter Final,1.0,6.0,72.14,91.57
Maximilian Czerwinski,Madars Razma,2026-04-27,Players Championship,PT,Last 128,2.0,6.0,91.79,93.18
Maximilian Czerwinski,Chris Landman,2026-04-15,European Tour Card Holder Qualifier,Q,Quarter Final,5.0,6.0,84.29,85.24
Maximilian Czerwinski,Jurjen van der Velde,2026-04-15,European Tour Card Holder Qualifier,Q,Quarter Final,5.0,6.0,85.19,81.68
Filip Bereza,Jeffrey de Zwaan,2026-04-15,European Tour Card Holder Qualifier,Q,Semi Final,5.0,6.0,80.45,79.7
Pero Ljubić,Tavis Dudeney,2026-02-18,European Tour Card Holder Qualifier,Q,Quarter Final,5.0,6.0,71.93,77.15
Pero Ljubić,Stephen Rosney,2026-02-17,Players Championship,PT,Last 128,0.0,6.0,83.17,94.93
Pero Ljubić,Stephen Rosney,2026-02-16,Players Championship,PT,Last 128,1.0,6.0,77.23,85.75
Gian van Veen,Harry Ward,2026-05-12,Players Championship,PT,Last 128,6.0,5.0,96.02,97.26
Chris Dobey,Luke Woodhouse,2026-05-04,Players Championship,PT,Quarter Final,4.0,6.0,97.96,97.61
Stephen Bunting,Beau Greaves,2026-05-13,Players Championship,PT,Last 64,6.0,3.0,94.97,90.72
Wessel Nijman,Sebastian Bialecki,2026-05-12,Players Championship,PT,Last 32,6.0,4.0,90.63,93.69
Josh Rock,Stephen Burton,2026-05-12,Players Championship,PT,Last 128,6.0,5.0,101.23,98.73
Josh Rock,Kevin Doets,2026-05-10,European Tour,ET,Final,8.0,6.0,101.56,101.2
Josh Rock,Daryl Gurney,2026-05-10,European Tour,ET,Semi Final,7.0,3.0,100.15,85.97
Dirk van Duijvenbode,Stephen Bunting,2026-05-12,Players Championship,PT,Semi Final,7.0,5.0,100.64,97.36
Jonny Clayton,Gabriel Clemens,2026-05-13,Players Championship,PT,Quarter Final,6.0,3.0,88.61,82.86
Jonny Clayton,Andy Boulton,2026-05-13,Players Championship,PT,Last 16,6.0,5.0,97.98,90.54
Jonny Clayton,Derek Coulson,2026-05-13,Players Championship,PT,Last 32,6.0,4.0,104.78,93.43
Jonny Clayton,Mervyn King,2026-05-13,Players Championship,PT,Last 64,6.0,0.0,93.94,84.7
Jonny Clayton,Marvin van Velzen,2026-05-13,Players Championship,PT,Last 128,6.0,5.0,95.0,90.27
Ross Smith,Cam Crabtree,2026-05-12,Players Championship,PT,Last 64,6.0,1.0,102.9,95.77
Ross Smith,Stefan Bellmont,2026-05-12,Players Championship,PT,Last 128,6.0,2.0,83.13,78.17
Ross Smith,Martin Schindler,2026-05-10,European Tour,ET,Last 16,2.0,6.0,95.14,98.45
Ross Smith,Niels Zonneveld,2026-05-09,European Tour,ET,Last 32,6.0,3.0,102.02,96.57
Kevin Doets,Andy Boulton,2026-05-18,Players Championship,PT,Last 128,6.0,3.0,103.94,91.18
Kevin Doets,Niko Springer,2026-05-13,Players Championship,PT,Last 16,2.0,6.0,84.7,97.68
Kevin Doets,Kim Huybrechts,2026-05-13,Players Championship,PT,Last 32,6.0,2.0,106.97,93.17
Kevin Doets,Sietse Lap,2026-05-13,Players Championship,PT,Last 64,6.0,1.0,95.66,90.82
Kevin Doets,Tommy Lishman,2026-05-13,Players Championship,PT,Last 128,6.0,1.0,101.17,93.81
James Wade,Luke Woodhouse,2026-05-10,European Tour,ET,Last 16,1.0,6.0,96.8,103.46
James Wade,Mensur Suljović,2026-05-09,European Tour,ET,Last 32,6.0,2.0,103.2,91.01
James Wade,Rob Cross,2026-05-05,Players Championship,PT,Last 32,3.0,6.0,100.16,105.95
James Wade,Robert Owen,2026-05-05,Players Championship,PT,Last 64,6.0,0.0,102.48,87.18
James Wade,Wesley Plaisier,2026-05-05,Players Championship,PT,Last 128,6.0,2.0,96.85,90.62
James Wade,Alexander Merkx,2026-05-04,Players Championship,PT,Last 64,2.0,6.0,85.85,89.98
Danny Noppert,Alan Soutar,2026-05-09,European Tour,ET,Last 32,6.0,5.0,91.29,89.19
Danny Noppert,Wessel Nijman,2026-05-05,Players Championship,PT,Semi Final,2.0,7.0,91.47,100.66
Danny Noppert,Richard Veenstra,2026-05-05,Players Championship,PT,Quarter Final,6.0,2.0,102.2,100.49
Rob Cross,Max Hopp,2026-05-05,Players Championship,PT,Last 16,2.0,6.0,91.88,94.27
Ryan Searle,Wessel Nijman,2026-04-28,Players Championship,PT,Last 16,3.0,6.0,86.36,96.19
Ryan Searle,Robert Owen,2026-04-28,Players Championship,PT,Last 32,6.0,1.0,101.97,88.08
Jermaine Wattimena,Cor Dekker,2026-05-13,Players Championship,PT,Last 64,6.0,5.0,94.38,89.26
Damon Heta,Cristo Reyes,2026-05-09,European Tour,ET,Last 32,4.0,6.0,95.67,101.89
Krzysztof Ratajski,Wessel Nijman,2026-05-05,Players Championship,PT,Quarter Final,1.0,6.0,77.46,102.98
Luke Woodhouse,Jack Aldridge,2026-05-13,Players Championship,PT,Last 128,6.0,4.0,96.39,96.2
Luke Woodhouse,Keane Barry,2026-05-12,Players Championship,PT,Last 128,5.0,6.0,99.16,101.4
Luke Woodhouse,Kevin Doets,2026-05-10,European Tour,ET,Quarter Final,3.0,6.0,92.15,112.31
Luke Woodhouse,James Wade,2026-05-10,European Tour,ET,Last 16,6.0,1.0,103.46,96.8
Luke Woodhouse,Robert Owen,2026-05-09,European Tour,ET,Last 32,6.0,1.0,100.7,95.91
Luke Woodhouse,Mensur Suljović,2026-05-05,Players Championship,PT,Last 128,3.0,6.0,98.56,94.5
Luke Woodhouse,Kevin Doets,2026-05-04,Players Championship,PT,Final,5.0,8.0,94.26,100.61
Martin Schindler,Daryl Gurney,2026-05-10,European Tour,ET,Quarter Final,2.0,6.0,95.45,95.69
Martin Schindler,Ross Smith,2026-05-10,European Tour,ET,Last 16,6.0,2.0,98.45,95.14
William O&#039;Connor,Anton Ostlund,2026-05-08,European Tour,ET,Last 48 (Premier),6.0,3.0,94.16,86.22
William O&#039;Connor,Joe Hunt,2026-05-05,Players Championship,PT,Last 32,2.0,6.0,82.5,87.4
William O&#039;Connor,Beau Greaves,2026-05-05,Players Championship,PT,Last 64,6.0,4.0,91.34,90.82
Andrew Gilding,Martin Lukeman,2026-05-18,Players Championship,PT,Last 128,6.0,0.0,99.1,80.55
Andrew Gilding,Jonny Clayton,2026-05-13,Players Championship,PT,Final,8.0,3.0,99.78,95.24
Andrew Gilding,Ian White,2026-05-13,Players Championship,PT,Semi Final,7.0,5.0,90.75,91.12
Andrew Gilding,Joe Hunt,2026-05-13,Players Championship,PT,Quarter Final,6.0,2.0,103.82,90.95
Andrew Gilding,Jermaine Wattimena,2026-05-13,Players Championship,PT,Last 16,6.0,0.0,93.94,81.45
Andrew Gilding,Dirk van Duijvenbode,2026-05-13,Players Championship,PT,Last 32,6.0,4.0,102.36,96.82
Andrew Gilding,Arno Merk,2026-05-13,Players Championship,PT,Last 64,6.0,5.0,88.62,88.36
Niels Zonneveld,Chris Landman,2026-05-04,Players Championship,PT,Last 128,6.0,2.0,95.75,82.8
Niels Zonneveld,Martin Lukeman,2026-04-28,Players Championship,PT,Last 128,5.0,6.0,89.4,83.65
Niels Zonneveld,Joe Hunt,2026-04-27,Players Championship,PT,Last 64,4.0,6.0,90.48,89.63
Cristo Reyes,Dave Chisnall,2026-05-08,European Tour,ET,Last 48 (Premier),6.0,3.0,85.01,86.88
Justin Hood,Sam Price,2026-05-12,Players Championship,PT,Last 128,6.0,2.0,90.58,91.47
Justin Hood,Dirk van Duijvenbode,2026-05-05,Players Championship,PT,Last 64,5.0,6.0,92.81,92.46
Mike De Decker,Jeffrey de Zwaan,2026-04-28,Players Championship,PT,Last 128,6.0,3.0,94.68,93.99
Daryl Gurney,Martin Schindler,2026-05-10,European Tour,ET,Quarter Final,6.0,2.0,95.69,95.45
Daryl Gurney,Madars Razma,2026-05-10,European Tour,ET,Last 16,6.0,3.0,91.51,93.18
Daryl Gurney,Ian White,2026-05-09,European Tour,ET,Last 32,6.0,3.0,97.67,94.59
Bradley Brooks,Alan Soutar,2026-04-15,European Tour Card Holder Qualifier,Q,Semi Final,5.0,6.0,97.38,98.68
Callan Rydz,Jermaine Wattimena,2026-04-27,Players Championship,PT,Last 32,6.0,5.0,94.34,102.21
Alan Soutar,Jim Long,2026-04-28,Players Championship,PT,Last 128,6.0,3.0,94.36,85.9
Niko Springer,Mensur Suljović,2026-05-13,Players Championship,PT,Last 32,6.0,1.0,93.98,87.17
Niko Springer,David Sharp,2026-05-13,Players Championship,PT,Last 64,6.0,5.0,94.61,90.23
Niko Springer,Adam Warner,2026-05-13,Players Championship,PT,Last 128,6.0,4.0,92.47,84.26
Niko Springer,Joe Cullen,2026-05-12,Players Championship,PT,Last 32,1.0,6.0,97.3,107.11
Niko Springer,Madars Razma,2026-05-12,Players Championship,PT,Last 64,6.0,5.0,91.47,95.2
Joe Cullen,Wessel Nijman,2026-05-05,Players Championship,PT,Last 16,4.0,6.0,92.33,102.19
Joe Cullen,Adam Lipscombe,2026-05-05,Players Championship,PT,Last 32,6.0,1.0,108.34,90.54
Joe Cullen,Jimmy van Schie,2026-05-05,Players Championship,PT,Last 64,6.0,2.0,105.54,88.29
Richard Veenstra,Rhys Griffin,2026-05-05,Players Championship,PT,Last 128,6.0,3.0,90.36,88.21
Kim Huybrechts,Jermaine Wattimena,2026-05-12,Players Championship,PT,Last 32,6.0,3.0,107.05,99.72
Kim Huybrechts,Dimitri Van den Bergh,2026-05-12,Players Championship,PT,Last 64,6.0,4.0,100.99,102.34
Kim Huybrechts,Dominik Gruellich,2026-05-12,Players Championship,PT,Last 128,6.0,5.0,92.08,81.91
Jeffrey de Graaf,Kevin Doets,2026-05-05,Players Championship,PT,Last 128,6.0,4.0,92.17,91.99
Jeffrey de Graaf,Wessel Nijman,2026-05-04,Players Championship,PT,Last 128,2.0,6.0,96.03,97.3
Jeffrey de Graaf,Josh Rock,2026-04-28,Players Championship,PT,Last 128,5.0,6.0,90.62,92.36
Connor Scutt,Niko Springer,2026-05-05,Players Championship,PT,Last 128,6.0,0.0,100.2,91.79
Connor Scutt,Tyler Thorpe,2026-05-04,Players Championship,PT,Last 32,2.0,6.0,89.89,100.12
Cameron Menzies,Justin Hood,2026-04-28,Players Championship,PT,Last 64,1.0,6.0,82.68,91.76
Wesley Plaisier,Cam Crabtree,2026-04-15,European Tour Card Holder Qualifier,Q,Quarter Final,3.0,6.0,82.83,93.44
Max Hopp,Lewis Pride,2026-05-05,Players Championship,PT,Last 64,6.0,4.0,92.45,90.63
Keane Barry,Joe Hunt,2026-05-05,Players Championship,PT,Last 16,1.0,6.0,73.6,83.26
Ricky Evans,Viktor Tingstrom,2026-04-15,European Tour Card Holder Qualifier,Q,Final,6.0,2.0,88.32,81.02
Tom Bissell,Chris Dobey,2026-05-05,Players Championship,PT,Last 64,6.0,5.0,94.83,94.29
Tom Bissell,Nick Kenny,2026-05-05,Players Championship,PT,Last 128,6.0,3.0,98.6,84.41
Lukas Wenig,Robert Owen,2026-05-04,Players Championship,PT,Last 128,3.0,6.0,89.49,93.5
Lukas Wenig,Ryan Meikle,2026-04-28,Players Championship,PT,Last 64,4.0,6.0,92.59,95.15
Beau Greaves,Louise Pearson,2026-05-17,Women&#039;s Series,0,Last 32,4.0,0.0,92.49,68.43
Beau Greaves,Celine Mcdonald,2026-05-17,Women&#039;s Series,0,Last 64,4.0,0.0,76.1,64.73
Ritchie Edhouse,Matthias Ehlers,2026-05-05,Players Championship,PT,Last 128,6.0,3.0,93.76,86.49
Ritchie Edhouse,Mensur Suljović,2026-05-04,Players Championship,PT,Last 16,0.0,6.0,85.89,102.48
Ryan Joyce,Mike De Decker,2026-05-09,European Tour,ET,Last 32,6.0,3.0,92.85,90.91
Ryan Joyce,Gabriel Clemens,2026-05-08,European Tour,ET,Last 48 (Premier),6.0,3.0,87.7,90.36
Ryan Joyce,Gabriel Clemens,2026-05-05,Players Championship,PT,Last 128,5.0,6.0,85.94,83.65
Ryan Joyce,Richard Veenstra,2026-04-28,Players Championship,PT,Last 128,1.0,6.0,84.46,96.08
Dave Chisnall,Martin Schindler,2026-05-04,Players Championship,PT,Last 32,6.0,1.0,84.44,85.7
Michael Smith,Kevin Doets,2026-04-27,Players Championship,PT,Semi Final,7.0,4.0,88.57,96.62
Tom Sykes,Chris Dobey,2026-05-04,Players Championship,PT,Last 32,5.0,6.0,101.27,102.7
Tom Sykes,Maximilian Czerwinski,2026-05-04,Players Championship,PT,Last 64,6.0,1.0,96.28,85.5
Mickey Mansell,Cor Dekker,2026-05-05,Players Championship,PT,Last 64,6.0,4.0,93.58,88.3
Shane McGuirk,Oskar Lukasiak,2026-04-27,Players Championship,PT,Last 128,6.0,1.0,88.65,82.0
Charlie Manby,Daniel Klose,2026-05-04,Players Championship,PT,Last 128,5.0,6.0,90.97,89.2
Charlie Manby,James Wade,2026-04-28,Players Championship,PT,Last 64,5.0,6.0,93.54,92.63
Charlie Manby,Stefaan Henderyck,2026-04-28,Players Championship,PT,Last 128,6.0,1.0,86.69,81.03
Charlie Manby,Niels Zonneveld,2026-04-27,Players Championship,PT,Last 128,4.0,6.0,91.11,95.73
Gabriel Clemens,Ryan Joyce,2026-05-08,European Tour,ET,Last 48 (Premier),3.0,6.0,90.36,87.7
Gabriel Clemens,Joe Hunt,2026-05-05,Players Championship,PT,Last 64,5.0,6.0,88.45,93.0
Maik Kuivenhoven,Mensur Suljović,2026-05-05,Players Championship,PT,Last 16,3.0,6.0,96.71,92.89
Maik Kuivenhoven,Connor Scutt,2026-05-05,Players Championship,PT,Last 32,6.0,3.0,87.76,88.01
Sebastian Bialecki,Wessel Nijman,2026-05-12,Players Championship,PT,Last 32,4.0,6.0,93.69,90.63
Sebastian Bialecki,Tommy Lishman,2026-05-12,Players Championship,PT,Last 64,6.0,3.0,91.15,86.01
Sebastian Bialecki,Peter Wright,2026-05-12,Players Championship,PT,Last 128,6.0,3.0,91.75,89.56
Sebastian Bialecki,Cristo Reyes,2026-05-05,Players Championship,PT,Last 128,1.0,6.0,92.84,108.06
Sebastian Bialecki,Maik Kuivenhoven,2026-05-04,Players Championship,PT,Last 32,5.0,6.0,99.85,95.39
Madars Razma,Krzysztof Ratajski,2026-05-05,Players Championship,PT,Last 64,2.0,6.0,86.06,96.58
Mario Vandenbogaerde,Ritchie Edhouse,2026-04-28,Players Championship,PT,Last 128,6.0,4.0,96.21,88.72
Mario Vandenbogaerde,William O&#039;Connor,2026-04-27,Players Championship,PT,Last 128,3.0,6.0,94.88,105.02
Darryl Pilgrim,Mario Vandenbogaerde,2026-05-05,Players Championship,PT,Last 128,5.0,6.0,86.63,83.98
Darryl Pilgrim,Kevin Doets,2026-05-04,Players Championship,PT,Last 64,3.0,6.0,82.24,93.26
Cam Crabtree,Jurjen van der Velde,2026-04-26,Development Tour,0,Last 128,2.0,4.0,89.77,93.16
Stephen Burton,Kevin Doets,2026-04-27,Players Championship,PT,Last 128,2.0,6.0,91.36,101.69
Christian Kist,David Sharp,2026-05-04,Players Championship,PT,Last 64,6.0,3.0,81.26,84.83
Brendan Dolan,Max Hopp,2026-04-28,Players Championship,PT,Last 32,3.0,6.0,93.94,96.81
Brendan Dolan,Andrew Gilding,2026-04-28,Players Championship,PT,Last 64,6.0,5.0,91.99,92.86
Alexander Merkx,James Wade,2026-05-04,Players Championship,PT,Last 64,6.0,2.0,89.98,85.85
Alexander Merkx,Stephen Burton,2026-05-04,Players Championship,PT,Last 128,6.0,2.0,94.86,83.1
Alexander Merkx,Gary Anderson,2026-04-28,Players Championship,PT,Last 16,3.0,6.0,88.17,98.33
Jeffrey de Zwaan,Nathan Aspinall,2026-04-18,European Tour,ET,Last 32,1.0,6.0,84.35,92.01
Jeffrey de Zwaan,Peter Wright,2026-04-17,European Tour,ET,Last 48 (Premier),6.0,3.0,91.54,86.89
Adam Lipscombe,Tom Bissell,2026-04-27,Players Championship,PT,Last 128,4.0,6.0,84.82,82.01
Jimmy van Schie,Kevin Doets,2026-04-28,Players Championship,PT,Last 32,3.0,6.0,94.11,97.95
Jimmy van Schie,Rusty-Jake Rodriguez,2026-04-28,Players Championship,PT,Last 64,6.0,3.0,94.85,83.69
Ryan Meikle,Thibault Tricole,2026-05-05,Players Championship,PT,Last 128,6.0,4.0,93.4,90.02
Ian White,Krzysztof Ratajski,2026-05-12,Players Championship,PT,Last 128,6.0,4.0,93.97,92.21
Scott Williams,Sietse Lap,2026-04-14,Players Championship,PT,Last 128,6.0,2.0,87.63,83.04
Darius Labanauskas,Anton Ostlund,2026-05-16,Nordic Baltic Tour,0,Quarter Final,6.0,5.0,87.39,82.28
Darius Labanauskas,Andreas Hyllgaardhus,2026-05-16,Nordic Baltic Tour,0,Last 16,6.0,1.0,87.38,80.92
Darius Labanauskas,Arunas Sakalauskas,2026-05-16,Nordic Baltic Tour,0,Last 32,6.0,4.0,83.2,79.2
Darius Labanauskas,Callum Goffin,2026-05-13,Players Championship,PT,Last 16,5.0,6.0,85.79,87.93
Chris Landman,Rob Cross,2026-05-05,Players Championship,PT,Last 128,2.0,6.0,89.34,93.37
Chris Landman,Niels Zonneveld,2026-05-04,Players Championship,PT,Last 128,2.0,6.0,82.8,95.75
Chris Landman,Chris Dobey,2026-04-28,Players Championship,PT,Last 16,1.0,6.0,82.96,99.29
Chris Landman,Andy Boulton,2026-04-28,Players Championship,PT,Last 32,6.0,2.0,79.98,82.76
Mervyn King,Krzysztof Ratajski,2026-04-28,Players Championship,PT,Last 64,5.0,6.0,94.78,98.38
Mervyn King,Filip Bereza,2026-04-28,Players Championship,PT,Last 128,6.0,3.0,85.4,81.7
Thibault Tricole,Brendan Dolan,2026-04-28,Players Championship,PT,Last 128,1.0,6.0,81.81,94.06
Thibault Tricole,James Wade,2026-04-27,Players Championship,PT,Last 64,2.0,6.0,81.47,87.35
Dennie Olde Kalter,Kim Huybrechts,2026-04-27,Players Championship,PT,Last 128,6.0,3.0,91.15,95.58
Ricardo Pietreczko,Adam Paxton,2026-04-15,European Tour Card Holder Qualifier,Q,Quarter Final,6.0,2.0,83.4,76.18
Benjamin Pratnemer,Joe Hunt,2026-04-27,Players Championship,PT,Last 32,5.0,6.0,87.02,83.49
Benjamin Pratnemer,Christian Kist,2026-04-27,Players Championship,PT,Last 64,6.0,4.0,93.08,94.35
Cor Dekker,Rusty-Jake Rodriguez,2026-05-04,Players Championship,PT,Last 128,6.0,5.0,92.28,87.16
David Sharp,Martijn Dragt,2026-04-27,Players Championship,PT,Last 128,3.0,6.0,82.7,82.04
David Sharp,Ritchie Edhouse,2026-04-15,European Tour Card Holder Qualifier,Q,Quarter Final,4.0,6.0,96.56,97.14
Tyler Thorpe,Dirk van Duijvenbode,2026-05-04,Players Championship,PT,Last 64,6.0,4.0,96.33,91.07
Stephen Rosney,Dirk van Duijvenbode,2026-04-27,Players Championship,PT,Last 64,4.0,6.0,88.69,94.73
Stephen Rosney,James Hurrell,2026-04-27,Players Championship,PT,Last 128,6.0,5.0,91.93,95.23
Peter Wright,Chris Dobey,2026-04-27,Players Championship,PT,Last 64,2.0,6.0,87.16,87.68
Peter Wright,Darius Labanauskas,2026-04-27,Players Championship,PT,Last 128,6.0,4.0,85.5,85.58
Owen Bates,Karel Sedláček,2026-04-27,Players Championship,PT,Last 64,4.0,6.0,93.5,92.5
Owen Bates,Viktor Tingstrom,2026-04-27,Players Championship,PT,Last 128,6.0,5.0,90.16,92.27
Andy Boulton,Yorick Hofkens,2026-05-12,Players Championship,PT,Last 128,6.0,1.0,92.04,82.76
Andy Boulton,Connor Scutt,2026-05-05,Players Championship,PT,Last 64,3.0,6.0,84.75,85.29
Kai Gotthardt,Karel Sedláček,2026-04-28,Players Championship,PT,Last 128,2.0,6.0,79.67,92.41
Kai Gotthardt,Danny Noppert,2026-04-27,Players Championship,PT,Last 128,3.0,6.0,89.82,103.63
Kai Gotthardt,Max Hopp,2026-04-01,European Tour Card Holder Qualifier,Q,Last 16,2.0,6.0,93.48,95.15
Nick Kenny,Danny Trueman,2026-05-04,Players Championship,PT,Last 128,1.0,6.0,89.39,90.61
Nick Kenny,Marvin van Velzen,2026-04-28,Players Championship,PT,Last 64,5.0,6.0,81.27,87.64
Adam Gawlas,Jonas Wagener,2026-04-26,Development Tour,0,Last 256,4.0,0.0,83.5,75.65
Dimitri Van den Bergh,Martijn Dragt,2026-05-05,Players Championship,PT,Last 64,3.0,6.0,92.64,88.22
Dimitri Van den Bergh,Kim Huybrechts,2026-05-05,Players Championship,PT,Last 128,6.0,2.0,100.51,92.48
Dimitri Van den Bergh,Ross Smith,2026-05-04,Players Championship,PT,Last 128,1.0,6.0,84.6,86.75
Jurjen van der Velde,Alan Soutar,2026-05-04,Players Championship,PT,Last 128,6.0,4.0,87.04,89.73
Jurjen van der Velde,Chris Dobey,2026-04-28,Players Championship,PT,Last 32,3.0,6.0,84.64,93.08
Jurjen van der Velde,Christian Kist,2026-04-28,Players Championship,PT,Last 64,6.0,3.0,89.76,83.54
Rhys Griffin,Tom Bissell,2026-04-15,European Tour Card Holder Qualifier,Q,Semi Final,1.0,6.0,83.11,88.11
Adam Warner,Nick Kenny,2026-04-15,European Tour Card Holder Qualifier,Q,Quarter Final,4.0,6.0,81.34,83.0
Dominik Gruellich,Charlie Manby,2026-04-26,Development Tour,0,Quarter Final,5.0,4.0,92.33,93.23
Thomas Lovely,Beau Greaves,2026-04-27,Players Championship,PT,Last 64,4.0,6.0,92.84,96.42
Pascal Rupprecht,Martijn Dragt,2026-05-04,Players Championship,PT,Last 128,6.0,4.0,84.29,84.64
Arno Merk,Adam Leek,2026-04-27,Players Championship,PT,Last 64,5.0,6.0,86.79,82.47
Martin Lukeman,Lukas Wenig,2026-04-27,Players Championship,PT,Last 128,0.0,6.0,82.09,90.18
Greg Ritchie,Niels Zonneveld,2026-04-14,Players Championship,PT,Last 128,5.0,6.0,92.55,99.26
Jim Long,Mickey Mansell,2026-05-04,Players Championship,PT,Last 128,6.0,4.0,83.57,82.83
Sietse Lap,Jeffrey Sparidaans,2026-04-28,Players Championship,PT,Last 128,6.0,1.0,97.61,87.26
Jeffrey Sparidaans,Sietse Lap,2026-04-28,Players Championship,PT,Last 128,1.0,6.0,87.26,97.61
Jeffrey Sparidaans,Beau Greaves,2026-04-27,Players Championship,PT,Last 32,2.0,6.0,84.23,97.49
Jeffrey Sparidaans,Niko Springer,2026-04-27,Players Championship,PT,Last 64,6.0,2.0,101.07,85.73
Jeffrey Sparidaans,Matthias Ehlers,2026-04-27,Players Championship,PT,Last 128,6.0,3.0,84.33,80.72
Leon Weber,Niall Culleton,2026-05-04,Players Championship,PT,Last 128,6.0,1.0,90.78,88.11
Adam Leek,Leon Weber,2026-04-27,Players Championship,PT,Last 32,5.0,6.0,79.72,92.41
Niall Culleton,Joe Hunt,2026-04-28,Players Championship,PT,Last 128,3.0,6.0,84.16,94.15
Carl Sneyd,Jonny Clayton,2026-03-30,Players Championship,PT,Last 64,3.0,6.0,84.26,93.22
Adam Paxton,Greg Ritchie,2026-04-15,European Tour Card Holder Qualifier,Q,Quarter Final,4.0,6.0,77.5,85.5
Adam Paxton,Ricardo Pietreczko,2026-04-15,European Tour Card Holder Qualifier,Q,Quarter Final,2.0,6.0,76.18,83.4
Stefaan Henderyck,Kim Huybrechts,2026-03-31,Players Championship,PT,Last 128,2.0,6.0,81.18,93.98
Stefan Bellmont,Adam Paxton,2026-04-28,Players Championship,PT,Last 128,6.0,4.0,86.19,82.02
Stefan Bellmont,Max Hopp,2026-04-27,Players Championship,PT,Last 128,1.0,6.0,80.88,99.74
Stefan Bellmont,Jeffrey Sparidaans,2026-04-15,European Tour Card Holder Qualifier,Q,Final,4.0,6.0,89.86,86.45
Oskar Lukasiak,Shane McGuirk,2026-04-27,Players Championship,PT,Last 128,1.0,6.0,82.0,88.65
Sam Price,Yorick Hofkens,2026-04-15,European Tour Card Holder Qualifier,Q,Quarter Final,5.0,6.0,89.85,88.92
Sam Price,Mervyn King,2026-04-15,European Tour Card Holder Qualifier,Q,Last 16,6.0,5.0,86.86,91.25
Sam Price,Bradley Brooks,2026-04-15,European Tour Card Holder Qualifier,Q,Quarter Final,3.0,6.0,85.92,86.79
Viktor Tingstrom,Jermaine Wattimena,2026-05-05,Players Championship,PT,Last 128,4.0,6.0,96.63,100.0
Marvin van Velzen,Tommy Lishman,2026-04-28,Players Championship,PT,Last 32,5.0,6.0,84.98,92.65
Marvin Kraft,Michael Smith,2026-04-27,Players Championship,PT,Last 128,5.0,6.0,80.27,82.32
Marvin Kraft,Kim Huybrechts,2026-04-15,European Tour Card Holder Qualifier,Q,Quarter Final,3.0,6.0,92.31,88.7
Yorick Hofkens,Sebastian Bialecki,2026-04-27,Players Championship,PT,Last 128,4.0,6.0,95.51,97.18
Yorick Hofkens,Tom Garfield,2026-04-26,Development Tour,0,Last 256,1.0,4.0,79.35,87.18
Yorick Hofkens,Archie Self,2026-04-25,Development Tour,0,Last 256,3.0,4.0,84.55,78.61
Rusty-Jake Rodriguez,Darius Labanauskas,2026-04-15,European Tour Card Holder Qualifier,Q,Last 16,1.0,6.0,84.05,87.28
Tytus Kanik,Marvin van Velzen,2026-04-14,Players Championship,PT,Last 128,4.0,6.0,85.42,77.98
Maximilian Czerwinski,Raymond van Barneveld,2026-04-14,Players Championship,PT,Last 128,2.0,6.0,83.98,98.65
Filip Bereza,Beau Greaves,2026-04-15,European Tour Card Holder Qualifier,Q,Quarter Final,6.0,5.0,88.25,92.86
Tavis Dudeney,Kim Huybrechts,2026-04-28,Players Championship,PT,Last 128,2.0,6.0,80.5,95.42
Tavis Dudeney,Callan Rydz,2026-04-27,Players Championship,PT,Last 128,4.0,6.0,88.29,95.51
Luke Humphries,Luke Littler,2026-05-07,Premier League,U,Weekly Final,5.0,6.0,100.9,100.67
Luke Humphries,Stephen Bunting,2026-05-07,Premier League,U,Weekly Semi Final,6.0,5.0,106.68,105.67
Luke Humphries,Josh Rock,2026-05-07,Premier League,U,Weekly Quarter Final,6.0,5.0,95.32,91.65
Luke Humphries,Luke Littler,2026-04-30,Premier League,U,Weekly Final,5.0,6.0,103.1,100.67
Luke Humphries,Gian van Veen,2026-04-30,Premier League,U,Weekly Semi Final,6.0,3.0,101.8,102.67
Luke Humphries,Michael van Gerwen,2026-04-30,Premier League,U,Weekly Quarter Final,6.0,3.0,99.18,91.02
Luke Humphries,Keane Barry,2026-04-28,Players Championship,PT,Last 128,5.0,6.0,98.89,89.8
Gian van Veen,Madars Razma,2026-05-09,European Tour,ET,Last 32,5.0,6.0,92.01,86.57
Gian van Veen,Stephen Bunting,2026-05-07,Premier League,U,Weekly Quarter Final,5.0,6.0,90.61,90.14
Gian van Veen,Luke Humphries,2026-04-30,Premier League,U,Weekly Semi Final,3.0,6.0,102.67,101.8
Chris Dobey,Dave Chisnall,2026-05-04,Players Championship,PT,Last 16,6.0,1.0,99.14,90.56
Chris Dobey,Tom Sykes,2026-05-04,Players Championship,PT,Last 32,6.0,5.0,102.7,101.27
Stephen Bunting,Jenson Walker,2026-05-13,Players Championship,PT,Last 128,6.0,3.0,103.39,101.49
Stephen Bunting,Dirk van Duijvenbode,2026-05-12,Players Championship,PT,Semi Final,5.0,7.0,97.36,100.64
Stephen Bunting,Joe Cullen,2026-05-12,Players Championship,PT,Quarter Final,6.0,3.0,94.39,91.0
Stephen Bunting,Andy Boulton,2026-05-12,Players Championship,PT,Last 16,6.0,3.0,106.85,89.14
Stephen Bunting,Leon Weber,2026-05-12,Players Championship,PT,Last 32,6.0,1.0,89.78,81.27
Wessel Nijman,Chris Landman,2026-05-12,Players Championship,PT,Last 64,6.0,2.0,92.67,92.42
Wessel Nijman,Ricardo Pietreczko,2026-05-12,Players Championship,PT,Last 128,6.0,0.0,88.41,76.31
Wessel Nijman,Niko Springer,2026-05-09,European Tour,ET,Last 32,0.0,6.0,92.5,100.2
Wessel Nijman,Max Hopp,2026-05-05,Players Championship,PT,Final,8.0,1.0,104.62,98.08
Wessel Nijman,Danny Noppert,2026-05-05,Players Championship,PT,Semi Final,7.0,2.0,100.66,91.47
Josh Rock,Cristo Reyes,2026-05-10,European Tour,ET,Quarter Final,6.0,4.0,96.97,93.55
Dirk van Duijvenbode,Josh Rock,2026-05-12,Players Championship,PT,Quarter Final,6.0,3.0,97.95,95.93
Dirk van Duijvenbode,Chris Dobey,2026-05-12,Players Championship,PT,Last 16,6.0,4.0,103.58,104.43
Dirk van Duijvenbode,Darryl Pilgrim,2026-05-12,Players Championship,PT,Last 32,6.0,1.0,100.64,84.71
Dirk van Duijvenbode,Niall Culleton,2026-05-12,Players Championship,PT,Last 64,6.0,2.0,92.86,83.47
Dirk van Duijvenbode,Tytus Kanik,2026-05-12,Players Championship,PT,Last 128,6.0,4.0,97.36,95.55
Jonny Clayton,Dave Chisnall,2026-05-12,Players Championship,PT,Last 32,5.0,6.0,99.2,100.48
Jonny Clayton,Scott Waites,2026-05-12,Players Championship,PT,Last 64,6.0,3.0,96.57,99.72
Ross Smith,Ian White,2026-05-05,Players Championship,PT,Last 128,4.0,6.0,95.01,97.85
Ross Smith,Darius Labanauskas,2026-05-04,Players Championship,PT,Last 32,0.0,6.0,89.33,92.02
Ross Smith,Jim Long,2026-05-04,Players Championship,PT,Last 64,6.0,1.0,97.36,88.38
Ross Smith,Dimitri Van den Bergh,2026-05-04,Players Championship,PT,Last 128,6.0,1.0,86.75,84.6
Kevin Doets,Martijn Dragt,2026-05-12,Players Championship,PT,Last 64,4.0,6.0,97.54,105.6
Kevin Doets,Robert Owen,2026-05-12,Players Championship,PT,Last 128,6.0,0.0,106.09,94.22
Kevin Doets,Josh Rock,2026-05-10,European Tour,ET,Final,6.0,8.0,101.2,101.56
Kevin Doets,Rob Cross,2026-05-10,European Tour,ET,Semi Final,7.0,3.0,96.2,96.9
Kevin Doets,Luke Woodhouse,2026-05-10,European Tour,ET,Quarter Final,6.0,3.0,112.31,92.15
Kevin Doets,Ryan Joyce,2026-05-10,European Tour,ET,Last 16,6.0,2.0,94.66,81.67
James Wade,Wesley Plaisier,2026-05-04,Players Championship,PT,Last 128,6.0,2.0,99.56,81.78
Rob Cross,James Wade,2026-05-05,Players Championship,PT,Last 32,6.0,3.0,105.95,100.16
Danny Noppert,Dirk van Duijvenbode,2026-05-05,Players Championship,PT,Last 16,6.0,2.0,102.37,98.37
Danny Noppert,Mickey Mansell,2026-05-05,Players Championship,PT,Last 32,6.0,5.0,92.23,87.83
Danny Noppert,Marvin Kraft,2026-05-05,Players Championship,PT,Last 64,6.0,5.0,97.07,95.85
Danny Noppert,Sam Price,2026-05-05,Players Championship,PT,Last 128,6.0,0.0,84.28,68.44
Danny Noppert,Robert Owen,2026-05-04,Players Championship,PT,Last 64,4.0,6.0,89.78,95.22
Danny Noppert,Tavis Dudeney,2026-05-04,Players Championship,PT,Last 128,6.0,0.0,86.71,68.42
Ryan Searle,Maximilian Czerwinski,2026-04-28,Players Championship,PT,Last 64,6.0,4.0,94.31,90.14
Ryan Searle,Ricardo Pietreczko,2026-04-28,Players Championship,PT,Last 128,6.0,4.0,95.73,84.66
Ryan Searle,Leon Weber,2026-04-27,Players Championship,PT,Last 128,3.0,6.0,83.92,89.11
Ryan Searle,Wessel Nijman,2026-04-18,European Tour,ET,Last 32,2.0,6.0,96.0,104.12
Krzysztof Ratajski,James Hurrell,2026-05-05,Players Championship,PT,Last 16,6.0,1.0,95.48,86.21
Krzysztof Ratajski,Darius Labanauskas,2026-05-05,Players Championship,PT,Last 32,6.0,0.0,99.1,87.96
Damon Heta,Max Hopp,2026-05-05,Players Championship,PT,Last 32,4.0,6.0,86.58,95.74
Damon Heta,Jim Long,2026-05-05,Players Championship,PT,Last 64,6.0,1.0,110.78,84.88
Damon Heta,Tavis Dudeney,2026-05-05,Players Championship,PT,Last 128,6.0,2.0,100.8,89.12
Damon Heta,Maik Kuivenhoven,2026-05-04,Players Championship,PT,Last 128,4.0,6.0,96.06,93.64
Jermaine Wattimena,Levy Frauenfelder,2026-05-13,Players Championship,PT,Last 128,6.0,4.0,93.16,89.8
Jermaine Wattimena,Kim Huybrechts,2026-05-12,Players Championship,PT,Last 32,3.0,6.0,99.72,107.05
Jermaine Wattimena,Jim Long,2026-05-12,Players Championship,PT,Last 64,6.0,2.0,93.55,88.73
Jermaine Wattimena,Tavis Dudeney,2026-05-12,Players Championship,PT,Last 128,6.0,3.0,101.98,83.72
Jermaine Wattimena,Andrew Gilding,2026-05-09,European Tour,ET,Last 32,4.0,6.0,95.77,100.92
Jermaine Wattimena,Alexander Merkx,2026-05-05,Players Championship,PT,Last 64,2.0,6.0,91.44,93.38
Jermaine Wattimena,Viktor Tingstrom,2026-05-05,Players Championship,PT,Last 128,6.0,4.0,100.0,96.63
Luke Woodhouse,Mensur Suljović,2026-05-04,Players Championship,PT,Semi Final,7.0,2.0,90.59,79.53
Martin Schindler,Peter Wright,2026-05-09,European Tour,ET,Last 32,6.0,2.0,90.89,82.42
William O&#039;Connor,Stephen Rosney,2026-05-05,Players Championship,PT,Last 128,6.0,2.0,96.68,96.64
William O&#039;Connor,Derek Coulson,2026-05-04,Players Championship,PT,Last 32,3.0,6.0,97.13,103.43
Niels Zonneveld,Charlie Manby,2026-04-27,Players Championship,PT,Last 128,6.0,4.0,95.73,91.11
Andrew Gilding,Wesley Plaisier,2026-05-13,Players Championship,PT,Last 128,6.0,4.0,92.04,85.45
Andrew Gilding,Nick Kenny,2026-05-12,Players Championship,PT,Last 64,5.0,6.0,88.86,89.37
Andrew Gilding,Thibault Tricole,2026-05-12,Players Championship,PT,Last 128,6.0,4.0,95.45,90.93
Andrew Gilding,Rob Cross,2026-05-10,European Tour,ET,Quarter Final,1.0,6.0,88.57,93.92
Cristo Reyes,James Hurrell,2026-05-05,Players Championship,PT,Last 32,5.0,6.0,89.53,88.14
Cristo Reyes,Marvin van Velzen,2026-05-05,Players Championship,PT,Last 64,6.0,1.0,87.03,78.18
Karel Sedláček,Kai Gotthardt,2026-04-28,Players Championship,PT,Last 128,6.0,2.0,92.41,79.67
Justin Hood,Martin Lukeman,2026-05-05,Players Championship,PT,Last 128,6.0,5.0,85.67,80.81
Justin Hood,Richard Veenstra,2026-05-04,Players Championship,PT,Last 128,5.0,6.0,93.0,95.25
Justin Hood,James Wade,2026-04-28,Players Championship,PT,Last 32,2.0,6.0,95.28,100.37
Bradley Brooks,Sam Price,2026-04-15,European Tour Card Holder Qualifier,Q,Quarter Final,6.0,3.0,86.79,85.92
Daryl Gurney,Nathan Potter,2026-04-28,Players Championship,PT,Last 32,5.0,6.0,92.82,92.7
Daryl Gurney,Darius Labanauskas,2026-04-28,Players Championship,PT,Last 64,6.0,2.0,98.8,92.54
Daryl Gurney,Shane McGuirk,2026-04-28,Players Championship,PT,Last 128,6.0,5.0,90.74,89.64
Mike De Decker,Cristo Reyes,2026-04-27,Players Championship,PT,Last 64,2.0,6.0,86.7,86.56
Alan Soutar,Cristo Reyes,2026-04-27,Players Championship,PT,Last 32,0.0,6.0,96.69,103.66
Callan Rydz,Gabriel Clemens,2026-04-27,Players Championship,PT,Last 64,6.0,5.0,86.93,91.13
Callan Rydz,Tavis Dudeney,2026-04-27,Players Championship,PT,Last 128,6.0,4.0,95.51,88.29
Callan Rydz,Stefan Bellmont,2026-04-15,European Tour Card Holder Qualifier,Q,Quarter Final,4.0,6.0,87.5,86.16
Niko Springer,Christopher Wickenden,2026-05-12,Players Championship,PT,Last 128,6.0,1.0,112.48,88.4
Niko Springer,Josh Rock,2026-05-10,European Tour,ET,Last 16,5.0,6.0,90.4,90.25
Joe Cullen,Kai Gotthardt,2026-05-05,Players Championship,PT,Last 128,6.0,5.0,99.06,92.95
Richard Veenstra,Ritchie Edhouse,2026-05-04,Players Championship,PT,Last 64,5.0,6.0,107.62,104.87
Kim Huybrechts,Andrew Gilding,2026-05-10,European Tour,ET,Last 16,5.0,6.0,83.53,86.76
Kim Huybrechts,Chris Dobey,2026-05-09,European Tour,ET,Last 32,6.0,5.0,98.94,99.97
Kim Huybrechts,Karel Sedláček,2026-05-08,European Tour,ET,Last 48 (Premier),6.0,3.0,94.09,92.07
Jeffrey de Graaf,Leon Weber,2026-04-27,Players Championship,PT,Last 64,5.0,6.0,100.27,98.57
Jeffrey de Graaf,Ritchie Edhouse,2026-04-27,Players Championship,PT,Last 128,6.0,1.0,106.99,104.03
Jeffrey de Graaf,Charlie Manby,2026-04-15,European Tour Card Holder Qualifier,Q,Semi Final,3.0,6.0,98.04,92.98
Connor Scutt,Arno Merk,2026-05-04,Players Championship,PT,Last 64,6.0,5.0,83.9,83.82
Connor Scutt,Gary Anderson,2026-05-04,Players Championship,PT,Last 128,6.0,4.0,97.74,100.65
Cameron Menzies,Rhys Griffin,2026-04-28,Players Championship,PT,Last 128,6.0,5.0,85.54,88.76
Cameron Menzies,Alexander Merkx,2026-04-27,Players Championship,PT,Last 128,5.0,6.0,88.2,95.69
Wesley Plaisier,Gabriel Clemens,2026-04-14,Players Championship,PT,Last 64,0.0,6.0,79.86,96.97
Max Hopp,Tommy Lishman,2026-05-04,Players Championship,PT,Last 128,5.0,6.0,85.18,88.07
Max Hopp,Tom Bissell,2026-04-28,Players Championship,PT,Quarter Final,3.0,6.0,90.56,101.81
Ricky Evans,Robert Owen,2026-04-15,European Tour Card Holder Qualifier,Q,Semi Final,6.0,3.0,99.67,91.48
Keane Barry,Tyler Thorpe,2026-05-05,Players Championship,PT,Last 32,6.0,2.0,101.3,88.68
Keane Barry,Pascal Rupprecht,2026-05-05,Players Championship,PT,Last 64,6.0,2.0,91.17,83.15
Keane Barry,Stefaan Henderyck,2026-05-05,Players Championship,PT,Last 128,6.0,2.0,96.7,90.48
Keane Barry,Viktor Tingstrom,2026-05-04,Players Championship,PT,Last 128,5.0,6.0,87.26,94.6
Lukas Wenig,Dave Chisnall,2026-04-28,Players Championship,PT,Last 128,6.0,5.0,93.23,89.15
Lukas Wenig,Alexander Merkx,2026-04-27,Players Championship,PT,Last 64,2.0,6.0,87.88,98.4
Tom Bissell,Benjamin Pratnemer,2026-05-04,Players Championship,PT,Last 128,3.0,6.0,83.73,90.44
Tom Bissell,Wessel Nijman,2026-04-28,Players Championship,PT,Semi Final,4.0,7.0,100.18,103.41
Beau Greaves,Trina Gulliver,2026-05-16,Women&#039;s Series,0,Final,5.0,1.0,88.35,77.97
Beau Greaves,Lisa Ashton,2026-05-16,Women&#039;s Series,0,Semi Final,5.0,1.0,95.61,85.87
Mensur Suljović,Martin Meyer,2026-05-07,European Tour Home Nation Qualifier,Q,Semi Final,6.0,2.0,79.56,76.1
Mensur Suljović,Christian Goedl,2026-05-07,European Tour Home Nation Qualifier,Q,Quarter Final,6.0,1.0,88.74,83.44
Mensur Suljović,Sebastian Angerer,2026-05-07,European Tour Home Nation Qualifier,Q,Last 16,6.0,4.0,89.96,81.34
Ritchie Edhouse,Alexander Merkx,2026-05-04,Players Championship,PT,Last 32,6.0,5.0,92.33,89.46
Dave Chisnall,Mario Vandenbogaerde,2026-05-04,Players Championship,PT,Last 64,6.0,4.0,97.18,93.86
Ryan Joyce,Gabriel Clemens,2026-04-27,Players Championship,PT,Last 128,2.0,6.0,77.57,83.45
Michael Smith,Andrew Gilding,2026-04-27,Players Championship,PT,Quarter Final,6.0,5.0,85.75,92.37
Tom Sykes,Raymond van Barneveld,2026-05-04,Players Championship,PT,Last 128,6.0,2.0,91.02,85.26
Mickey Mansell,Alan Soutar,2026-05-05,Players Championship,PT,Last 128,6.0,5.0,96.2,87.9
Mickey Mansell,Jim Long,2026-05-04,Players Championship,PT,Last 128,4.0,6.0,82.83,83.57
Mickey Mansell,Maik Kuivenhoven,2026-04-28,Players Championship,PT,Last 128,4.0,6.0,95.1,97.34
Shane McGuirk,Keane Barry,2026-04-15,European Tour Card Holder Qualifier,Q,Final,3.0,6.0,96.21,91.91
Shane McGuirk,Nick Kenny,2026-04-15,European Tour Card Holder Qualifier,Q,Semi Final,6.0,1.0,95.75,83.78
Maik Kuivenhoven,Arno Merk,2026-05-05,Players Championship,PT,Last 64,6.0,5.0,92.23,87.25
Maik Kuivenhoven,Mervyn King,2026-05-05,Players Championship,PT,Last 128,6.0,3.0,95.15,86.28
Maik Kuivenhoven,Kevin Doets,2026-05-04,Players Championship,PT,Semi Final,1.0,7.0,91.13,99.2
Maik Kuivenhoven,Andrew Gilding,2026-05-04,Players Championship,PT,Quarter Final,6.0,4.0,87.64,97.1
Charlie Manby,Dominik Gruellich,2026-04-26,Development Tour,0,Quarter Final,4.0,5.0,93.23,92.33
Charlie Manby,Ieuan Halsall,2026-04-26,Development Tour,0,Last 16,4.0,1.0,85.99,79.43
Gabriel Clemens,Ryan Joyce,2026-05-05,Players Championship,PT,Last 128,6.0,5.0,83.65,85.94
Gabriel Clemens,Tommy Morris,2026-05-04,Players Championship,PT,Last 128,3.0,6.0,91.15,95.61
Sebastian Bialecki,Benjamin Pratnemer,2026-05-04,Players Championship,PT,Last 64,6.0,5.0,99.93,96.75
Sebastian Bialecki,Steve Lennon,2026-05-04,Players Championship,PT,Last 128,6.0,1.0,90.44,86.35
Sebastian Bialecki,Wessel Nijman,2026-04-28,Players Championship,PT,Last 32,3.0,6.0,90.81,99.95
Madars Razma,Scott Williams,2026-05-05,Players Championship,PT,Last 128,6.0,1.0,89.51,82.71
Madars Razma,Dirk van Duijvenbode,2026-05-04,Players Championship,PT,Last 128,3.0,6.0,85.13,109.1
Mario Vandenbogaerde,Rob Cross,2026-04-15,European Tour Card Holder Qualifier,Q,Quarter Final,4.0,6.0,89.12,87.78
Darryl Pilgrim,Shane McGuirk,2026-05-04,Players Championship,PT,Last 128,6.0,4.0,93.34,94.35
Darryl Pilgrim,Max Hopp,2026-04-28,Players Championship,PT,Last 16,5.0,6.0,91.98,98.49
Cam Crabtree,Shaun Conway,2026-04-26,Development Tour,0,Last 256,4.0,2.0,76.94,69.59
Cam Crabtree,Ellis Hobday,2026-04-26,Development Tour,0,Last 512,4.0,0.0,88.41,46.55
Christian Kist,Callan Rydz,2026-05-04,Players Championship,PT,Last 128,6.0,4.0,86.04,83.88
Christian Kist,Jurjen van der Velde,2026-04-28,Players Championship,PT,Last 64,3.0,6.0,83.54,89.76
Christian Kist,Rob Cross,2026-04-28,Players Championship,PT,Last 128,6.0,5.0,91.79,94.48
Christian Kist,Benjamin Pratnemer,2026-04-27,Players Championship,PT,Last 64,4.0,6.0,94.35,93.08
Stephen Burton,Jimmy van Schie,2026-04-15,European Tour Card Holder Qualifier,Q,Quarter Final,4.0,6.0,85.43,87.71
Stephen Burton,Lukas Wenig,2026-04-15,European Tour Card Holder Qualifier,Q,Final,4.0,6.0,93.3,94.8
Stephen Burton,Ricardo Pietreczko,2026-04-15,European Tour Card Holder Qualifier,Q,Semi Final,6.0,4.0,92.04,85.44
Brendan Dolan,Thibault Tricole,2026-04-28,Players Championship,PT,Last 128,6.0,1.0,94.06,81.81
Jeffrey de Zwaan,Tom Bissell,2026-04-15,European Tour Card Holder Qualifier,Q,Final,4.0,6.0,101.96,101.63
Alexander Merkx,Ryan Meikle,2026-04-28,Players Championship,PT,Last 32,6.0,3.0,91.88,88.03
Adam Lipscombe,Jurjen van der Velde,2026-04-15,European Tour Card Holder Qualifier,Q,Quarter Final,0.0,6.0,80.2,93.94
Jimmy van Schie,Dirk van Duijvenbode,2026-04-28,Players Championship,PT,Last 128,6.0,4.0,96.13,94.23
Jimmy van Schie,Gary Anderson,2026-04-27,Players Championship,PT,Last 128,4.0,6.0,94.11,98.29
Jimmy van Schie,Chris Landman,2026-04-15,European Tour Card Holder Qualifier,Q,Semi Final,3.0,6.0,92.66,100.31
Ian White,Daryl Gurney,2026-05-09,European Tour,ET,Last 32,3.0,6.0,94.59,97.67
Ryan Meikle,Darius Labanauskas,2026-05-04,Players Championship,PT,Last 128,2.0,6.0,94.56,96.72
Ryan Meikle,Alexander Merkx,2026-04-28,Players Championship,PT,Last 32,3.0,6.0,88.03,91.88
Ryan Meikle,Lukas Wenig,2026-04-28,Players Championship,PT,Last 64,6.0,4.0,95.15,92.59
Scott Williams,Kim Huybrechts,2026-04-13,Players Championship,PT,Last 64,5.0,6.0,93.91,94.04
Darius Labanauskas,Wessel Nijman,2026-05-13,Players Championship,PT,Last 32,6.0,5.0,93.68,96.17
Raymond van Barneveld,Adam Leek,2026-04-15,European Tour Card Holder Qualifier,Q,Quarter Final,5.0,6.0,85.91,95.24
Chris Landman,Martin Lukeman,2026-04-28,Players Championship,PT,Last 64,6.0,5.0,90.74,85.05
Chris Landman,Derek Coulson,2026-04-28,Players Championship,PT,Last 128,6.0,1.0,92.97,88.82
Mervyn King,Jermaine Wattimena,2026-04-27,Players Championship,PT,Last 128,2.0,6.0,88.68,107.64
Dennie Olde Kalter,Thomas Lovely,2026-04-15,European Tour Card Holder Qualifier,Q,Quarter Final,1.0,6.0,89.14,92.5
Thibault Tricole,Ryan Meikle,2026-04-27,Players Championship,PT,Last 128,6.0,2.0,100.03,94.33
Ricardo Pietreczko,Scott Williams,2026-04-14,Players Championship,PT,Last 64,1.0,6.0,84.51,92.33
Benjamin Pratnemer,Richard Veenstra,2026-04-27,Players Championship,PT,Last 128,6.0,3.0,97.74,90.38
Cor Dekker,Tom Bissell,2026-04-28,Players Championship,PT,Last 32,3.0,6.0,93.25,98.13
Tyler Thorpe,Oliver Mitchell,2026-05-04,Players Championship,PT,Last 128,6.0,1.0,81.29,80.11
David Sharp,Lukas Wenig,2026-04-15,European Tour Card Holder Qualifier,Q,Quarter Final,5.0,6.0,88.17,89.58
Peter Wright,Jeffrey de Zwaan,2026-04-17,European Tour,ET,Last 48 (Premier),3.0,6.0,86.89,91.54
Stephen Rosney,Jeffrey de Graaf,2026-04-15,European Tour Card Holder Qualifier,Q,Quarter Final,5.0,6.0,94.63,91.85
Stephen Rosney,Dennie Olde Kalter,2026-04-15,European Tour Card Holder Qualifier,Q,Quarter Final,4.0,6.0,87.79,95.98
Owen Bates,Jamai van den Herik,2026-04-26,Development Tour,0,Last 128,3.0,4.0,89.89,87.08
Andy Boulton,Callan Rydz,2026-05-05,Players Championship,PT,Last 128,6.0,3.0,89.14,76.9
Kai Gotthardt,Yorick Hofkens,2026-04-01,European Tour Card Holder Qualifier,Q,Quarter Final,2.0,6.0,78.64,81.99
Nick Kenny,Joe Cullen,2026-04-28,Players Championship,PT,Last 128,6.0,5.0,87.26,85.96
Adam Gawlas,Ashton Brown,2026-04-25,Development Tour,0,Last 16,0.0,4.0,78.38,89.73
Dimitri Van den Bergh,Nathan Potter,2026-04-28,Players Championship,PT,Last 64,3.0,6.0,94.12,94.74
Dimitri Van den Bergh,Gian van Veen,2026-04-28,Players Championship,PT,Last 128,6.0,2.0,91.2,87.71
Dimitri Van den Bergh,Connor Scutt,2026-04-27,Players Championship,PT,Last 128,0.0,6.0,94.3,106.09
Dimitri Van den Bergh,Rhys Griffin,2026-04-15,European Tour Card Holder Qualifier,Q,Quarter Final,3.0,6.0,86.6,87.87
Jurjen van der Velde,James Hurrell,2026-04-28,Players Championship,PT,Last 128,6.0,5.0,82.26,80.09
Rhys Griffin,Dimitri Van den Bergh,2026-04-15,European Tour Card Holder Qualifier,Q,Quarter Final,6.0,3.0,87.87,86.6
Adam Warner,James Hurrell,2026-04-15,European Tour Card Holder Qualifier,Q,Quarter Final,5.0,6.0,85.5,90.05
Thomas Lovely,Daryl Gurney,2026-04-27,Players Championship,PT,Last 128,6.0,4.0,96.45,100.03
Thomas Lovely,Charlie Manby,2026-04-15,European Tour Card Holder Qualifier,Q,Final,3.0,6.0,90.56,89.39
Dominik Gruellich,Nathan Gill,2026-04-26,Development Tour,0,Last 16,4.0,2.0,83.09,66.35
Arno Merk,Tommy Lishman,2026-04-27,Players Championship,PT,Last 128,6.0,3.0,85.68,86.54
Pascal Rupprecht,Kim Huybrechts,2026-04-01,European Tour Card Holder Qualifier,Q,Final,3.0,6.0,87.13,91.51
Pascal Rupprecht,Adam Gawlas,2026-04-01,European Tour Card Holder Qualifier,Q,Semi Final,6.0,0.0,83.5,76.88
Martin Lukeman,Maik Kuivenhoven,2026-04-15,European Tour Card Holder Qualifier,Q,Quarter Final,3.0,6.0,87.35,89.94
Greg Ritchie,Martijn Dragt,2026-04-13,Players Championship,PT,Last 64,2.0,6.0,80.42,86.52
Jim Long,Alan Soutar,2026-04-28,Players Championship,PT,Last 128,3.0,6.0,85.9,94.36
Jim Long,Karel Sedláček,2026-04-27,Players Championship,PT,Last 128,2.0,6.0,86.83,97.46
Jeffrey Sparidaans,Stefan Bellmont,2026-04-15,European Tour Card Holder Qualifier,Q,Final,6.0,4.0,86.45,89.86
Jeffrey Sparidaans,Lukas Wenig,2026-04-15,European Tour Card Holder Qualifier,Q,Semi Final,6.0,5.0,99.27,96.37
Sietse Lap,Gian van Veen,2026-04-27,Players Championship,PT,Last 128,3.0,6.0,95.35,98.58
Sietse Lap,Cam Crabtree,2026-04-15,European Tour Card Holder Qualifier,Q,Quarter Final,2.0,6.0,95.5,100.41
Leon Weber,Sam Price,2026-04-28,Players Championship,PT,Last 128,5.0,6.0,89.13,87.45
Leon Weber,Wessel Nijman,2026-04-27,Players Championship,PT,Last 16,1.0,6.0,88.44,93.68
Adam Leek,Arno Merk,2026-04-27,Players Championship,PT,Last 64,6.0,5.0,82.47,86.79
Adam Leek,Josh Rock,2026-04-27,Players Championship,PT,Last 128,6.0,3.0,96.27,89.84
Adam Leek,Keane Barry,2026-04-15,European Tour Card Holder Qualifier,Q,Semi Final,3.0,6.0,90.19,96.02
Niall Culleton,Dirk van Duijvenbode,2026-04-27,Players Championship,PT,Last 128,4.0,6.0,85.94,90.66
Carl Sneyd,Dennie Olde Kalter,2026-03-30,Players Championship,PT,Last 128,6.0,1.0,83.74,85.65
Adam Paxton,Josh Rock,2026-04-14,Players Championship,PT,Last 128,4.0,6.0,90.33,96.28
Stefan Bellmont,Sebastian Bialecki,2026-04-15,European Tour Card Holder Qualifier,Q,Semi Final,6.0,2.0,91.56,86.55
Stefaan Henderyck,Matthias Ehlers,2026-03-30,Players Championship,PT,Last 128,5.0,6.0,78.36,86.72
Oskar Lukasiak,Ralfs Laumanis,2026-04-26,Nordic Baltic Tour,0,Last 64,4.0,6.0,73.22,76.04
Viktor Tingstrom,Andrew Gilding,2026-05-04,Players Championship,PT,Last 16,3.0,6.0,91.44,94.64
Viktor Tingstrom,Christian Kist,2026-05-04,Players Championship,PT,Last 32,6.0,5.0,94.5,86.77
Marvin van Velzen,Nick Kenny,2026-04-28,Players Championship,PT,Last 64,6.0,5.0,87.64,81.27
Yorick Hofkens,Shaun Conway,2026-04-25,Development Tour,0,Last 512,4.0,1.0,84.17,62.38
Yorick Hofkens,Ben Townley,2026-04-25,Development Tour,0,Semi Final,3.0,5.0,82.99,83.18
Marvin Kraft,Sebastian Bialecki,2026-04-15,European Tour Card Holder Qualifier,Q,Quarter Final,5.0,6.0,88.1,98.85
Marvin Kraft,Cam Crabtree,2026-04-14,Players Championship,PT,Last 128,2.0,6.0,99.97,101.62
Rusty-Jake Rodriguez,Ricky Evans,2026-04-15,European Tour Card Holder Qualifier,Q,Quarter Final,2.0,6.0,79.52,88.96
Maximilian Czerwinski,Steve Lennon,2026-04-13,Players Championship,PT,Last 128,1.0,6.0,76.7,88.86
Tytus Kanik,Callan Rydz,2026-04-13,Players Championship,PT,Last 128,2.0,6.0,78.02,87.91
Filip Bereza,Ryan Meikle,2026-04-15,European Tour Card Holder Qualifier,Q,Quarter Final,4.0,6.0,83.64,86.48
Pero Ljubić,Andy Boulton,2026-02-11,European Tour Card Holder Qualifier,Q,Last 16,4.0,6.0,86.51,93.48
Tavis Dudeney,Jenson Walker,2026-04-26,Development Tour,0,Last 64,2.0,4.0,96.42,94.47
Tavis Dudeney,Niclas Wierling,2026-04-26,Development Tour,0,Last 128,4.0,2.0,85.98,77.44
Tavis Dudeney,Dan Outwin,2026-04-26,Development Tour,0,Last 256,4.0,2.0,79.3,80.25
Beau Greaves,Stephen Bunting,2026-05-13,Players Championship,PT,Last 64,3.0,6.0,90.72,94.97
Beau Greaves,Harry Ward,2026-05-13,Players Championship,PT,Last 128,6.0,5.0,89.98,99.04
Beau Greaves,Michael van Gerwen,2026-05-12,Players Championship,PT,Quarter Final,2.0,6.0,97.02,102.47
Beau Greaves,Dave Chisnall,2026-05-12,Players Championship,PT,Last 16,6.0,3.0,87.72,88.32
Beau Greaves,Nick Kenny,2026-05-12,Players Championship,PT,Last 32,6.0,4.0,103.31,98.47
Beau Greaves,Jeffrey de Graaf,2026-05-12,Players Championship,PT,Last 64,6.0,4.0,93.29,93.37
Beau Greaves,Damon Heta,2026-05-12,Players Championship,PT,Last 128,6.0,2.0,91.02,82.11
Beau Greaves,William O&#039;Connor,2026-05-05,Players Championship,PT,Last 64,4.0,6.0,90.82,91.34
Beau Greaves,Jack Tweddell,2026-05-05,Players Championship,PT,Last 128,6.0,2.0,103.41,91.22
Beau Greaves,Robert Owen,2026-05-04,Players Championship,PT,Last 32,5.0,6.0,92.34,94.3
Darius Labanauskas,Cristo Reyes,2026-05-13,Players Championship,PT,Last 64,6.0,4.0,90.94,95.67
Darius Labanauskas,Marvin Kraft,2026-05-13,Players Championship,PT,Last 128,6.0,3.0,91.3,91.91
Darius Labanauskas,Martin Schindler,2026-05-12,Players Championship,PT,Last 32,2.0,6.0,98.16,113.79
Darius Labanauskas,Ryan Searle,2026-05-12,Players Championship,PT,Last 64,6.0,5.0,103.29,99.41
Darius Labanauskas,Jack Tweddell,2026-05-12,Players Championship,PT,Last 128,6.0,1.0,89.82,86.02
Darius Labanauskas,Krzysztof Ratajski,2026-05-05,Players Championship,PT,Last 32,0.0,6.0,87.96,99.1
Darius Labanauskas,Michael Smith,2026-05-05,Players Championship,PT,Last 64,6.0,3.0,95.81,94.8
Darius Labanauskas,Jenson Walker,2026-05-05,Players Championship,PT,Last 128,6.0,4.0,92.87,85.08
Cor Dekker,Kim Huybrechts,2026-04-28,Players Championship,PT,Last 64,6.0,5.0,85.17,88.03
Cor Dekker,Adam Lipscombe,2026-04-28,Players Championship,PT,Last 128,6.0,4.0,93.08,93.2
Viktor Tingstrom,Wessel Nijman,2026-05-04,Players Championship,PT,Last 64,6.0,4.0,95.4,96.19
Viktor Tingstrom,Keane Barry,2026-05-04,Players Championship,PT,Last 128,6.0,5.0,94.6,87.26
Viktor Tingstrom,Robert Owen,2026-04-28,Players Championship,PT,Last 128,3.0,6.0,84.2,83.31
Viktor Tingstrom,Owen Bates,2026-04-27,Players Championship,PT,Last 128,5.0,6.0,92.27,90.16
Viktor Tingstrom,Cor Dekker,2026-04-26,Nordic Baltic Tour,0,Semi Final,5.0,6.0,87.22,87.74
Viktor Tingstrom,Dmitriy Zhukov,2026-04-26,Nordic Baltic Tour,0,Quarter Final,6.0,5.0,82.73,79.37
Viktor Tingstrom,Daniel Larsson,2026-04-26,Nordic Baltic Tour,0,Last 16,6.0,3.0,90.83,91.9
Oskar Lukasiak,Johan Engstrom,2026-04-25,Nordic Baltic Tour,0,Last 32,2.0,6.0,83.18,89.09
Oskar Lukasiak,Edwin Torbjornsson,2026-04-25,Nordic Baltic Tour,0,Last 64,6.0,3.0,82.14,74.62
Oskar Lukasiak,Danny Noppert,2026-04-18,European Tour,ET,Last 32,5.0,6.0,86.77,84.53
Oskar Lukasiak,Daryl Gurney,2026-04-17,European Tour,ET,Last 48 (Premier),6.0,5.0,82.37,77.8
Oskar Lukasiak,Richard Veenstra,2026-04-01,European Tour Card Holder Qualifier,Q,Final,6.0,2.0,82.11,77.44
Oskar Lukasiak,Martin Lukeman,2026-04-01,European Tour Card Holder Qualifier,Q,Semi Final,6.0,3.0,90.86,84.94
Oskar Lukasiak,Chris Landman,2026-04-01,European Tour Card Holder Qualifier,Q,Quarter Final,6.0,5.0,87.61,90.56
Luke Littler,Luke Humphries,2026-04-23,Premier League,U,Weekly Quarter Final,6.0,2.0,97.22,99.39
Luke Littler,Jonny Clayton,2026-04-16,Premier League,U,Weekly Final,4.0,6.0,95.41,99.16
Luke Humphries,Max Hopp,2026-04-27,Players Championship,PT,Last 32,5.0,6.0,99.17,92.2
Luke Humphries,Shane McGuirk,2026-04-27,Players Championship,PT,Last 64,6.0,4.0,103.81,91.57
Luke Humphries,Rhys Griffin,2026-04-27,Players Championship,PT,Last 128,6.0,2.0,98.22,80.45
Gerwyn Price,Chris Dobey,2026-04-19,European Tour,ET,Last 16,6.0,4.0,105.96,99.31
Gerwyn Price,Dave Chisnall,2026-04-18,European Tour,ET,Last 32,6.0,4.0,99.71,91.39
Gerwyn Price,Luke Littler,2026-04-16,Premier League,U,Weekly Quarter Final,3.0,6.0,91.44,97.3
Michael van Gerwen,Krzysztof Ratajski,2026-05-09,European Tour,ET,Last 32,6.0,3.0,103.41,99.07
Gian van Veen,Jonny Clayton,2026-04-30,Premier League,U,Weekly Quarter Final,6.0,2.0,104.32,95.14
Gian van Veen,Dimitri Van den Bergh,2026-04-28,Players Championship,PT,Last 128,2.0,6.0,87.71,91.2
Stephen Bunting,Adam Paxton,2026-05-12,Players Championship,PT,Last 64,6.0,1.0,98.97,86.27
Josh Rock,Niko Springer,2026-05-10,European Tour,ET,Last 16,6.0,5.0,90.25,90.4
Jonny Clayton,Jack Aldridge,2026-05-12,Players Championship,PT,Last 128,6.0,2.0,95.95,89.31
Ross Smith,Rob Owen,2026-05-13,Players Championship,PT,Last 128,5.0,6.0,95.04,
Kevin Doets,Rob Owen,2026-05-12,Players Championship,PT,Last 128,6.0,0.0,106.09,
Karel Sedláček,Beau Greaves,2026-04-27,Players Championship,PT,Last 16,4.0,6.0,95.98,97.13
Karel Sedláček,Danny Noppert,2026-04-27,Players Championship,PT,Last 32,6.0,4.0,97.29,98.77
Karel Sedláček,Owen Bates,2026-04-27,Players Championship,PT,Last 64,6.0,4.0,92.5,93.5
Karel Sedláček,Jim Long,2026-04-27,Players Championship,PT,Last 128,6.0,2.0,97.46,86.83
Justin Hood,Samuel Price,2026-05-12,Players Championship,PT,Last 128,6.0,2.0,90.58,91.47
Niko Springer,Mensur Suljovic,2026-05-13,Players Championship,PT,Last 32,6.0,1.0,93.98,
Connor Scutt,Rob Owen,2026-05-13,Players Championship,PT,Last 32,5.0,6.0,93.79,
Connor Scutt,Samuel Price,2026-05-13,Players Championship,PT,Last 128,6.0,3.0,96.83,94.87
Mensur Suljović,Daniel Schlechner,2026-05-07,European Tour Home Nation Qualifier,Q,Last 32,6.0,2.0,85.54,73.29
Mensur Suljović,Tom Bissell,2026-05-05,Players Championship,PT,Quarter Final,5.0,6.0,78.65,85.61
Mensur Suljović,Maik Kuivenhoven,2026-05-05,Players Championship,PT,Last 16,6.0,3.0,92.89,96.71
Mensur Suljović,Michael van Gerwen,2026-05-05,Players Championship,PT,Last 32,6.0,4.0,100.35,101.08
Ritchie Edhouse,Karel Sedlacek,2026-05-12,Players Championship,PT,Last 64,6.0,5.0,90.99,
Ryan Joyce,Mensur Suljovic,2026-05-13,Players Championship,PT,Last 64,0.0,6.0,78.88,
Stephen Burton,Rob Owen,2026-05-13,Players Championship,PT,Last 64,2.0,6.0,88.42,
Ian White,Karel Sedlacek,2026-05-13,Players Championship,PT,Last 64,6.0,3.0,86.23,
Raymond van Barneveld,Karel Sedlacek,2026-05-13,Players Championship,PT,Last 128,0.0,6.0,77.66,
Stephen Rosney,Mensur Suljovic,2026-05-13,Players Championship,PT,Last 128,5.0,6.0,92.24,
Sam Price,Jack Tweddell,2026-04-14,Players Championship,PT,Last 128,5.0,6.0,83.93,89.3
Sam Price,Luke Woodhouse,2026-04-13,Players Championship,PT,Last 128,4.0,6.0,83.23,99.77
Stefaan Henderyck,Karel Sedlacek,2026-05-12,Players Championship,PT,Last 128,2.0,6.0,87.87,
Michael van Gerwen,Luke Littler,2026-05-07,Premier League,U,Weekly Quarter Final,5.0,6.0,101.15,100.28
Gian van Veen,Andrew Gilding,2026-04-27,Players Championship,PT,Last 32,3.0,6.0,87.04,90.02
Stephen Bunting,Gabriel Clemens,2026-05-12,Players Championship,PT,Last 128,6.0,2.0,105.46,107.12
Stephen Bunting,Luke Humphries,2026-05-07,Premier League,U,Weekly Semi Final,5.0,6.0,105.67,106.68
Stephen Bunting,Gian van Veen,2026-05-07,Premier League,U,Weekly Quarter Final,6.0,5.0,90.14,90.61
Stephen Bunting,Gerwyn Price,2026-04-30,Premier League,U,Weekly Quarter Final,5.0,6.0,97.02,95.98
Stephen Bunting,Mike De Decker,2026-04-28,Players Championship,PT,Last 32,3.0,6.0,95.82,94.27
Josh Rock,Patrik Kovacs,2026-05-09,European Tour,ET,Last 32,6.0,3.0,93.51,89.59
Wessel Nijman,Krzysztof Ratajski,2026-05-05,Players Championship,PT,Quarter Final,6.0,1.0,102.98,77.46
Wessel Nijman,Joe Cullen,2026-05-05,Players Championship,PT,Last 16,6.0,4.0,102.19,92.33
Wessel Nijman,Niall Culleton,2026-05-05,Players Championship,PT,Last 32,6.0,3.0,93.55,91.88
Ross Smith,Tom Bissell,2026-04-28,Players Championship,PT,Last 64,3.0,6.0,91.6,103.62
Jonny Clayton,Luke Littler,2026-05-07,Premier League,U,Weekly Semi Final,5.0,6.0,98.82,94.69
Jonny Clayton,Gerwyn Price,2026-05-07,Premier League,U,Weekly Quarter Final,6.0,2.0,98.53,97.34
Jonny Clayton,Gian van Veen,2026-04-30,Premier League,U,Weekly Quarter Final,2.0,6.0,95.14,104.32
Jonny Clayton,Luke Littler,2026-04-23,Premier League,U,Weekly Final,1.0,6.0,99.16,104.54
Jonny Clayton,Gian van Veen,2026-04-23,Premier League,U,Weekly Semi Final,6.0,5.0,102.37,98.04
Jonny Clayton,Stephen Bunting,2026-04-23,Premier League,U,Weekly Quarter Final,6.0,5.0,93.85,90.42
Jonny Clayton,Martin Schindler,2026-04-19,European Tour,ET,Last 16,1.0,6.0,94.03,100.98
Dirk van Duijvenbode,Madars Razma,2026-05-08,European Tour,ET,Last 48 (Premier),4.0,6.0,100.19,98.76
Dirk van Duijvenbode,Danny Noppert,2026-05-05,Players Championship,PT,Last 16,2.0,6.0,98.37,102.37
Dirk van Duijvenbode,Tom Sykes,2026-05-05,Players Championship,PT,Last 32,6.0,3.0,97.07,97.81
James Wade,Nathan Potter,2026-04-28,Players Championship,PT,Last 16,2.0,6.0,94.67,102.25
James Wade,Justin Hood,2026-04-28,Players Championship,PT,Last 32,6.0,2.0,100.37,95.28
Ryan Searle,Krzysztof Ratajski,2026-04-05,European Tour,ET,Last 32,5.0,6.0,89.46,98.85
Rob Cross,Ryan Meikle,2026-05-05,Players Championship,PT,Last 64,6.0,4.0,93.59,87.34
Rob Cross,Chris Landman,2026-05-05,Players Championship,PT,Last 128,6.0,2.0,93.37,89.34
Rob Cross,Jermaine Wattimena,2026-05-04,Players Championship,PT,Last 32,5.0,6.0,101.0,104.82
Damon Heta,Beau Greaves,2026-04-28,Players Championship,PT,Last 64,5.0,6.0,100.07,96.28
Damon Heta,Adam Gawlas,2026-04-28,Players Championship,PT,Last 128,6.0,4.0,88.77,89.54
Damon Heta,Rob Cross,2026-04-27,Players Championship,PT,Last 32,4.0,6.0,93.04,102.67
Damon Heta,Jack Tweddell,2026-04-27,Players Championship,PT,Last 64,6.0,1.0,99.17,88.97
Kevin Doets,Ryan Searle,2026-05-09,European Tour,ET,Last 32,6.0,2.0,91.55,88.95
Kevin Doets,Chris Landman,2026-05-08,European Tour,ET,Last 48 (Premier),6.0,3.0,99.35,93.71
Kevin Doets,Jeffrey de Graaf,2026-05-05,Players Championship,PT,Last 128,4.0,6.0,91.99,92.17
Kevin Doets,Luke Woodhouse,2026-05-04,Players Championship,PT,Final,8.0,5.0,100.61,94.26
Jermaine Wattimena,Kevin Doets,2026-05-04,Players Championship,PT,Last 16,3.0,6.0,107.83,105.72
Jermaine Wattimena,Rob Cross,2026-05-04,Players Championship,PT,Last 32,6.0,5.0,104.82,101.0
Jermaine Wattimena,Cor Dekker,2026-05-04,Players Championship,PT,Last 64,6.0,4.0,102.22,95.42
Jermaine Wattimena,Ricky Evans,2026-05-04,Players Championship,PT,Last 128,6.0,4.0,96.79,100.62
Krzysztof Ratajski,Madars Razma,2026-05-05,Players Championship,PT,Last 64,6.0,2.0,96.58,86.06
Krzysztof Ratajski,Stefan Bellmont,2026-05-05,Players Championship,PT,Last 128,6.0,1.0,93.0,78.19
Krzysztof Ratajski,Luke Woodhouse,2026-05-04,Players Championship,PT,Last 16,1.0,6.0,96.18,96.14
Krzysztof Ratajski,Michael van Gerwen,2026-05-04,Players Championship,PT,Last 32,6.0,5.0,94.74,97.59
Luke Woodhouse,Chris Dobey,2026-05-04,Players Championship,PT,Quarter Final,6.0,4.0,97.61,97.96
Luke Woodhouse,Krzysztof Ratajski,2026-05-04,Players Championship,PT,Last 16,6.0,1.0,96.14,96.18
Luke Woodhouse,Mike De Decker,2026-05-04,Players Championship,PT,Last 32,6.0,2.0,100.03,89.93
Niels Zonneveld,Keane Barry,2026-04-17,European Tour,ET,Last 48 (Premier),3.0,6.0,96.12,95.73
Martin Schindler,Lukas Wenig,2026-05-05,Players Championship,PT,Last 32,5.0,6.0,88.0,86.63
Cristo Reyes,Sebastian Bialecki,2026-05-05,Players Championship,PT,Last 128,6.0,1.0,108.06,92.84
Cristo Reyes,Martin Schindler,2026-05-04,Players Championship,PT,Last 64,3.0,6.0,88.84,91.31
William O&#039;Connor,Daniel Klose,2026-05-04,Players Championship,PT,Last 64,6.0,5.0,91.53,87.37
William O&#039;Connor,Jeffrey Sparidaans,2026-05-04,Players Championship,PT,Last 128,6.0,2.0,95.17,83.77
Andrew Gilding,Kim Huybrechts,2026-05-10,European Tour,ET,Last 16,6.0,5.0,86.76,83.53
Andrew Gilding,Jermaine Wattimena,2026-05-09,European Tour,ET,Last 32,6.0,4.0,100.92,95.77
Andrew Gilding,Nick Zwittnigg,2026-05-08,European Tour,ET,Last 48 (Premier),6.0,4.0,80.37,75.46
Andrew Gilding,Adam Lipscombe,2026-05-05,Players Championship,PT,Last 128,4.0,6.0,96.46,90.98
Andrew Gilding,Maik Kuivenhoven,2026-05-04,Players Championship,PT,Quarter Final,4.0,6.0,97.1,87.64
Andrew Gilding,Viktor Tingstrom,2026-05-04,Players Championship,PT,Last 16,6.0,3.0,94.64,91.44
Andrew Gilding,Joe Cullen,2026-05-04,Players Championship,PT,Last 32,6.0,0.0,118.66,94.28
Daryl Gurney,Thomas Lovely,2026-04-27,Players Championship,PT,Last 128,4.0,6.0,100.03,96.45
Bradley Brooks,Shane McGuirk,2026-04-14,Players Championship,PT,Last 128,3.0,6.0,95.12,97.38
Alan Soutar,Ricky Evans,2026-04-27,Players Championship,PT,Last 64,6.0,5.0,94.69,89.32
Justin Hood,Cameron Menzies,2026-04-28,Players Championship,PT,Last 64,6.0,1.0,91.76,82.68
Justin Hood,Tyler Thorpe,2026-04-28,Players Championship,PT,Last 128,6.0,0.0,101.33,95.64
Justin Hood,William O&#039;Connor,2026-04-27,Players Championship,PT,Last 64,1.0,6.0,93.07,105.89
Justin Hood,Brendan Dolan,2026-04-27,Players Championship,PT,Last 128,6.0,1.0,106.38,87.09
Niko Springer,Wessel Nijman,2026-05-09,European Tour,ET,Last 32,6.0,0.0,100.2,92.5
Niko Springer,Nick Kenny,2026-05-08,European Tour,ET,Last 48 (Premier),6.0,3.0,87.7,77.43
Niko Springer,Connor Scutt,2026-05-05,Players Championship,PT,Last 128,0.0,6.0,91.79,100.2
Niko Springer,Marvin van Velzen,2026-05-04,Players Championship,PT,Last 32,4.0,6.0,94.24,95.38
Niko Springer,Lewis Pride,2026-05-04,Players Championship,PT,Last 64,6.0,5.0,101.32,95.23
Niko Springer,Martin Lukeman,2026-05-04,Players Championship,PT,Last 128,6.0,3.0,92.85,82.27
Callan Rydz,Adam Gawlas,2026-04-15,European Tour Card Holder Qualifier,Q,Quarter Final,3.0,6.0,86.56,91.39
Richard Veenstra,Justin Hood,2026-05-04,Players Championship,PT,Last 128,6.0,5.0,95.25,93.0
Jeffrey de Graaf,Stephen Rosney,2026-04-15,European Tour Card Holder Qualifier,Q,Quarter Final,6.0,5.0,91.85,94.63
Cameron Menzies,Ross Smith,2026-04-18,European Tour,ET,Last 32,3.0,6.0,91.43,96.9
Cameron Menzies,Raymond van Barneveld,2026-04-17,European Tour,ET,Last 48 (Premier),6.0,3.0,104.5,96.05
Cameron Menzies,Beau Greaves,2026-04-14,Players Championship,PT,Last 16,4.0,6.0,84.93,84.27
Kim Huybrechts,Dimitri Van den Bergh,2026-05-05,Players Championship,PT,Last 128,2.0,6.0,92.48,100.51
Kim Huybrechts,Kevin Doets,2026-05-04,Players Championship,PT,Last 32,0.0,6.0,83.73,95.94
Kim Huybrechts,Andy Boulton,2026-05-04,Players Championship,PT,Last 64,6.0,4.0,93.17,84.44
Wesley Plaisier,Danny Noppert,2026-04-14,Players Championship,PT,Last 128,6.0,3.0,101.76,103.25
Connor Scutt,Bradley Brooks,2026-04-28,Players Championship,PT,Last 128,5.0,6.0,86.0,83.92
Connor Scutt,Wessel Nijman,2026-04-27,Players Championship,PT,Last 64,4.0,6.0,92.21,98.12
Connor Scutt,Dimitri Van den Bergh,2026-04-27,Players Championship,PT,Last 128,6.0,0.0,106.09,94.3
Max Hopp,Darryl Pilgrim,2026-04-28,Players Championship,PT,Last 16,6.0,5.0,98.49,91.98
Beau Greaves,Kai Gotthardt,2026-05-04,Players Championship,PT,Last 64,6.0,2.0,93.05,89.64
Beau Greaves,Peter Wright,2026-05-04,Players Championship,PT,Last 128,6.0,1.0,94.81,85.09
Keane Barry,Alexander Merkx,2026-04-28,Players Championship,PT,Last 64,5.0,6.0,84.74,84.16
Lukas Wenig,Martin Lukeman,2026-04-27,Players Championship,PT,Last 128,6.0,0.0,90.18,82.09
Dave Chisnall,Rhys Griffin,2026-05-04,Players Championship,PT,Last 128,6.0,3.0,87.17,87.55
Mickey Mansell,Darryl Pilgrim,2026-04-27,Players Championship,PT,Last 128,2.0,6.0,89.59,95.5
Mickey Mansell,Stephen Bunting,2026-04-18,European Tour,ET,Last 32,3.0,6.0,89.72,93.02
Michael Smith,Joe Hunt,2026-04-27,Players Championship,PT,Last 16,6.0,4.0,87.69,85.71
Michael Smith,Chris Dobey,2026-04-27,Players Championship,PT,Last 32,6.0,4.0,93.16,96.8
Tom Bissell,Max Hopp,2026-04-28,Players Championship,PT,Quarter Final,6.0,3.0,101.81,90.56
Ryan Joyce,Luke Woodhouse,2026-04-14,Players Championship,PT,Last 32,2.0,6.0,82.26,97.41
Ryan Joyce,Darryl Pilgrim,2026-04-14,Players Championship,PT,Last 64,6.0,2.0,96.4,93.45
Ritchie Edhouse,Richard Veenstra,2026-05-04,Players Championship,PT,Last 64,6.0,5.0,104.87,107.62
Tom Sykes,Wessel Nijman,2026-04-28,Players Championship,PT,Last 64,5.0,6.0,91.96,96.62
Tom Sykes,Cam Crabtree,2026-04-28,Players Championship,PT,Last 128,6.0,5.0,95.2,91.83
Gabriel Clemens,Kevin Doets,2026-04-28,Players Championship,PT,Last 128,2.0,6.0,87.4,89.88
Gabriel Clemens,Callan Rydz,2026-04-27,Players Championship,PT,Last 64,5.0,6.0,91.13,86.93
Gabriel Clemens,Ryan Joyce,2026-04-27,Players Championship,PT,Last 128,6.0,2.0,83.45,77.57
Gabriel Clemens,Charlie Manby,2026-04-15,European Tour Card Holder Qualifier,Q,Quarter Final,5.0,6.0,92.84,93.37
Gabriel Clemens,Jeffrey de Zwaan,2026-04-15,European Tour Card Holder Qualifier,Q,Semi Final,5.0,6.0,89.96,86.48
Shane McGuirk,Viktor Tingstrom,2026-04-15,European Tour Card Holder Qualifier,Q,Quarter Final,6.0,3.0,90.4,79.65
Shane McGuirk,Jeffrey de Zwaan,2026-04-15,European Tour Card Holder Qualifier,Q,Final,4.0,6.0,88.78,84.21
Charlie Manby,Ashton Brown,2026-04-26,Development Tour,0,Last 32,4.0,2.0,97.53,92.33
Charlie Manby,Louis Jones,2026-04-26,Development Tour,0,Last 64,4.0,1.0,92.14,75.68
Maik Kuivenhoven,Marvin van Velzen,2026-05-04,Players Championship,PT,Last 16,6.0,4.0,85.56,85.96
Maik Kuivenhoven,Sebastian Bialecki,2026-05-04,Players Championship,PT,Last 32,6.0,5.0,95.39,99.85
Madars Razma,Chris Dobey,2026-04-28,Players Championship,PT,Last 64,2.0,6.0,87.95,100.14
Madars Razma,Wesley Plaisier,2026-04-28,Players Championship,PT,Last 128,6.0,4.0,91.89,88.92
Darryl Pilgrim,Danny Noppert,2026-04-28,Players Championship,PT,Last 32,6.0,5.0,92.76,99.79
Darryl Pilgrim,Karel Sedláček,2026-04-28,Players Championship,PT,Last 64,6.0,3.0,91.62,90.27
Darryl Pilgrim,Adam Warner,2026-04-28,Players Championship,PT,Last 128,6.0,4.0,93.6,88.3
Cam Crabtree,Keenan Thomas,2026-04-25,Development Tour,0,Last 32,3.0,4.0,77.71,81.82
Brendan Dolan,Justin Hood,2026-04-27,Players Championship,PT,Last 128,1.0,6.0,87.09,106.38
Brendan Dolan,Wesley Plaisier,2026-04-15,European Tour Card Holder Qualifier,Q,Quarter Final,5.0,6.0,94.23,95.8
Brendan Dolan,Cristo Reyes,2026-04-15,European Tour Card Holder Qualifier,Q,Semi Final,1.0,6.0,90.69,93.14
Sebastian Bialecki,Cristo Reyes,2026-04-28,Players Championship,PT,Last 64,6.0,1.0,96.76,93.09
Sebastian Bialecki,Tytus Kanik,2026-04-28,Players Championship,PT,Last 128,6.0,3.0,101.98,94.17
Christian Kist,Martin Schindler,2026-04-27,Players Championship,PT,Last 128,6.0,3.0,102.5,96.48
Christian Kist,Connor Scutt,2026-04-15,European Tour Card Holder Qualifier,Q,Final,5.0,6.0,87.96,86.3
Christian Kist,Mickey Mansell,2026-04-15,European Tour Card Holder Qualifier,Q,Semi Final,6.0,5.0,88.82,88.26
Jeffrey de Zwaan,Filip Bereza,2026-04-15,European Tour Card Holder Qualifier,Q,Semi Final,6.0,5.0,79.7,80.45
Alexander Merkx,Keane Barry,2026-04-28,Players Championship,PT,Last 64,6.0,5.0,84.16,84.74
Ryan Meikle,Greg Ritchie,2026-04-28,Players Championship,PT,Last 128,6.0,2.0,87.28,85.84
Ryan Meikle,Thibault Tricole,2026-04-27,Players Championship,PT,Last 128,2.0,6.0,94.33,100.03
Ryan Meikle,Sebastian Bialecki,2026-04-15,European Tour Card Holder Qualifier,Q,Quarter Final,0.0,6.0,75.7,96.97
Stephen Burton,Darius Labanauskas,2026-04-15,European Tour Card Holder Qualifier,Q,Quarter Final,6.0,2.0,94.06,90.17
Stephen Burton,James Hurrell,2026-04-14,Players Championship,PT,Last 64,3.0,6.0,88.98,105.95
Darius Labanauskas,Mensur Suljović,2026-05-04,Players Championship,PT,Quarter Final,4.0,6.0,96.79,93.72
Darius Labanauskas,Derek Coulson,2026-05-04,Players Championship,PT,Last 16,6.0,2.0,100.15,95.76
Darius Labanauskas,Ross Smith,2026-05-04,Players Championship,PT,Last 32,6.0,0.0,92.02,89.33
Darius Labanauskas,Brendan Dolan,2026-05-04,Players Championship,PT,Last 64,6.0,3.0,89.94,86.88
Adam Lipscombe,Lukas Wenig,2026-04-15,European Tour Card Holder Qualifier,Q,Semi Final,3.0,6.0,79.98,84.31
Ian White,Michael Smith,2026-05-08,European Tour,ET,Last 48 (Premier),6.0,4.0,89.88,88.67
Ian White,Tyler Thorpe,2026-05-05,Players Championship,PT,Last 64,4.0,6.0,93.92,99.28
Ian White,Ross Smith,2026-05-05,Players Championship,PT,Last 128,6.0,4.0,97.85,95.01
Ian White,Mensur Suljović,2026-05-04,Players Championship,PT,Last 128,4.0,6.0,89.59,93.4
Ian White,Rusty-Jake Rodriguez,2026-04-28,Players Championship,PT,Last 128,4.0,6.0,87.04,89.17
Ian White,Kevin Doets,2026-04-27,Players Championship,PT,Last 64,2.0,6.0,85.03,89.43
Jimmy van Schie,Stephen Burton,2026-04-15,European Tour Card Holder Qualifier,Q,Quarter Final,6.0,4.0,87.71,85.43
Raymond van Barneveld,Chris Dobey,2026-04-14,Players Championship,PT,Last 32,3.0,6.0,88.55,105.07
Chris Landman,Nathan Potter,2026-04-27,Players Championship,PT,Last 128,4.0,6.0,88.34,97.76
Dennie Olde Kalter,Ian White,2026-04-15,European Tour Card Holder Qualifier,Q,Final,2.0,6.0,86.54,84.51
Dennie Olde Kalter,Martin Lukeman,2026-04-15,European Tour Card Holder Qualifier,Q,Semi Final,6.0,2.0,88.11,75.78
Ricardo Pietreczko,Mensur Suljović,2026-04-14,Players Championship,PT,Last 128,6.0,0.0,93.94,84.13
Thibault Tricole,Jeffrey Sparidaans,2026-04-15,European Tour Card Holder Qualifier,Q,Quarter Final,3.0,6.0,79.81,82.7
Thibault Tricole,Richard Veenstra,2026-04-15,European Tour Card Holder Qualifier,Q,Semi Final,4.0,6.0,88.5,95.33
Mervyn King,Sam Price,2026-04-15,European Tour Card Holder Qualifier,Q,Last 16,5.0,6.0,91.25,86.86
Mervyn King,Alan Soutar,2026-04-15,European Tour Card Holder Qualifier,Q,Quarter Final,5.0,6.0,90.6,95.79
Cor Dekker,Chris Dobey,2026-04-27,Players Championship,PT,Last 128,1.0,6.0,91.8,97.1
Cor Dekker,Mio Varila,2026-04-26,Nordic Baltic Tour,0,Final,3.0,6.0,88.14,83.6
David Sharp,Gabriel Clemens,2026-04-14,Players Championship,PT,Last 32,5.0,6.0,91.4,90.11
David Sharp,Alexander Merkx,2026-04-14,Players Championship,PT,Last 64,6.0,5.0,88.77,90.62
Tyler Thorpe,Justin Hood,2026-04-28,Players Championship,PT,Last 128,0.0,6.0,95.64,101.33
Tyler Thorpe,Dennie Olde Kalter,2026-04-27,Players Championship,PT,Last 64,2.0,6.0,89.5,95.88
Peter Wright,Kevin Doets,2026-04-14,Players Championship,PT,Last 64,4.0,6.0,90.84,102.59
Owen Bates,Emile Hendryks,2026-04-26,Development Tour,0,Last 256,4.0,2.0,78.49,68.27
Stephen Rosney,Kim Huybrechts,2026-04-14,Players Championship,PT,Last 128,4.0,6.0,90.83,104.43
Benjamin Pratnemer,Madars Razma,2026-04-15,European Tour Card Holder Qualifier,Q,Semi Final,5.0,6.0,99.06,102.02
Andy Boulton,Kim Huybrechts,2026-05-04,Players Championship,PT,Last 64,4.0,6.0,84.44,93.17
Andy Boulton,Jack Tweddell,2026-05-04,Players Championship,PT,Last 128,6.0,4.0,91.64,85.88
Andy Boulton,Chris Landman,2026-04-28,Players Championship,PT,Last 32,2.0,6.0,82.76,79.98
Andy Boulton,Alan Soutar,2026-04-28,Players Championship,PT,Last 64,6.0,1.0,98.24,99.27
Nick Kenny,Mensur Suljović,2026-04-27,Players Championship,PT,Last 128,1.0,6.0,87.53,100.7
Nick Kenny,Shane McGuirk,2026-04-15,European Tour Card Holder Qualifier,Q,Semi Final,1.0,6.0,83.78,95.75
Adam Gawlas,Henry Coates,2026-04-25,Development Tour,0,Last 32,4.0,2.0,92.88,88.71
Dimitri Van den Bergh,James Hurrell,2026-04-15,European Tour Card Holder Qualifier,Q,Final,4.0,6.0,93.52,93.18
Rhys Griffin,Cristo Reyes,2026-04-15,European Tour Card Holder Qualifier,Q,Quarter Final,3.0,6.0,93.95,95.22
Rhys Griffin,Ross Smith,2026-04-14,Players Championship,PT,Last 128,0.0,6.0,89.5,101.33
Jurjen van der Velde,Danny Noppert,2026-04-27,Players Championship,PT,Last 64,1.0,6.0,84.59,101.16
Kai Gotthardt,Krzysztof Ratajski,2026-03-31,Players Championship,PT,Last 128,5.0,6.0,89.42,94.72
Kai Gotthardt,Daryl Gurney,2026-03-30,Players Championship,PT,Last 128,2.0,6.0,82.48,87.77
Dominik Gruellich,Thomas Banks,2026-04-26,Development Tour,0,Last 32,4.0,3.0,88.49,87.72
Martin Lukeman,Dennie Olde Kalter,2026-04-15,European Tour Card Holder Qualifier,Q,Semi Final,2.0,6.0,75.78,88.11
Martin Lukeman,Maik Kuivenhoven,2026-04-15,European Tour Card Holder Qualifier,Q,Quarter Final,6.0,5.0,90.16,88.14
Martin Lukeman,Wessel Nijman,2026-04-14,Players Championship,PT,Last 128,4.0,6.0,86.76,94.95
Adam Warner,Dennie Olde Kalter,2026-04-14,Players Championship,PT,Last 128,1.0,6.0,83.61,89.51
Greg Ritchie,Joe Cullen,2026-04-13,Players Championship,PT,Last 128,6.0,3.0,90.96,93.87
Thomas Lovely,Yorick Hofkens,2026-04-15,European Tour Card Holder Qualifier,Q,Semi Final,6.0,3.0,90.87,85.05
Thomas Lovely,Dennie Olde Kalter,2026-04-15,European Tour Card Holder Qualifier,Q,Quarter Final,6.0,1.0,92.5,89.14
Jim Long,Adam Sevada,2026-04-18,CDC Cross-border Challenge,0,Quarter Final,3.0,5.0,84.14,93.02
Jim Long,Doug Boehm,2026-04-17,CDC Cross-border Challenge,0,Last 16,5.0,2.0,89.79,80.6
Arno Merk,Mensur Suljović,2026-04-15,European Tour Card Holder Qualifier,Q,Quarter Final,2.0,6.0,82.27,84.07
Arno Merk,Callan Rydz,2026-04-14,Players Championship,PT,Last 64,3.0,6.0,88.36,89.89
Pascal Rupprecht,Greg Ritchie,2026-04-01,European Tour Card Holder Qualifier,Q,Quarter Final,6.0,3.0,87.17,87.24
Pascal Rupprecht,Niall Culleton,2026-04-01,European Tour Card Holder Qualifier,Q,Semi Final,4.0,6.0,85.18,83.49
Pascal Rupprecht,Tom Sykes,2026-04-01,European Tour Card Holder Qualifier,Q,Quarter Final,6.0,5.0,92.38,90.43
Jeffrey Sparidaans,Thibault Tricole,2026-04-15,European Tour Card Holder Qualifier,Q,Quarter Final,6.0,3.0,82.7,79.81
Sietse Lap,Sebastian Bialecki,2026-04-15,European Tour Card Holder Qualifier,Q,Final,5.0,6.0,93.68,93.27
Sietse Lap,Madars Razma,2026-04-15,European Tour Card Holder Qualifier,Q,Semi Final,6.0,4.0,89.53,84.23
Leon Weber,Adam Leek,2026-04-27,Players Championship,PT,Last 32,6.0,5.0,92.41,79.72
Niall Culleton,Madars Razma,2026-04-15,European Tour Card Holder Qualifier,Q,Final,3.0,6.0,83.01,92.66
Niall Culleton,Jurjen van der Velde,2026-04-15,European Tour Card Holder Qualifier,Q,Semi Final,6.0,5.0,81.08,86.41
Adam Leek,Cor Dekker,2026-04-15,European Tour Card Holder Qualifier,Q,Quarter Final,6.0,3.0,90.65,80.8
Adam Paxton,Max Hopp,2026-04-13,Players Championship,PT,Last 128,4.0,6.0,81.4,95.81
Stefan Bellmont,Callan Rydz,2026-04-15,European Tour Card Holder Qualifier,Q,Quarter Final,6.0,4.0,86.16,87.5
Marvin van Velzen,Matthias Ehlers,2026-04-28,Players Championship,PT,Last 128,6.0,1.0,83.21,82.18
Stefaan Henderyck,Robert Owen,2026-03-06,UK Open,MJ,Last 160 (UK Open),4.0,6.0,87.1,90.86
Yorick Hofkens,James Beeton,2026-04-25,Development Tour,0,Quarter Final,5.0,3.0,99.1,85.84
Marvin Kraft,Andrew Gilding,2026-04-13,Players Championship,PT,Last 128,4.0,6.0,89.0,89.17
Rusty-Jake Rodriguez,Ted Evetts,2026-04-14,Players Championship,PT,Last 128,3.0,6.0,71.84,77.39
Tytus Kanik,Cristo Reyes,2026-04-01,European Tour Card Holder Qualifier,Q,Quarter Final,2.0,6.0,90.73,91.29
Filip Bereza,Charlie Manby,2026-04-14,Players Championship,PT,Last 64,3.0,6.0,92.82,95.15
Tavis Dudeney,Matthias Moors,2026-04-26,Development Tour,0,Last 512,4.0,0.0,95.43,81.1
Tavis Dudeney,Lewis Cook,2026-04-25,Development Tour,0,Last 64,2.0,4.0,85.73,83.58
Gian van Veen,Madars Razma,2026-04-27,Players Championship,PT,Last 64,6.0,5.0,94.43,96.87
Gian van Veen,Sietse Lap,2026-04-27,Players Championship,PT,Last 128,6.0,3.0,98.58,95.35
Gian van Veen,Jonny Clayton,2026-04-23,Premier League,U,Weekly Semi Final,5.0,6.0,98.04,102.37
Gian van Veen,Gerwyn Price,2026-04-23,Premier League,U,Weekly Quarter Final,6.0,4.0,90.97,93.61
Chris Dobey,James Hurrell,2026-05-04,Players Championship,PT,Last 64,6.0,2.0,107.38,103.93
Chris Dobey,Nathan Potter,2026-05-04,Players Championship,PT,Last 128,6.0,3.0,100.44,90.42
Chris Dobey,Jermaine Wattimena,2026-04-28,Players Championship,PT,Quarter Final,3.0,6.0,98.69,104.43
Chris Dobey,Chris Landman,2026-04-28,Players Championship,PT,Last 16,6.0,1.0,99.29,82.96
Michael van Gerwen,Mensur Suljović,2026-05-05,Players Championship,PT,Last 32,4.0,6.0,101.08,100.35
Michael van Gerwen,Ritchie Edhouse,2026-05-05,Players Championship,PT,Last 64,6.0,3.0,105.7,93.64
Michael van Gerwen,David Sharp,2026-05-05,Players Championship,PT,Last 128,6.0,3.0,101.08,100.3
Michael van Gerwen,Krzysztof Ratajski,2026-05-04,Players Championship,PT,Last 32,5.0,6.0,97.59,94.74
Michael van Gerwen,Jeffrey de Zwaan,2026-05-04,Players Championship,PT,Last 64,6.0,4.0,88.99,84.49
Michael van Gerwen,Stefan Bellmont,2026-05-04,Players Championship,PT,Last 128,6.0,3.0,99.96,87.65
Michael van Gerwen,Luke Humphries,2026-04-30,Premier League,U,Weekly Quarter Final,3.0,6.0,91.02,99.18
Stephen Bunting,Sam Price,2026-04-28,Players Championship,PT,Last 64,6.0,1.0,89.19,69.49
Stephen Bunting,Stephen Burton,2026-04-28,Players Championship,PT,Last 128,6.0,4.0,101.06,96.63
Stephen Bunting,Ricky Evans,2026-04-27,Players Championship,PT,Last 128,5.0,6.0,92.53,94.33
Stephen Bunting,Jonny Clayton,2026-04-23,Premier League,U,Weekly Quarter Final,5.0,6.0,90.42,93.85
Stephen Bunting,Wessel Nijman,2026-04-19,European Tour,ET,Last 16,3.0,6.0,90.02,87.62
Stephen Bunting,Mickey Mansell,2026-04-18,European Tour,ET,Last 32,6.0,3.0,93.02,89.72
Wessel Nijman,Jurjen van der Velde,2026-05-05,Players Championship,PT,Last 64,6.0,1.0,95.64,87.54
Wessel Nijman,Daniel Klose,2026-05-05,Players Championship,PT,Last 128,6.0,2.0,96.89,91.65
Wessel Nijman,Viktor Tingstrom,2026-05-04,Players Championship,PT,Last 64,4.0,6.0,96.19,95.4
Wessel Nijman,Jeffrey de Graaf,2026-05-04,Players Championship,PT,Last 128,6.0,2.0,97.3,96.03
Josh Rock,Luke Humphries,2026-05-07,Premier League,U,Weekly Quarter Final,5.0,6.0,91.65,95.32
Josh Rock,Luke Littler,2026-04-30,Premier League,U,Weekly Quarter Final,3.0,6.0,101.25,105.86
Josh Rock,Robert Owen,2026-04-28,Players Championship,PT,Last 64,1.0,6.0,83.25,95.53
Josh Rock,Jeffrey de Graaf,2026-04-28,Players Championship,PT,Last 128,6.0,5.0,92.36,90.62
Josh Rock,Adam Leek,2026-04-27,Players Championship,PT,Last 128,3.0,6.0,89.84,96.27
Ross Smith,Owen Bates,2026-04-28,Players Championship,PT,Last 128,6.0,0.0,101.33,79.07
Ross Smith,Rob Cross,2026-04-27,Players Championship,PT,Last 16,2.0,6.0,99.71,103.54
Ross Smith,Dennie Olde Kalter,2026-04-27,Players Championship,PT,Last 32,6.0,5.0,97.61,95.87
Jonny Clayton,Valters Melderis,2026-04-18,European Tour,ET,Last 32,6.0,1.0,106.78,86.32
Jonny Clayton,Luke Littler,2026-04-16,Premier League,U,Weekly Final,6.0,4.0,92.92,104.54
Jonny Clayton,Josh Rock,2026-04-16,Premier League,U,Weekly Semi Final,6.0,5.0,87.96,96.05
Dirk van Duijvenbode,Justin Hood,2026-05-05,Players Championship,PT,Last 64,6.0,5.0,92.46,92.81
Dirk van Duijvenbode,Shane McGuirk,2026-05-05,Players Championship,PT,Last 128,6.0,3.0,106.82,101.67
Dirk van Duijvenbode,Tyler Thorpe,2026-05-04,Players Championship,PT,Last 64,4.0,6.0,91.07,96.33
Dirk van Duijvenbode,Madars Razma,2026-05-04,Players Championship,PT,Last 128,6.0,3.0,109.1,85.13
Dirk van Duijvenbode,Jimmy van Schie,2026-04-28,Players Championship,PT,Last 128,4.0,6.0,94.23,96.13
Dirk van Duijvenbode,William O&#039;Connor,2026-04-27,Players Championship,PT,Last 32,4.0,6.0,97.01,106.19
Dirk van Duijvenbode,Stephen Rosney,2026-04-27,Players Championship,PT,Last 64,6.0,4.0,94.73,88.69
James Wade,Charlie Manby,2026-04-28,Players Championship,PT,Last 64,6.0,5.0,92.63,93.54
Rob Cross,Danny Trueman,2026-05-04,Players Championship,PT,Last 64,6.0,2.0,88.64,82.05
Damon Heta,Cam Crabtree,2026-04-27,Players Championship,PT,Last 128,6.0,1.0,89.61,87.25
Krzysztof Ratajski,Tommy Lishman,2026-05-04,Players Championship,PT,Last 64,6.0,4.0,98.85,98.59
Ryan Searle,Christian Kist,2026-03-31,Players Championship,PT,Last 128,3.0,6.0,93.41,90.54
Ryan Searle,Alan Soutar,2026-03-30,Players Championship,PT,Final,8.0,3.0,95.65,99.0
Kevin Doets,Maik Kuivenhoven,2026-05-04,Players Championship,PT,Semi Final,7.0,1.0,99.2,91.13
Kevin Doets,Robert Owen,2026-05-04,Players Championship,PT,Quarter Final,6.0,2.0,107.19,89.22
Jermaine Wattimena,Wessel Nijman,2026-04-28,Players Championship,PT,Final,5.0,8.0,94.12,96.84
Jermaine Wattimena,Kevin Doets,2026-04-28,Players Championship,PT,Semi Final,7.0,3.0,94.49,94.85
Jermaine Wattimena,Chris Dobey,2026-04-28,Players Championship,PT,Quarter Final,6.0,3.0,104.43,98.69
Luke Woodhouse,Adam Leek,2026-05-04,Players Championship,PT,Last 64,6.0,2.0,98.28,88.29
William O&#039;Connor,Stefan Bellmont,2026-04-28,Players Championship,PT,Last 64,4.0,6.0,81.9,84.24
William O&#039;Connor,Thomas Lovely,2026-04-28,Players Championship,PT,Last 128,6.0,2.0,99.13,87.74
Niels Zonneveld,Wessel Nijman,2026-04-14,Players Championship,PT,Last 16,3.0,6.0,97.26,99.91
Cristo Reyes,Dennie Olde Kalter,2026-05-04,Players Championship,PT,Last 128,6.0,3.0,99.51,79.69
Cristo Reyes,Sebastian Bialecki,2026-04-28,Players Championship,PT,Last 64,1.0,6.0,93.09,96.76
Andrew Gilding,Leon Weber,2026-05-04,Players Championship,PT,Last 64,6.0,4.0,93.78,86.64
Andrew Gilding,Adam Paxton,2026-05-04,Players Championship,PT,Last 128,6.0,3.0,90.56,90.58
Martin Schindler,Derek Coulson,2026-05-05,Players Championship,PT,Last 64,6.0,4.0,90.46,90.75
Martin Schindler,Peter Wright,2026-05-05,Players Championship,PT,Last 128,6.0,4.0,88.02,91.36
Martin Schindler,Dave Chisnall,2026-05-04,Players Championship,PT,Last 32,1.0,6.0,85.7,84.44
Martin Schindler,Cristo Reyes,2026-05-04,Players Championship,PT,Last 64,6.0,3.0,91.31,88.84
Martin Schindler,Sam Price,2026-05-04,Players Championship,PT,Last 128,6.0,5.0,91.28,88.31
Martin Schindler,Andy Boulton,2026-04-28,Players Championship,PT,Last 128,5.0,6.0,86.58,88.53
Daryl Gurney,Oskar Lukasiak,2026-04-17,European Tour,ET,Last 48 (Premier),5.0,6.0,77.8,82.37
Daryl Gurney,Daniel Klose,2026-04-14,Players Championship,PT,Last 64,5.0,6.0,95.47,102.17
Bradley Brooks,Connor Scutt,2026-04-13,Players Championship,PT,Last 64,4.0,6.0,88.41,98.17
Justin Hood,Alan Soutar,2026-04-15,European Tour Card Holder Qualifier,Q,Quarter Final,1.0,6.0,90.3,103.84
Justin Hood,Cristo Reyes,2026-04-15,European Tour Card Holder Qualifier,Q,Final,6.0,3.0,101.83,96.62
Alan Soutar,Andy Boulton,2026-04-27,Players Championship,PT,Last 128,6.0,5.0,91.36,89.0
Alan Soutar,Kim Huybrechts,2026-04-15,European Tour Card Holder Qualifier,Q,Semi Final,5.0,6.0,90.1,89.65
Callan Rydz,Niels Zonneveld,2026-04-14,Players Championship,PT,Last 32,4.0,6.0,90.64,91.28
Joe Cullen,Andrew Gilding,2026-05-04,Players Championship,PT,Last 32,0.0,6.0,94.28,118.66
Joe Cullen,Joe Hunt,2026-05-04,Players Championship,PT,Last 64,6.0,3.0,93.68,90.39
Joe Cullen,Adam Lipscombe,2026-05-04,Players Championship,PT,Last 128,6.0,4.0,95.2,91.49
Joe Cullen,Nick Kenny,2026-04-28,Players Championship,PT,Last 128,5.0,6.0,85.96,87.26
Joe Cullen,Filip Bereza,2026-04-27,Players Championship,PT,Last 128,4.0,6.0,88.22,82.88
Niko Springer,Max Hopp,2026-04-28,Players Championship,PT,Last 64,2.0,6.0,88.17,90.98
Niko Springer,Marvin Kraft,2026-04-28,Players Championship,PT,Last 128,6.0,1.0,95.83,86.47
Niko Springer,Jeffrey Sparidaans,2026-04-27,Players Championship,PT,Last 64,2.0,6.0,85.73,101.07
Richard Veenstra,Joe Hunt,2026-04-28,Players Championship,PT,Last 64,5.0,6.0,93.24,93.66
Richard Veenstra,Ryan Joyce,2026-04-28,Players Championship,PT,Last 128,6.0,1.0,96.08,84.46
Richard Veenstra,Benjamin Pratnemer,2026-04-27,Players Championship,PT,Last 128,3.0,6.0,90.38,97.74
Connor Scutt,Christian Kist,2026-04-15,European Tour Card Holder Qualifier,Q,Final,6.0,5.0,86.3,87.96
Wesley Plaisier,Steve Lennon,2026-04-13,Players Championship,PT,Last 64,5.0,6.0,89.37,95.32
Jeffrey de Graaf,Rob Cross,2026-04-15,European Tour Card Holder Qualifier,Q,Semi Final,1.0,6.0,97.55,102.21
Jeffrey de Graaf,Chris Landman,2026-04-15,European Tour Card Holder Qualifier,Q,Quarter Final,6.0,5.0,99.97,88.32
Dave Chisnall,Lukas Wenig,2026-04-28,Players Championship,PT,Last 128,5.0,6.0,89.15,93.23
Dave Chisnall,Max Hopp,2026-04-27,Players Championship,PT,Last 64,3.0,6.0,99.58,97.17
Dave Chisnall,Sam Price,2026-04-27,Players Championship,PT,Last 128,6.0,5.0,96.8,90.32
Dave Chisnall,Gerwyn Price,2026-04-18,European Tour,ET,Last 32,4.0,6.0,91.39,99.71
Cameron Menzies,Adam Lipscombe,2026-04-14,Players Championship,PT,Last 32,6.0,4.0,97.6,89.54
Cameron Menzies,Marvin van Velzen,2026-04-14,Players Championship,PT,Last 64,6.0,3.0,89.38,84.24
Cameron Menzies,Viktor Tingstrom,2026-04-14,Players Championship,PT,Last 128,6.0,2.0,98.27,95.06
Kim Huybrechts,Adam Warner,2026-05-04,Players Championship,PT,Last 128,6.0,4.0,95.92,90.82
Kim Huybrechts,Cor Dekker,2026-04-28,Players Championship,PT,Last 64,5.0,6.0,88.03,85.17
Kim Huybrechts,Tavis Dudeney,2026-04-28,Players Championship,PT,Last 128,6.0,2.0,95.42,80.5
Kim Huybrechts,Dennie Olde Kalter,2026-04-27,Players Championship,PT,Last 128,3.0,6.0,95.58,91.15
Ricky Evans,Rusty-Jake Rodriguez,2026-04-15,European Tour Card Holder Qualifier,Q,Quarter Final,6.0,2.0,88.96,79.52
Max Hopp,Brendan Dolan,2026-04-28,Players Championship,PT,Last 32,6.0,3.0,96.81,93.94
Beau Greaves,Tom Bissell,2026-04-28,Players Championship,PT,Last 16,0.0,6.0,95.93,98.02
Beau Greaves,Stefan Bellmont,2026-04-28,Players Championship,PT,Last 32,6.0,3.0,84.1,80.64
Beau Greaves,Damon Heta,2026-04-28,Players Championship,PT,Last 64,6.0,5.0,96.28,100.07
Beau Greaves,Tommy Morris,2026-04-28,Players Championship,PT,Last 128,6.0,2.0,99.1,90.54
Beau Greaves,Michael Smith,2026-04-27,Players Championship,PT,Final,8.0,7.0,96.49,97.74
Michael Smith,Sebastian Bialecki,2026-04-27,Players Championship,PT,Last 64,6.0,5.0,94.24,92.44
Lukas Wenig,Jeffrey Sparidaans,2026-04-15,European Tour Card Holder Qualifier,Q,Semi Final,5.0,6.0,96.37,99.27
Tom Bissell,Beau Greaves,2026-04-28,Players Championship,PT,Last 16,6.0,0.0,98.02,95.93
Keane Barry,Luke Humphries,2026-04-28,Players Championship,PT,Last 128,6.0,5.0,89.8,98.89
Keane Barry,Robert Owen,2026-04-27,Players Championship,PT,Last 128,3.0,6.0,88.15,89.22
Keane Barry,Josh Rock,2026-04-18,European Tour,ET,Last 32,3.0,6.0,91.67,97.98
Keane Barry,Niels Zonneveld,2026-04-17,European Tour,ET,Last 48 (Premier),6.0,3.0,95.73,96.12
Mickey Mansell,Rob Cross,2026-04-17,European Tour,ET,Last 48 (Premier),6.0,2.0,100.32,92.95
Mickey Mansell,Christian Kist,2026-04-15,European Tour Card Holder Qualifier,Q,Semi Final,5.0,6.0,88.26,88.82
Mickey Mansell,Darius Labanauskas,2026-04-15,European Tour Card Holder Qualifier,Q,Quarter Final,6.0,5.0,86.91,89.08
Ryan Joyce,Carl Sneyd,2026-04-14,Players Championship,PT,Last 128,6.0,3.0,95.7,88.73
Ryan Joyce,Jeffrey de Zwaan,2026-04-13,Players Championship,PT,Last 128,4.0,6.0,87.25,87.68
Ritchie Edhouse,Florian Preis,2026-05-04,Players Championship,PT,Last 128,6.0,2.0,91.99,83.1
Ritchie Edhouse,Mario Vandenbogaerde,2026-04-28,Players Championship,PT,Last 128,4.0,6.0,88.72,96.21
Ritchie Edhouse,Jeffrey de Graaf,2026-04-27,Players Championship,PT,Last 128,1.0,6.0,104.03,106.99
Ritchie Edhouse,Owen Bates,2026-04-15,European Tour Card Holder Qualifier,Q,Semi Final,2.0,6.0,99.06,99.85
Ritchie Edhouse,David Sharp,2026-04-15,European Tour Card Holder Qualifier,Q,Quarter Final,6.0,4.0,97.14,96.56
Tom Sykes,Wessel Nijman,2026-04-27,Players Championship,PT,Last 32,2.0,6.0,94.24,113.37
Tom Sykes,Nathan Potter,2026-04-27,Players Championship,PT,Last 64,6.0,2.0,104.02,97.83
Shane McGuirk,Adam Leek,2026-04-15,European Tour Card Holder Qualifier,Q,Semi Final,6.0,2.0,96.03,85.47
Gabriel Clemens,Greg Ritchie,2026-04-15,European Tour Card Holder Qualifier,Q,Quarter Final,6.0,0.0,88.41,79.31
Charlie Manby,Josef Howlett,2026-04-26,Development Tour,0,Last 128,4.0,0.0,101.9,80.58
Maik Kuivenhoven,Thomas Lovely,2026-05-04,Players Championship,PT,Last 64,6.0,1.0,92.49,86.48
Maik Kuivenhoven,Damon Heta,2026-05-04,Players Championship,PT,Last 128,6.0,4.0,93.64,96.06
Madars Razma,Gian van Veen,2026-04-27,Players Championship,PT,Last 64,5.0,6.0,96.87,94.43
Madars Razma,Maximilian Czerwinski,2026-04-27,Players Championship,PT,Last 128,6.0,2.0,93.18,91.79
Brendan Dolan,Marvin van Velzen,2026-04-15,European Tour Card Holder Qualifier,Q,Quarter Final,6.0,4.0,97.37,93.45
Mario Vandenbogaerde,Dominik Gruellich,2026-04-15,European Tour Card Holder Qualifier,Q,Last 16,4.0,6.0,90.16,97.49
Mario Vandenbogaerde,Jack Aldridge,2026-04-14,Players Championship,PT,Last 128,4.0,6.0,91.19,89.03
Cam Crabtree,George Moore,2026-04-25,Development Tour,0,Last 64,4.0,1.0,85.41,78.33
Cam Crabtree,Ryan Branley,2026-04-25,Development Tour,0,Last 128,4.0,2.0,87.28,75.83
Darryl Pilgrim,Ross Smith,2026-04-27,Players Championship,PT,Last 64,4.0,6.0,93.06,102.19
Darryl Pilgrim,Mickey Mansell,2026-04-27,Players Championship,PT,Last 128,6.0,2.0,95.5,89.59
Darryl Pilgrim,Andy Boulton,2026-04-15,European Tour Card Holder Qualifier,Q,Quarter Final,3.0,6.0,88.29,89.9
Christian Kist,Matthias Ehlers,2026-04-15,European Tour Card Holder Qualifier,Q,Quarter Final,6.0,5.0,85.52,78.97
Sebastian Bialecki,Michael Smith,2026-04-27,Players Championship,PT,Last 64,5.0,6.0,92.44,94.24
Sebastian Bialecki,Yorick Hofkens,2026-04-27,Players Championship,PT,Last 128,6.0,4.0,97.18,95.51
Sebastian Bialecki,Dominik Gruellich,2026-04-26,Development Tour,0,Final,5.0,4.0,90.46,85.19
Jeffrey de Zwaan,Max Hopp,2026-04-15,European Tour Card Holder Qualifier,Q,Quarter Final,6.0,5.0,82.54,89.02
Ryan Meikle,James Hurrell,2026-04-15,European Tour Card Holder Qualifier,Q,Semi Final,2.0,6.0,76.91,87.29
Ryan Meikle,Filip Bereza,2026-04-15,European Tour Card Holder Qualifier,Q,Quarter Final,6.0,4.0,86.48,83.64
Alexander Merkx,Callan Rydz,2026-04-28,Players Championship,PT,Last 128,6.0,3.0,86.05,76.42
Adam Lipscombe,Charlie Manby,2026-04-15,European Tour Card Holder Qualifier,Q,Quarter Final,6.0,3.0,93.24,92.23
Adam Lipscombe,Cameron Menzies,2026-04-14,Players Championship,PT,Last 32,4.0,6.0,89.54,97.6
Raymond van Barneveld,Maik Kuivenhoven,2026-04-14,Players Championship,PT,Last 64,6.0,3.0,85.83,92.41
Jimmy van Schie,Richard Veenstra,2026-04-15,European Tour Card Holder Qualifier,Q,Final,6.0,3.0,96.67,86.82
Ian White,Adam Warner,2026-04-27,Players Championship,PT,Last 128,6.0,5.0,89.59,86.81
Ian White,Wessel Nijman,2026-04-17,European Tour,ET,Last 48 (Premier),2.0,6.0,95.36,98.35
Ian White,Madars Razma,2026-04-15,European Tour Card Holder Qualifier,Q,Quarter Final,2.0,6.0,85.3,96.12
Stephen Burton,Tommy Morris,2026-04-14,Players Championship,PT,Last 128,6.0,0.0,87.55,86.52
Darius Labanauskas,Ryan Meikle,2026-05-04,Players Championship,PT,Last 128,6.0,2.0,96.72,94.56
Darius Labanauskas,Daryl Gurney,2026-04-28,Players Championship,PT,Last 64,2.0,6.0,92.54,98.8
Darius Labanauskas,Dennie Olde Kalter,2026-04-28,Players Championship,PT,Last 128,6.0,0.0,94.93,86.13
Chris Landman,Rob Cross,2026-04-15,European Tour Card Holder Qualifier,Q,Final,6.0,5.0,94.91,100.08
Chris Landman,Jimmy van Schie,2026-04-15,European Tour Card Holder Qualifier,Q,Semi Final,6.0,3.0,100.31,92.66
Ricardo Pietreczko,Richard Veenstra,2026-04-13,Players Championship,PT,Last 128,1.0,6.0,85.58,89.46
Dennie Olde Kalter,Stephen Rosney,2026-04-15,European Tour Card Holder Qualifier,Q,Quarter Final,6.0,4.0,95.98,87.79
Thibault Tricole,Thomas Lovely,2026-04-15,European Tour Card Holder Qualifier,Q,Quarter Final,6.0,2.0,90.05,80.56
Cor Dekker,Viktor Tingstrom,2026-04-26,Nordic Baltic Tour,0,Semi Final,6.0,5.0,87.74,87.22
Mervyn King,Luke Woodhouse,2026-04-14,Players Championship,PT,Last 64,1.0,6.0,89.51,98.68
Mervyn King,Chris Landman,2026-04-14,Players Championship,PT,Last 128,6.0,4.0,95.84,91.38
Mervyn King,Ian White,2026-04-13,Players Championship,PT,Last 128,2.0,6.0,81.09,79.17
David Sharp,Michael Smith,2026-04-14,Players Championship,PT,Last 128,6.0,2.0,91.07,81.36
Tyler Thorpe,Dominik Gruellich,2026-04-27,Players Championship,PT,Last 128,6.0,4.0,88.67,85.08
Peter Wright,Stefan Bellmont,2026-04-14,Players Championship,PT,Last 128,6.0,5.0,89.81,82.69
Stephen Rosney,Sietse Lap,2026-04-13,Players Championship,PT,Last 128,4.0,6.0,87.37,87.14
Stephen Rosney,Jeffrey de Zwaan,2026-04-01,European Tour Card Holder Qualifier,Q,Quarter Final,3.0,6.0,86.47,100.17
Owen Bates,Ashley Cran,2026-04-26,Development Tour,0,Last 512,4.0,1.0,97.58,70.16
Owen Bates,Jack Drayton,2026-04-25,Development Tour,0,Semi Final,4.0,5.0,87.84,91.07
Benjamin Pratnemer,Dominik Gruellich,2026-04-15,European Tour Card Holder Qualifier,Q,Quarter Final,6.0,5.0,93.82,90.11
Andy Boulton,Martin Schindler,2026-04-28,Players Championship,PT,Last 128,6.0,5.0,88.53,86.58
Andy Boulton,Alan Soutar,2026-04-27,Players Championship,PT,Last 128,5.0,6.0,89.0,91.36
Andy Boulton,Cristo Reyes,2026-04-15,European Tour Card Holder Qualifier,Q,Final,5.0,6.0,79.44,85.28
Andy Boulton,Wesley Plaisier,2026-04-15,European Tour Card Holder Qualifier,Q,Semi Final,6.0,1.0,89.12,86.7
Nick Kenny,Adam Warner,2026-04-15,European Tour Card Holder Qualifier,Q,Quarter Final,6.0,4.0,83.0,81.34
Nick Kenny,Shane McGuirk,2026-04-15,European Tour Card Holder Qualifier,Q,Quarter Final,3.0,6.0,90.11,95.45
Nick Kenny,Chris Dobey,2026-04-14,Players Championship,PT,Last 64,4.0,6.0,83.66,91.72
Adam Gawlas,Jake Hobbs,2026-04-25,Development Tour,0,Last 64,4.0,1.0,85.19,78.32
Jurjen van der Velde,Greg Ritchie,2026-04-27,Players Championship,PT,Last 128,6.0,3.0,88.56,85.2
Jurjen van der Velde,Ashley Marson,2026-04-26,Development Tour,0,Last 64,1.0,4.0,78.78,79.21
Dominik Gruellich,Kian Ashworth,2026-04-26,Development Tour,0,Last 64,4.0,0.0,63.96,50.3
Kai Gotthardt,Niko Springer,2026-03-13,European Tour,ET,Last 48 (Premier),5.0,6.0,89.65,87.19
Martin Lukeman,Owen Bates,2026-04-13,Players Championship,PT,Last 128,5.0,6.0,91.77,97.01
Greg Ritchie,Pascal Rupprecht,2026-04-01,European Tour Card Holder Qualifier,Q,Quarter Final,3.0,6.0,87.24,87.17
Greg Ritchie,Dennie Olde Kalter,2026-04-01,European Tour Card Holder Qualifier,Q,Quarter Final,5.0,6.0,81.61,84.42
Dimitri Van den Bergh,Jurjen van der Velde,2026-04-15,European Tour Card Holder Qualifier,Q,Semi Final,6.0,1.0,100.56,80.88
Dimitri Van den Bergh,Mickey Mansell,2026-04-15,European Tour Card Holder Qualifier,Q,Quarter Final,6.0,2.0,84.08,71.42
Rhys Griffin,Chris Dobey,2026-04-13,Players Championship,PT,Last 64,1.0,6.0,100.24,109.74
Rhys Griffin,Shane McGuirk,2026-04-13,Players Championship,PT,Last 128,6.0,5.0,88.25,89.13
Adam Warner,Marvin van Velzen,2026-04-13,Players Championship,PT,Last 128,2.0,6.0,76.48,82.09
Thomas Lovely,Thibault Tricole,2026-04-15,European Tour Card Holder Qualifier,Q,Quarter Final,2.0,6.0,80.56,90.05
Jim Long,Alexander Merkx,2026-04-14,Players Championship,PT,Last 128,1.0,6.0,90.61,96.64
Jim Long,Chris Dobey,2026-04-13,Players Championship,PT,Last 32,2.0,6.0,85.71,97.67
Arno Merk,Niko Springer,2026-04-14,Players Championship,PT,Last 128,6.0,0.0,95.94,88.07
Pascal Rupprecht,Stephen Bunting,2026-03-31,Players Championship,PT,Last 64,3.0,6.0,92.09,95.84
Jeffrey Sparidaans,Richard Veenstra,2026-04-15,European Tour Card Holder Qualifier,Q,Quarter Final,4.0,6.0,89.31,91.62
Sietse Lap,Alexander Merkx,2026-04-15,European Tour Card Holder Qualifier,Q,Quarter Final,6.0,5.0,96.58,90.44
Leon Weber,Jeffrey de Graaf,2026-04-27,Players Championship,PT,Last 64,6.0,5.0,98.57,100.27
Leon Weber,Ryan Searle,2026-04-27,Players Championship,PT,Last 128,6.0,3.0,89.11,83.92
Leon Weber,Ieuan Halsall,2026-04-26,Development Tour,0,Last 64,0.0,4.0,84.1,91.09
Niall Culleton,Carl Sneyd,2026-04-15,European Tour Card Holder Qualifier,Q,Quarter Final,6.0,0.0,92.02,87.74
Niall Culleton,Jeffrey Sparidaans,2026-04-15,European Tour Card Holder Qualifier,Q,Last 16,4.0,6.0,85.61,88.69
Adam Leek,Shane McGuirk,2026-04-15,European Tour Card Holder Qualifier,Q,Semi Final,2.0,6.0,85.47,96.03
Adam Paxton,Adam Lipscombe,2026-04-01,European Tour Card Holder Qualifier,Q,Quarter Final,1.0,6.0,84.64,86.23
Adam Paxton,Sebastian Bialecki,2026-04-01,European Tour Card Holder Qualifier,Q,Quarter Final,0.0,6.0,83.41,96.97
Stefan Bellmont,Tom Bissell,2026-04-15,European Tour Card Holder Qualifier,Q,Quarter Final,4.0,6.0,89.37,91.51
Marvin van Velzen,Cristo Reyes,2026-04-27,Players Championship,PT,Last 128,3.0,6.0,93.9,106.29
Stefaan Henderyck,Tom Bissell,2026-02-25,Players Championship,PT,Last 32,4.0,6.0,89.92,92.72
Yorick Hofkens,Ieuan Halsall,2026-04-25,Development Tour,0,Last 16,4.0,2.0,79.39,75.97
Marvin Kraft,Maik Kuivenhoven,2026-04-01,European Tour Card Holder Qualifier,Q,Semi Final,3.0,6.0,86.28,93.65
Rusty-Jake Rodriguez,Cor Dekker,2026-04-13,Players Championship,PT,Last 128,2.0,6.0,82.21,86.8
Tytus Kanik,Mario Vandenbogaerde,2026-04-01,European Tour Card Holder Qualifier,Q,Quarter Final,2.0,6.0,85.33,88.17
Filip Bereza,Connor Scutt,2026-04-14,Players Championship,PT,Last 128,6.0,4.0,90.39,91.34
Tavis Dudeney,Lukas Fraulob,2026-04-25,Development Tour,0,Last 128,4.0,0.0,70.73,62.63
Michael van Gerwen,Luke Littler,2026-04-23,Premier League,U,Weekly Semi Final,5.0,6.0,107.54,102.06
Josh Rock,Michael van Gerwen,2026-04-23,Premier League,U,Weekly Quarter Final,3.0,6.0,91.89,98.64
Josh Rock,Ross Smith,2026-04-19,European Tour,ET,Last 16,5.0,6.0,95.87,98.64
Josh Rock,Keane Barry,2026-04-18,European Tour,ET,Last 32,6.0,3.0,97.98,91.67
Josh Rock,Jonny Clayton,2026-04-16,Premier League,U,Weekly Semi Final,5.0,6.0,96.05,87.96
Ross Smith,Darryl Pilgrim,2026-04-27,Players Championship,PT,Last 64,6.0,4.0,102.19,93.06
James Wade,Jack Tweddell,2026-04-28,Players Championship,PT,Last 128,6.0,1.0,97.58,88.78
Danny Noppert,Darryl Pilgrim,2026-04-28,Players Championship,PT,Last 32,5.0,6.0,99.79,92.76
Rob Cross,Owen Bates,2026-05-04,Players Championship,PT,Last 128,6.0,1.0,102.72,95.68
Rob Cross,Christian Kist,2026-04-28,Players Championship,PT,Last 128,5.0,6.0,94.48,91.79
Rob Cross,Beau Greaves,2026-04-27,Players Championship,PT,Quarter Final,5.0,6.0,105.96,102.56
Kevin Doets,Jermaine Wattimena,2026-05-04,Players Championship,PT,Last 16,6.0,3.0,105.72,107.83
Kevin Doets,Kim Huybrechts,2026-05-04,Players Championship,PT,Last 32,6.0,0.0,95.94,83.73
Kevin Doets,Darryl Pilgrim,2026-05-04,Players Championship,PT,Last 64,6.0,3.0,93.26,82.24
Kevin Doets,Mervyn King,2026-05-04,Players Championship,PT,Last 128,6.0,4.0,97.3,95.88
Luke Woodhouse,Cam Crabtree,2026-05-04,Players Championship,PT,Last 128,6.0,0.0,87.55,77.3
Luke Woodhouse,Tommy Lishman,2026-04-28,Players Championship,PT,Last 64,4.0,6.0,99.37,91.19
Andrew Gilding,Brendan Dolan,2026-04-28,Players Championship,PT,Last 64,5.0,6.0,92.86,91.99
Andrew Gilding,Mensur Suljović,2026-04-28,Players Championship,PT,Last 128,6.0,5.0,95.91,93.39
Cristo Reyes,Oskar Lukasiak,2026-04-28,Players Championship,PT,Last 128,6.0,4.0,93.48,83.73
Cristo Reyes,William O&#039;Connor,2026-04-27,Players Championship,PT,Last 16,3.0,6.0,101.18,106.19
Martin Schindler,Christian Kist,2026-04-27,Players Championship,PT,Last 128,3.0,6.0,96.48,102.5
Martin Schindler,Gerwyn Price,2026-04-19,European Tour,ET,Quarter Final,5.0,6.0,96.43,100.95
Daryl Gurney,Tommy Lishman,2026-04-14,Players Championship,PT,Last 128,6.0,3.0,92.66,83.46
Daryl Gurney,Joe Hunt,2026-04-13,Players Championship,PT,Last 32,3.0,6.0,88.32,93.07
Daryl Gurney,Darius Labanauskas,2026-04-13,Players Championship,PT,Last 64,6.0,2.0,91.27,88.29
Niko Springer,Rusty-Jake Rodriguez,2026-04-27,Players Championship,PT,Last 128,6.0,3.0,85.91,81.81
Kim Huybrechts,James Wade,2026-04-18,European Tour,ET,Last 32,3.0,6.0,93.84,104.15
Ryan Joyce,Josh Rock,2026-04-05,European Tour,ET,Last 32,4.0,6.0,103.24,102.57
Madars Razma,Damon Heta,2026-04-17,European Tour,ET,Last 48 (Premier),4.0,6.0,90.75,95.65
Gian van Veen,Joe Cullen,2026-04-18,European Tour,ET,Last 32,3.0,6.0,92.7,91.73
Chris Dobey,Jurjen van der Velde,2026-04-28,Players Championship,PT,Last 32,6.0,3.0,93.08,84.64
Michael van Gerwen,Josh Rock,2026-04-23,Premier League,U,Weekly Quarter Final,6.0,3.0,98.64,91.89
Wessel Nijman,Jermaine Wattimena,2026-04-28,Players Championship,PT,Final,8.0,5.0,96.84,94.12
Josh Rock,Stephen Bunting,2026-04-16,Premier League,U,Weekly Quarter Final,6.0,1.0,102.55,104.81
Ross Smith,Bradley Brooks,2026-04-27,Players Championship,PT,Last 128,6.0,2.0,102.42,98.54
Danny Noppert,Benjamin Pratnemer,2026-04-28,Players Championship,PT,Last 64,6.0,3.0,97.48,92.16
James Wade,Alexander Merkx,2026-04-27,Players Championship,PT,Last 32,4.0,6.0,98.03,104.55
Damon Heta,Martin Schindler,2026-04-18,European Tour,ET,Last 32,5.0,6.0,93.31,92.11
Rob Cross,Ross Smith,2026-04-27,Players Championship,PT,Last 16,6.0,2.0,103.54,99.71
Ryan Searle,Gary Anderson,2026-03-30,Players Championship,PT,Semi Final,7.0,3.0,96.52,95.6
Krzysztof Ratajski,Stephen Rosney,2026-05-04,Players Championship,PT,Last 128,6.0,4.0,95.48,93.39
Jermaine Wattimena,Tommy Lishman,2026-04-28,Players Championship,PT,Last 16,6.0,2.0,94.61,85.83
Kevin Doets,Jermaine Wattimena,2026-04-28,Players Championship,PT,Semi Final,3.0,7.0,94.85,94.49
Luke Woodhouse,Dominik Gruellich,2026-04-28,Players Championship,PT,Last 128,6.0,1.0,97.77,85.74
William O&#039;Connor,Kevin Doets,2026-04-27,Players Championship,PT,Quarter Final,1.0,6.0,91.25,93.51
Niels Zonneveld,Callan Rydz,2026-04-14,Players Championship,PT,Last 32,6.0,4.0,91.28,90.64
Andrew Gilding,Michael Smith,2026-04-27,Players Championship,PT,Quarter Final,5.0,6.0,92.37,85.75
Cristo Reyes,Alan Soutar,2026-04-27,Players Championship,PT,Last 32,6.0,0.0,103.66,96.69
Martin Schindler,Jonny Clayton,2026-04-19,European Tour,ET,Last 16,6.0,1.0,100.98,94.03
Mike De Decker,Stefaan Henderyck,2026-04-27,Players Championship,PT,Last 128,6.0,1.0,101.67,90.38
Daryl Gurney,Brendan Dolan,2026-04-13,Players Championship,PT,Last 128,6.0,5.0,89.51,85.42
Alan Soutar,Justin Hood,2026-04-15,European Tour Card Holder Qualifier,Q,Quarter Final,6.0,1.0,103.84,90.3
Niko Springer,Danny Noppert,2026-04-19,European Tour,ET,Last 16,4.0,6.0,87.58,98.34
Kim Huybrechts,Dirk van Duijvenbode,2026-04-17,European Tour,ET,Last 48 (Premier),6.0,3.0,93.84,94.66
Mensur Suljović,Owen Bates,2026-05-05,Players Championship,PT,Last 64,6.0,2.0,93.94,89.24
Ryan Joyce,Finn Behrens,2026-04-04,European Tour,ET,Last 48 (Premier),6.0,1.0,93.4,79.89
Madars Razma,Niall Culleton,2026-04-15,European Tour Card Holder Qualifier,Q,Final,6.0,3.0,92.66,83.01
Ian White,Dennie Olde Kalter,2026-04-15,European Tour Card Holder Qualifier,Q,Final,6.0,2.0,84.51,86.54
Peter Wright,Richard Veenstra,2026-04-13,Players Championship,PT,Last 32,1.0,6.0,77.86,89.97
Dirk van Duijvenbode,Niall Culleton,2026-04-27,Players Championship,PT,Last 128,6.0,4.0,90.66,85.94
Krzysztof Ratajski,Gary Anderson,2026-04-28,Players Championship,PT,Last 32,5.0,6.0,99.41,105.6
Kevin Doets,Gary Anderson,2026-04-28,Players Championship,PT,Quarter Final,6.0,1.0,98.58,92.13
Andrew Gilding,Callan Rydz,2026-04-27,Players Championship,PT,Last 16,6.0,3.0,95.21,89.09
William O&#039;Connor,Cristo Reyes,2026-04-27,Players Championship,PT,Last 16,6.0,3.0,106.19,101.18
Niels Zonneveld,Dominik Gruellich,2026-04-14,Players Championship,PT,Last 64,6.0,1.0,98.16,85.37
Cristo Reyes,Mike De Decker,2026-04-27,Players Championship,PT,Last 64,6.0,2.0,86.56,86.7
Karel Sedláček,Valters Melderis,2026-04-17,European Tour,ET,Last 48 (Premier),5.0,6.0,92.01,86.64
James Hurrell,Dimitri Van den Bergh,2026-04-15,European Tour Card Holder Qualifier,Q,Final,6.0,4.0,93.18,93.52
Alan Soutar,Rob Cross,2026-04-15,European Tour Card Holder Qualifier,Q,Final,6.0,3.0,92.35,93.99
Joe Cullen,Krzysztof Ratajski,2026-04-19,European Tour,ET,Last 16,2.0,6.0,86.93,90.7
Niko Springer,Gary Anderson,2026-04-18,European Tour,ET,Last 32,6.0,3.0,95.44,90.49
Dave Chisnall,Petr Krivka,2026-04-17,European Tour,ET,Last 48 (Premier),6.0,4.0,95.26,90.02
Cameron Menzies,Connor Scutt,2026-04-13,Players Championship,PT,Last 32,5.0,6.0,95.94,96.8
Mensur Suljović,Luke Woodhouse,2026-05-05,Players Championship,PT,Last 128,6.0,3.0,94.5,98.56
Mensur Suljović,Luke Woodhouse,2026-05-04,Players Championship,PT,Semi Final,2.0,7.0,79.53,90.59
Mensur Suljović,Darius Labanauskas,2026-05-04,Players Championship,PT,Quarter Final,6.0,4.0,93.72,96.79
Mensur Suljović,Ritchie Edhouse,2026-05-04,Players Championship,PT,Last 16,6.0,0.0,102.48,85.89
Mensur Suljović,Thibault Tricole,2026-05-04,Players Championship,PT,Last 32,6.0,1.0,99.91,80.32
Mensur Suljović,Niels Zonneveld,2026-05-04,Players Championship,PT,Last 64,6.0,5.0,90.53,92.38
Kim Huybrechts,Maik Kuivenhoven,2026-04-15,European Tour Card Holder Qualifier,Q,Final,6.0,4.0,95.48,95.42
Michael Smith,Marvin Kraft,2026-04-27,Players Championship,PT,Last 128,6.0,5.0,82.32,80.27
Ryan Joyce,Jurjen van der Velde,2026-03-31,Players Championship,PT,Last 128,2.0,6.0,100.1,107.24
Gabriel Clemens,Kevin Doets,2026-04-14,Players Championship,PT,Last 16,0.0,6.0,89.27,107.36
Madars Razma,Benjamin Pratnemer,2026-04-15,European Tour Card Holder Qualifier,Q,Semi Final,6.0,5.0,102.02,99.06
Raymond van Barneveld,Maximilian Czerwinski,2026-04-14,Players Championship,PT,Last 128,6.0,2.0,98.65,83.98
Ian White,Cam Crabtree,2026-04-15,European Tour Card Holder Qualifier,Q,Semi Final,6.0,3.0,97.73,94.76
Chris Landman,Maximilian Czerwinski,2026-04-15,European Tour Card Holder Qualifier,Q,Quarter Final,6.0,5.0,85.24,84.29
Ricardo Pietreczko,Nathan Aspinall,2026-04-05,European Tour,ET,Last 32,5.0,6.0,91.31,99.5
Peter Wright,Alexander Merkx,2026-04-13,Players Championship,PT,Last 64,6.0,5.0,91.12,92.59
Nick Kenny,Cristo Reyes,2026-04-14,Players Championship,PT,Last 128,6.0,4.0,90.88,86.4
Luke Littler,Luke Humphries,2026-04-30,Premier League,U,Final Sub Match,6.0,5.0,104.11,103.1
Luke Littler,Gerwyn Price,2026-04-30,Premier League,U,Semi Final Sub Match,6.0,1.0,98.34,94.18
Luke Littler,Josh Rock,2026-04-30,Premier League,U,Quarter Final Sub Match,6.0,3.0,105.86,101.25
Luke Littler,Jonny Clayton,2026-04-23,Premier League,U,Final Sub Match,6.0,1.0,104.54,99.16
Luke Littler,Michael van Gerwen,2026-04-23,Premier League,U,Semi Final Sub Match,6.0,5.0,102.06,107.54
Luke Littler,Luke Humphries,2026-04-23,Premier League,U,Quarter Final Sub Match,6.0,2.0,97.22,99.39
Luke Littler,Jonny Clayton,2026-04-16,Premier League,U,Final Sub Match,4.0,6.0,95.41,99.16
Luke Littler,Luke Humphries,2026-04-16,Premier League,U,Semi Final Sub Match,6.0,5.0,100.85,103.0
Luke Littler,Gerwyn Price,2026-04-16,Premier League,U,Quarter Final Sub Match,6.0,3.0,97.3,91.44
Luke Littler,Stephen Bunting,2026-04-09,Premier League,U,Quarter Final Sub Match,4.0,6.0,83.94,91.3
Luke Humphries,Luke Littler,2026-04-30,Premier League,U,Final Sub Match,5.0,6.0,103.1,104.11
Luke Humphries,Gian van Veen,2026-04-30,Premier League,U,Semi Final Sub Match,6.0,3.0,101.8,102.67
Luke Humphries,Michael van Gerwen,2026-04-30,Premier League,U,Quarter Final Sub Match,6.0,3.0,99.18,91.02
Luke Humphries,Luke Littler,2026-04-23,Premier League,U,Quarter Final Sub Match,2.0,6.0,99.39,97.22
Luke Humphries,Luke Littler,2026-04-16,Premier League,U,Semi Final Sub Match,5.0,6.0,103.0,100.85
Luke Humphries,Gian van Veen,2026-04-16,Premier League,U,Quarter Final Sub Match,6.0,2.0,100.51,93.36
Gerwyn Price,Luke Littler,2026-04-30,Premier League,U,Semi Final Sub Match,1.0,6.0,94.18,98.34
Gerwyn Price,Stephen Bunting,2026-04-30,Premier League,U,Quarter Final Sub Match,6.0,5.0,95.98,97.02
Gerwyn Price,Gian van Veen,2026-04-23,Premier League,U,Quarter Final Sub Match,4.0,6.0,93.61,90.97
Gerwyn Price,Luke Littler,2026-04-16,Premier League,U,Quarter Final Sub Match,3.0,6.0,91.44,97.3
Gerwyn Price,Josh Rock,2026-04-09,Premier League,U,Quarter Final Sub Match,3.0,6.0,96.0,96.49
Gian van Veen,Luke Humphries,2026-04-30,Premier League,U,Semi Final Sub Match,3.0,6.0,102.67,101.8
Gian van Veen,Jonny Clayton,2026-04-30,Premier League,U,Quarter Final Sub Match,6.0,2.0,104.32,95.14
Gian van Veen,Jonny Clayton,2026-04-23,Premier League,U,Semi Final Sub Match,5.0,6.0,98.04,102.37
Gian van Veen,Gerwyn Price,2026-04-23,Premier League,U,Quarter Final Sub Match,6.0,4.0,90.97,93.61
Gian van Veen,Luke Humphries,2026-04-16,Premier League,U,Quarter Final Sub Match,2.0,6.0,93.36,100.51
Michael van Gerwen,Luke Humphries,2026-04-30,Premier League,U,Quarter Final Sub Match,3.0,6.0,91.02,99.18
Michael van Gerwen,Luke Littler,2026-04-23,Premier League,U,Semi Final Sub Match,5.0,6.0,107.54,102.06
Michael van Gerwen,Josh Rock,2026-04-23,Premier League,U,Quarter Final Sub Match,6.0,3.0,98.64,91.89
Michael van Gerwen,Wessel Nijman,2026-04-19,European Tour,ET,Quarter Final,2.0,6.0,82.57,89.77
Stephen Bunting,Gerwyn Price,2026-04-30,Premier League,U,Quarter Final Sub Match,5.0,6.0,97.02,95.98
Stephen Bunting,Jonny Clayton,2026-04-23,Premier League,U,Quarter Final Sub Match,5.0,6.0,90.42,93.85
Stephen Bunting,Josh Rock,2026-04-16,Premier League,U,Quarter Final Sub Match,1.0,6.0,104.81,102.55
Stephen Bunting,Joe Hunt,2026-04-14,Players Championship,PT,Last 32,4.0,6.0,88.03,81.65
Josh Rock,Luke Littler,2026-04-30,Premier League,U,Quarter Final Sub Match,3.0,6.0,101.25,105.86
Josh Rock,Michael van Gerwen,2026-04-23,Premier League,U,Quarter Final Sub Match,3.0,6.0,91.89,98.64
Josh Rock,Jonny Clayton,2026-04-16,Premier League,U,Semi Final Sub Match,5.0,6.0,96.05,87.96
Josh Rock,Stephen Bunting,2026-04-16,Premier League,U,Quarter Final Sub Match,6.0,1.0,102.55,104.81
Josh Rock,Joe Hunt,2026-04-14,Players Championship,PT,Last 16,5.0,6.0,93.78,93.0
Jonny Clayton,Gian van Veen,2026-04-30,Premier League,U,Quarter Final Sub Match,2.0,6.0,95.14,104.32
Jonny Clayton,Luke Littler,2026-04-23,Premier League,U,Final Sub Match,1.0,6.0,99.16,104.54
Jonny Clayton,Gian van Veen,2026-04-23,Premier League,U,Semi Final Sub Match,6.0,5.0,102.37,98.04
Jonny Clayton,Stephen Bunting,2026-04-23,Premier League,U,Quarter Final Sub Match,6.0,5.0,93.85,90.42
Jonny Clayton,Luke Littler,2026-04-16,Premier League,U,Final Sub Match,6.0,4.0,92.92,104.54
Jonny Clayton,Josh Rock,2026-04-16,Premier League,U,Semi Final Sub Match,6.0,5.0,87.96,96.05
Jonny Clayton,Michael van Gerwen,2026-04-16,Premier League,U,Quarter Final Sub Match,6.0,2.0,99.33,97.97
Jonny Clayton,Brendan Dolan,2026-04-14,Players Championship,PT,Last 64,3.0,6.0,87.34,91.58
Rusty-Jake Rodriguez,Martin Lukeman,2026-04-01,European Tour Card Holder Qualifier,Q,Quarter Final,2.0,6.0,81.67,86.08
Michael van Gerwen,Mensur Suljovic,2026-05-05,Players Championship,PT,Last 32,4.0,6.0,101.08,100.35
Josh Rock,Rob Owen,2026-04-28,Players Championship,PT,Last 64,1.0,6.0,83.25,95.53
Danny Noppert,Samuel Price,2026-05-05,Players Championship,PT,Last 128,6.0,0.0,84.28,68.44
Danny Noppert,Rob Owen,2026-05-04,Players Championship,PT,Last 64,4.0,6.0,89.78,95.22
James Wade,Rob Owen,2026-05-05,Players Championship,PT,Last 64,6.0,0.0,102.48,87.18
Ryan Searle,Rob Owen,2026-04-28,Players Championship,PT,Last 32,6.0,1.0,101.97,88.08
Kevin Doets,Rob Owen,2026-05-04,Players Championship,PT,Quarter Final,6.0,2.0,107.19,89.22
Luke Woodhouse,Mensur Suljovic,2026-05-05,Players Championship,PT,Last 128,3.0,6.0,98.56,94.5
Luke Woodhouse,Mensur Suljovic,2026-05-04,Players Championship,PT,Semi Final,7.0,2.0,90.59,79.53
Niels Zonneveld,Mensur Suljovic,2026-05-04,Players Championship,PT,Last 64,5.0,6.0,92.38,90.53
Martin Schindler,Samuel Price,2026-05-04,Players Championship,PT,Last 128,6.0,5.0,91.28,88.31
Karel Sedláček,Scott Waites,2026-04-14,Players Championship,PT,Semi Final,5.0,7.0,99.86,96.21
Karel Sedláček,Chris Dobey,2026-04-14,Players Championship,PT,Quarter Final,6.0,5.0,88.94,89.0
Karel Sedláček,James Hurrell,2026-04-14,Players Championship,PT,Last 16,6.0,4.0,95.36,84.62
James Hurrell,Rob Owen,2026-04-15,European Tour Card Holder Qualifier,Q,Quarter Final,4.0,6.0,95.54,98.7
Bradley Brooks,Rob Owen,2026-04-15,European Tour Card Holder Qualifier,Q,Semi Final,6.0,3.0,95.76,96.9
Mensur Suljović,Andrew Gilding,2026-04-28,Players Championship,PT,Last 128,5.0,6.0,93.39,95.91
Mensur Suljović,Gary Anderson,2026-04-27,Players Championship,PT,Last 32,3.0,6.0,92.37,94.71
Mensur Suljović,Luke Woodhouse,2026-04-27,Players Championship,PT,Last 64,6.0,5.0,93.83,98.26
Mensur Suljović,Nick Kenny,2026-04-27,Players Championship,PT,Last 128,6.0,1.0,100.7,87.53
Mensur Suljović,Cristo Reyes,2026-04-15,European Tour Card Holder Qualifier,Q,Semi Final,2.0,6.0,85.03,100.11
Mensur Suljović,Arno Merk,2026-04-15,European Tour Card Holder Qualifier,Q,Quarter Final,6.0,2.0,84.07,82.27
Mensur Suljović,Marvin van Velzen,2026-04-15,European Tour Card Holder Qualifier,Q,Last 16,6.0,2.0,99.33,83.14
Mensur Suljović,Jimmy van Schie,2026-04-15,European Tour Card Holder Qualifier,Q,Quarter Final,5.0,6.0,88.53,90.44
Mensur Suljović,Ricardo Pietreczko,2026-04-14,Players Championship,PT,Last 128,0.0,6.0,84.13,93.94
Mensur Suljović,Justin Hood,2026-04-13,Players Championship,PT,Last 16,3.0,6.0,91.0,91.28
Ricky Evans,Rob Owen,2026-04-15,European Tour Card Holder Qualifier,Q,Semi Final,6.0,3.0,99.67,91.48
Beau Greaves,Rob Owen,2026-05-04,Players Championship,PT,Last 32,5.0,6.0,92.34,94.3
Lukas Wenig,Rob Owen,2026-05-04,Players Championship,PT,Last 128,3.0,6.0,89.49,93.5
Tom Bissell,Mensur Suljovic,2026-05-05,Players Championship,PT,Quarter Final,6.0,5.0,85.61,78.65
Keane Barry,Rob Owen,2026-04-27,Players Championship,PT,Last 128,3.0,6.0,88.15,89.22
Ritchie Edhouse,Mensur Suljovic,2026-05-04,Players Championship,PT,Last 16,0.0,6.0,85.89,102.48
Tom Sykes,Karel Sedlacek,2026-05-05,Players Championship,PT,Last 128,6.0,1.0,97.13,92.91
Maik Kuivenhoven,Mensur Suljovic,2026-05-05,Players Championship,PT,Last 16,3.0,6.0,96.71,92.89
Mario Vandenbogaerde,Pero Ljubic,2026-05-04,Players Championship,PT,Last 128,6.0,1.0,89.66,66.65
Ian White,Mensur Suljovic,2026-05-04,Players Championship,PT,Last 128,4.0,6.0,89.59,93.4
Darius Labanauskas,Mensur Suljovic,2026-05-04,Players Championship,PT,Quarter Final,4.0,6.0,96.79,93.72
Thibault Tricole,Mensur Suljovic,2026-05-04,Players Championship,PT,Last 32,1.0,6.0,80.32,99.91
Tyler Thorpe,Rob Owen,2026-05-04,Players Championship,PT,Last 16,2.0,6.0,93.05,94.89
Owen Bates,Mensur Suljovic,2026-05-05,Players Championship,PT,Last 64,2.0,6.0,89.24,93.94
Adam Warner,Pero Ljubic,2026-05-05,Players Championship,PT,Last 128,6.0,0.0,94.93,76.2
Viktor Tingstrom,Rob Owen,2026-04-28,Players Championship,PT,Last 128,3.0,6.0,84.2,83.31
Sam Price,Keane Barry,2026-04-01,European Tour Card Holder Qualifier,Q,Quarter Final,2.0,6.0,88.29,90.48
Sam Price,Robert Owen,2026-04-01,European Tour Card Holder Qualifier,Q,Quarter Final,5.0,6.0,94.79,92.76
Pero Ljubić,Sebastian Bialecki,2026-02-11,European Tour Card Holder Qualifier,Q,Quarter Final,1.0,6.0,77.89,91.49
Pero Ljubić,Bradley Brooks,2026-02-10,Players Championship,PT,Last 128,5.0,6.0,80.01,84.19
Gary Anderson,Mensur Suljović,2026-04-27,Players Championship,PT,Last 32,6.0,3.0,94.71,92.37
Chris Dobey,Madars Razma,2026-04-28,Players Championship,PT,Last 64,6.0,2.0,100.14,87.95
Chris Dobey,Aden Kirk,2026-04-28,Players Championship,PT,Last 128,6.0,3.0,95.98,85.12
Wessel Nijman,Tom Bissell,2026-04-28,Players Championship,PT,Semi Final,7.0,4.0,103.41,100.18
Wessel Nijman,Nathan Potter,2026-04-28,Players Championship,PT,Quarter Final,6.0,2.0,97.4,92.06
Wessel Nijman,Ryan Searle,2026-04-28,Players Championship,PT,Last 16,6.0,3.0,96.19,86.36
Wessel Nijman,Sebastian Bialecki,2026-04-28,Players Championship,PT,Last 32,6.0,3.0,99.95,90.81
Wessel Nijman,Tom Sykes,2026-04-28,Players Championship,PT,Last 64,6.0,5.0,96.62,91.96
Wessel Nijman,Scott Williams,2026-04-28,Players Championship,PT,Last 128,6.0,2.0,99.2,89.6
Wessel Nijman,Gary Anderson,2026-04-27,Players Championship,PT,Quarter Final,3.0,6.0,105.57,108.1
Michael van Gerwen,Jermaine Wattimena,2026-04-19,European Tour,ET,Last 16,6.0,5.0,88.61,85.48
Michael van Gerwen,M. Unterbuchner,2026-04-18,European Tour,ET,Last 32,6.0,2.0,91.37,82.95
Michael van Gerwen,Jonny Clayton,2026-04-16,Premier League,U,Quarter Final Sub Match,2.0,6.0,97.97,99.33
Ross Smith,Gerwyn Price,2026-04-19,European Tour,ET,Final,6.0,8.0,96.25,95.7
Dirk van Duijvenbode,Kim Huybrechts,2026-04-17,European Tour,ET,Last 48 (Premier),3.0,6.0,94.66,93.84
Dirk van Duijvenbode,James Hurrell,2026-04-14,Players Championship,PT,Last 128,2.0,6.0,95.04,91.57
Dirk van Duijvenbode,Madars Razma,2026-04-13,Players Championship,PT,Last 128,0.0,6.0,87.1,92.97
Dirk van Duijvenbode,Kevin Doets,2026-04-06,European Tour,ET,Last 16,5.0,6.0,96.77,107.7
Danny Noppert,Ricky Evans,2026-04-28,Players Championship,PT,Last 128,6.0,3.0,102.21,93.38
Danny Noppert,Karel Sedláček,2026-04-27,Players Championship,PT,Last 32,4.0,6.0,98.77,97.29
Danny Noppert,Jurjen van der Velde,2026-04-27,Players Championship,PT,Last 64,6.0,1.0,101.16,84.59
Danny Noppert,Kai Gotthardt,2026-04-27,Players Championship,PT,Last 128,6.0,3.0,103.63,89.82
Danny Noppert,Krzysztof Ratajski,2026-04-19,European Tour,ET,Quarter Final,5.0,6.0,90.51,90.94
Danny Noppert,Niko Springer,2026-04-19,European Tour,ET,Last 16,6.0,4.0,98.34,87.58
James Wade,Thibault Tricole,2026-04-27,Players Championship,PT,Last 64,6.0,2.0,87.35,81.47
James Wade,Carl Sneyd,2026-04-27,Players Championship,PT,Last 128,6.0,4.0,92.07,84.93
James Wade,Nathan Aspinall,2026-04-19,European Tour,ET,Last 16,3.0,6.0,103.08,106.2
Krzysztof Ratajski,Mervyn King,2026-04-28,Players Championship,PT,Last 64,6.0,5.0,98.38,94.78
Krzysztof Ratajski,Raymond van Barneveld,2026-04-28,Players Championship,PT,Last 128,6.0,1.0,99.26,90.39
Krzysztof Ratajski,Kevin Doets,2026-04-27,Players Championship,PT,Last 32,5.0,6.0,107.63,99.42
Krzysztof Ratajski,Tom Bissell,2026-04-27,Players Championship,PT,Last 64,6.0,4.0,98.34,94.24
Krzysztof Ratajski,Derek Coulson,2026-04-27,Players Championship,PT,Last 128,6.0,5.0,96.7,88.44
Damon Heta,Madars Razma,2026-04-17,European Tour,ET,Last 48 (Premier),6.0,4.0,95.65,90.75
Damon Heta,Scott Waites,2026-04-14,Players Championship,PT,Last 128,2.0,6.0,90.2,95.8
Damon Heta,Dimitri Van den Bergh,2026-04-13,Players Championship,PT,Last 64,5.0,6.0,91.56,90.32
Rob Cross,Damon Heta,2026-04-27,Players Championship,PT,Last 32,6.0,4.0,102.67,93.04
Rob Cross,Filip Bereza,2026-04-27,Players Championship,PT,Last 64,6.0,1.0,93.83,85.43
Rob Cross,Adam Paxton,2026-04-27,Players Championship,PT,Last 128,6.0,2.0,95.28,85.92
Rob Cross,Mickey Mansell,2026-04-17,European Tour,ET,Last 48 (Premier),2.0,6.0,92.95,100.32
Jermaine Wattimena,Joe Hunt,2026-04-28,Players Championship,PT,Last 32,6.0,4.0,88.58,90.71
Jermaine Wattimena,Sietse Lap,2026-04-28,Players Championship,PT,Last 64,6.0,3.0,95.28,88.86
Kevin Doets,Mike De Decker,2026-04-28,Players Championship,PT,Last 16,6.0,5.0,97.3,91.54
Luke Woodhouse,Mensur Suljović,2026-04-27,Players Championship,PT,Last 64,5.0,6.0,98.26,93.83
William O&#039;Connor,Dirk van Duijvenbode,2026-04-27,Players Championship,PT,Last 32,6.0,4.0,106.19,97.01
William O&#039;Connor,Justin Hood,2026-04-27,Players Championship,PT,Last 64,6.0,1.0,105.89,93.07
William O&#039;Connor,Mario Vandenbogaerde,2026-04-27,Players Championship,PT,Last 128,6.0,3.0,105.02,94.88
Niels Zonneveld,Greg Ritchie,2026-04-14,Players Championship,PT,Last 128,6.0,5.0,99.26,92.55
Andrew Gilding,Gian van Veen,2026-04-27,Players Championship,PT,Last 32,6.0,3.0,90.02,87.04
Cristo Reyes,Marvin van Velzen,2026-04-27,Players Championship,PT,Last 128,6.0,3.0,106.29,93.9
Cristo Reyes,Andy Boulton,2026-04-15,European Tour Card Holder Qualifier,Q,Final,6.0,5.0,85.28,79.44
Cristo Reyes,Mensur Suljović,2026-04-15,European Tour Card Holder Qualifier,Q,Semi Final,6.0,2.0,100.11,85.03
Martin Schindler,Damon Heta,2026-04-18,European Tour,ET,Last 32,6.0,5.0,92.11,93.31
Martin Schindler,Beau Greaves,2026-04-14,Players Championship,PT,Last 128,5.0,6.0,88.15,94.61
Martin Schindler,Adam Leek,2026-04-13,Players Championship,PT,Last 128,5.0,6.0,100.36,94.79
James Hurrell,Ryan Meikle,2026-04-15,European Tour Card Holder Qualifier,Q,Semi Final,6.0,2.0,87.29,76.91
James Hurrell,Adam Warner,2026-04-15,European Tour Card Holder Qualifier,Q,Quarter Final,6.0,5.0,90.05,85.5
James Hurrell,Karel Sedláček,2026-04-14,Players Championship,PT,Last 16,4.0,6.0,84.62,95.36
James Hurrell,Shane McGuirk,2026-04-14,Players Championship,PT,Last 32,6.0,1.0,100.11,75.33
Mike De Decker,Krzysztof Ratajski,2026-04-18,European Tour,ET,Last 32,4.0,6.0,87.09,93.3
Justin Hood,Andy Boulton,2026-04-15,European Tour Card Holder Qualifier,Q,Semi Final,6.0,1.0,98.01,92.01
Justin Hood,Matthias Ehlers,2026-04-15,European Tour Card Holder Qualifier,Q,Quarter Final,6.0,0.0,79.11,67.24
Alan Soutar,Bradley Brooks,2026-04-15,European Tour Card Holder Qualifier,Q,Semi Final,6.0,5.0,98.68,97.38
Callan Rydz,Arno Merk,2026-04-14,Players Championship,PT,Last 64,6.0,3.0,89.89,88.36
Niko Springer,Robin Masino,2026-04-17,European Tour,ET,Last 48 (Premier),6.0,1.0,89.77,75.95
Joe Cullen,Gian van Veen,2026-04-18,European Tour,ET,Last 32,6.0,3.0,91.73,92.7
Joe Cullen,Maik Kuivenhoven,2026-04-17,European Tour,ET,Last 48 (Premier),6.0,1.0,87.58,84.31
Joe Cullen,Scott Waites,2026-04-14,Players Championship,PT,Last 32,1.0,6.0,86.14,93.14
Joe Cullen,Cam Crabtree,2026-04-14,Players Championship,PT,Last 64,6.0,5.0,96.79,91.56
Connor Scutt,Tom Sykes,2026-04-15,European Tour Card Holder Qualifier,Q,Semi Final,6.0,4.0,90.38,92.39
Connor Scutt,Tyler Thorpe,2026-04-15,European Tour Card Holder Qualifier,Q,Quarter Final,6.0,4.0,104.54,94.15
Connor Scutt,Kim Huybrechts,2026-04-15,European Tour Card Holder Qualifier,Q,Last 16,4.0,6.0,96.89,94.53
Dave Chisnall,Richard Veenstra,2026-04-14,Players Championship,PT,Last 128,5.0,6.0,92.82,95.68
Wesley Plaisier,Dave Chisnall,2026-04-13,Players Championship,PT,Last 128,6.0,4.0,103.57,92.2
Jeffrey de Graaf,Adam Gawlas,2026-04-14,Players Championship,PT,Last 64,5.0,6.0,96.17,98.72
Jeffrey de Graaf,Cor Dekker,2026-04-14,Players Championship,PT,Last 128,6.0,3.0,90.54,89.26
Richard Veenstra,Cristo Reyes,2026-04-15,European Tour Card Holder Qualifier,Q,Quarter Final,3.0,6.0,92.24,94.3
Richard Veenstra,Jimmy van Schie,2026-04-15,European Tour Card Holder Qualifier,Q,Final,3.0,6.0,86.82,96.67
Richard Veenstra,Thibault Tricole,2026-04-15,European Tour Card Holder Qualifier,Q,Semi Final,6.0,4.0,95.33,88.5
Richard Veenstra,Jeffrey Sparidaans,2026-04-15,European Tour Card Holder Qualifier,Q,Quarter Final,6.0,4.0,91.62,89.31
Richard Veenstra,Owen Bates,2026-04-14,Players Championship,PT,Last 64,5.0,6.0,93.26,88.6
Ricky Evans,Jonny Clayton,2026-04-14,Players Championship,PT,Last 128,4.0,6.0,96.08,95.17
Ricky Evans,Niels Zonneveld,2026-04-13,Players Championship,PT,Last 128,3.0,6.0,92.34,96.33
Kim Huybrechts,Alan Soutar,2026-04-15,European Tour Card Holder Qualifier,Q,Semi Final,6.0,5.0,89.65,90.1
Beau Greaves,Gary Anderson,2026-04-27,Players Championship,PT,Semi Final,7.0,1.0,105.56,96.11
Beau Greaves,Rob Cross,2026-04-27,Players Championship,PT,Quarter Final,6.0,5.0,102.56,105.96
Lukas Wenig,Leon Weber,2026-04-15,European Tour Card Holder Qualifier,Q,Quarter Final,6.0,5.0,86.41,86.2
Lukas Wenig,Stephen Burton,2026-04-15,European Tour Card Holder Qualifier,Q,Final,6.0,4.0,94.8,93.3
Lukas Wenig,Adam Lipscombe,2026-04-15,European Tour Card Holder Qualifier,Q,Semi Final,6.0,3.0,84.31,79.98
Lukas Wenig,David Sharp,2026-04-15,European Tour Card Holder Qualifier,Q,Quarter Final,6.0,5.0,89.58,88.17
Michael Smith,Viktor Tingstrom,2026-04-15,European Tour Card Holder Qualifier,Q,Semi Final,5.0,6.0,90.16,92.61
Michael Smith,Owen Bates,2026-04-15,European Tour Card Holder Qualifier,Q,Quarter Final,6.0,1.0,88.31,77.92
Max Hopp,Niko Springer,2026-04-28,Players Championship,PT,Last 64,6.0,2.0,90.98,88.17
Max Hopp,Stephen Rosney,2026-04-28,Players Championship,PT,Last 128,6.0,5.0,92.67,95.76
Max Hopp,Kevin Doets,2026-04-27,Players Championship,PT,Last 16,1.0,6.0,87.94,103.32
Max Hopp,Luke Humphries,2026-04-27,Players Championship,PT,Last 32,6.0,5.0,92.2,99.17
Max Hopp,Dave Chisnall,2026-04-27,Players Championship,PT,Last 64,6.0,3.0,97.17,99.58
Max Hopp,Stefan Bellmont,2026-04-27,Players Championship,PT,Last 128,6.0,1.0,99.74,80.88
Ryan Joyce,Arno Merk,2026-03-30,Players Championship,PT,Last 128,5.0,6.0,93.48,94.82
Keane Barry,Shane McGuirk,2026-04-15,European Tour Card Holder Qualifier,Q,Final,6.0,3.0,91.91,96.21
Keane Barry,Adam Leek,2026-04-15,European Tour Card Holder Qualifier,Q,Semi Final,6.0,3.0,96.02,90.19
Keane Barry,Scott Williams,2026-04-15,European Tour Card Holder Qualifier,Q,Quarter Final,6.0,4.0,91.27,88.63
Keane Barry,Madars Razma,2026-04-15,European Tour Card Holder Qualifier,Q,Quarter Final,5.0,6.0,93.65,93.11
Tom Bissell,Cor Dekker,2026-04-28,Players Championship,PT,Last 32,6.0,3.0,98.13,93.25
Tom Bissell,Ross Smith,2026-04-28,Players Championship,PT,Last 64,6.0,3.0,103.62,91.6
Tom Bissell,Carl Sneyd,2026-04-28,Players Championship,PT,Last 128,6.0,0.0,100.2,89.64
Tom Bissell,Krzysztof Ratajski,2026-04-27,Players Championship,PT,Last 64,4.0,6.0,94.24,98.34
Tom Bissell,Adam Lipscombe,2026-04-27,Players Championship,PT,Last 128,6.0,4.0,82.01,84.82
Tom Bissell,Jeffrey de Zwaan,2026-04-15,European Tour Card Holder Qualifier,Q,Final,6.0,4.0,101.63,101.96
Mickey Mansell,Dimitri Van den Bergh,2026-04-15,European Tour Card Holder Qualifier,Q,Quarter Final,2.0,6.0,71.42,84.08
Mickey Mansell,Daniel Klose,2026-04-14,Players Championship,PT,Last 128,5.0,6.0,91.78,86.12
Mickey Mansell,Mike De Decker,2026-04-13,Players Championship,PT,Last 128,3.0,6.0,87.13,93.68
Ritchie Edhouse,Darryl Pilgrim,2026-04-15,European Tour Card Holder Qualifier,Q,Quarter Final,4.0,6.0,88.87,88.78
Ritchie Edhouse,Tavis Dudeney,2026-04-14,Players Championship,PT,Last 128,5.0,6.0,78.39,73.6
Tom Sykes,Raymond van Barneveld,2026-04-27,Players Championship,PT,Last 128,6.0,1.0,101.38,83.38
Tom Sykes,Connor Scutt,2026-04-15,European Tour Card Holder Qualifier,Q,Semi Final,4.0,6.0,92.39,90.38
Tom Sykes,Alexander Merkx,2026-04-15,European Tour Card Holder Qualifier,Q,Quarter Final,6.0,3.0,90.52,86.98
Gabriel Clemens,David Sharp,2026-04-14,Players Championship,PT,Last 32,6.0,5.0,90.11,91.4
Gabriel Clemens,Wesley Plaisier,2026-04-14,Players Championship,PT,Last 64,6.0,0.0,96.97,79.86
Shane McGuirk,Nick Kenny,2026-04-15,European Tour Card Holder Qualifier,Q,Quarter Final,6.0,3.0,95.45,90.11
Maik Kuivenhoven,Kevin Doets,2026-04-28,Players Championship,PT,Last 64,3.0,6.0,98.25,96.05
Maik Kuivenhoven,Mickey Mansell,2026-04-28,Players Championship,PT,Last 128,6.0,4.0,97.34,95.1
Maik Kuivenhoven,Luke Woodhouse,2026-04-27,Players Championship,PT,Last 128,2.0,6.0,93.9,97.05
Maik Kuivenhoven,Joe Cullen,2026-04-17,European Tour,ET,Last 48 (Premier),1.0,6.0,84.31,87.58
Madars Razma,Ian White,2026-04-15,European Tour Card Holder Qualifier,Q,Quarter Final,6.0,2.0,96.12,85.3
Madars Razma,Sietse Lap,2026-04-15,European Tour Card Holder Qualifier,Q,Semi Final,4.0,6.0,84.23,89.53
Charlie Manby,Archie Self,2026-04-26,Development Tour,0,Last 256,4.0,2.0,88.87,85.63
Mario Vandenbogaerde,Jim Long,2026-04-13,Players Championship,PT,Last 128,1.0,6.0,90.98,99.0
Mario Vandenbogaerde,Yorick Hofkens,2026-04-01,European Tour Card Holder Qualifier,Q,Quarter Final,3.0,6.0,80.98,85.22
Brendan Dolan,Scott Waites,2026-04-14,Players Championship,PT,Last 16,4.0,6.0,88.54,89.81
Darryl Pilgrim,Christian Kist,2026-04-15,European Tour Card Holder Qualifier,Q,Semi Final,3.0,6.0,92.77,94.02
Cam Crabtree,Bradly Roes,2026-04-25,Development Tour,0,Last 256,4.0,1.0,75.09,62.91
Jeffrey de Zwaan,Shane McGuirk,2026-04-15,European Tour Card Holder Qualifier,Q,Final,6.0,4.0,84.21,88.78
Scott Williams,Jack Tweddell,2026-04-13,Players Championship,PT,Last 128,6.0,5.0,83.14,82.0
Ryan Meikle,Karel Sedláček,2026-04-14,Players Championship,PT,Last 128,4.0,6.0,81.99,99.61
Ryan Meikle,Justin Hood,2026-04-13,Players Championship,PT,Last 128,2.0,6.0,87.47,97.39
Sebastian Bialecki,Lewis Cook,2026-04-26,Development Tour,0,Semi Final,5.0,3.0,94.91,90.92
Alexander Merkx,Gary Anderson,2026-04-27,Players Championship,PT,Last 16,1.0,6.0,94.94,110.55
Alexander Merkx,James Wade,2026-04-27,Players Championship,PT,Last 32,6.0,4.0,104.55,98.03
Alexander Merkx,Lukas Wenig,2026-04-27,Players Championship,PT,Last 64,6.0,2.0,98.4,87.88
Raymond van Barneveld,Beau Greaves,2026-04-13,Players Championship,PT,Last 128,1.0,6.0,90.2,92.86
Raymond van Barneveld,Marcel Hausotter,2026-04-04,European Tour,ET,Last 48 (Premier),4.0,6.0,84.52,88.13
Adam Lipscombe,Jermaine Wattimena,2026-04-14,Players Championship,PT,Last 64,6.0,4.0,94.1,87.46
Adam Lipscombe,Matthias Ehlers,2026-04-14,Players Championship,PT,Last 128,6.0,1.0,92.04,80.68
Adam Lipscombe,Cameron Menzies,2026-04-13,Players Championship,PT,Last 64,4.0,6.0,90.63,94.71
Stephen Burton,Dimitri Van den Bergh,2026-04-13,Players Championship,PT,Last 128,5.0,6.0,88.2,88.69
Jimmy van Schie,Adam Gawlas,2026-04-15,European Tour Card Holder Qualifier,Q,Semi Final,6.0,4.0,85.36,87.46
Jimmy van Schie,Mensur Suljović,2026-04-15,European Tour Card Holder Qualifier,Q,Quarter Final,6.0,5.0,90.44,88.53
Ian White,Dominik Gruellich,2026-04-15,European Tour Card Holder Qualifier,Q,Quarter Final,6.0,5.0,85.14,88.73
Ian White,Madars Razma,2026-04-14,Players Championship,PT,Last 128,3.0,6.0,87.41,89.26
Darius Labanauskas,Peter Wright,2026-04-27,Players Championship,PT,Last 128,4.0,6.0,85.58,85.5
Darius Labanauskas,Johan Engstrom,2026-04-26,Nordic Baltic Tour,0,Last 32,4.0,6.0,88.33,85.01
Darius Labanauskas,Andreas Toft Jorgensen,2026-04-25,Nordic Baltic Tour,0,Final,6.0,5.0,88.4,85.66
Chris Landman,Jeffrey de Graaf,2026-04-15,European Tour Card Holder Qualifier,Q,Quarter Final,5.0,6.0,88.32,99.97
Dennie Olde Kalter,Beau Greaves,2026-04-14,Players Championship,PT,Last 64,4.0,6.0,83.31,89.27
Thibault Tricole,Chris Dobey,2026-04-14,Players Championship,PT,Last 128,2.0,6.0,96.55,102.37
Mervyn King,Tom Bissell,2026-04-01,European Tour Card Holder Qualifier,Q,Quarter Final,3.0,6.0,86.9,89.47
Cor Dekker,Andreas Toft Jorgensen,2026-04-26,Nordic Baltic Tour,0,Quarter Final,6.0,1.0,85.44,73.49
Cor Dekker,Jonas Graversen,2026-04-26,Nordic Baltic Tour,0,Last 16,6.0,2.0,93.14,81.15
Peter Wright,Ritchie Edhouse,2026-04-13,Players Championship,PT,Last 128,6.0,4.0,87.53,82.85
Benjamin Pratnemer,Rob Cross,2026-04-15,European Tour Card Holder Qualifier,Q,Quarter Final,3.0,6.0,93.12,101.82
David Sharp,James Wade,2026-04-13,Players Championship,PT,Last 128,3.0,6.0,103.68,102.05
Stephen Rosney,Shane McGuirk,2026-04-01,European Tour Card Holder Qualifier,Q,Quarter Final,3.0,6.0,86.34,93.13
Andy Boulton,Darryl Pilgrim,2026-04-15,European Tour Card Holder Qualifier,Q,Quarter Final,6.0,3.0,89.9,88.29
Andy Boulton,Justin Hood,2026-04-15,European Tour Card Holder Qualifier,Q,Semi Final,1.0,6.0,92.01,98.01
Owen Bates,Ashton Brown,2026-04-25,Development Tour,0,Quarter Final,5.0,3.0,89.07,81.33
Owen Bates,Charlie Stocks,2026-04-25,Development Tour,0,Last 16,4.0,1.0,93.19,76.41
Nick Kenny,Thomas Lovely,2026-04-13,Players Championship,PT,Last 64,5.0,6.0,82.52,81.55
Tyler Thorpe,Jamie McKinnon,2026-04-26,Development Tour,0,Last 128,3.0,4.0,78.36,85.64
Tyler Thorpe,Oliver Sheargold,2026-04-26,Development Tour,0,Last 256,4.0,3.0,86.38,77.23
Tyler Thorpe,James Beeton,2026-04-25,Development Tour,0,Last 256,1.0,4.0,84.65,88.84
Dominik Gruellich,Mason Teese,2026-04-26,Development Tour,0,Last 128,4.0,3.0,83.07,78.79
Jurjen van der Velde,Cam Crabtree,2026-04-26,Development Tour,0,Last 128,4.0,2.0,93.16,89.77
Jurjen van der Velde,Leo Howard,2026-04-26,Development Tour,0,Last 256,4.0,1.0,86.69,71.06
Martin Lukeman,Oskar Lukasiak,2026-04-01,European Tour Card Holder Qualifier,Q,Semi Final,3.0,6.0,84.94,90.86
Kai Gotthardt,Michael van Gerwen,2026-03-07,UK Open,MJ,Last 32,6.0,10.0,89.3,95.89
Rhys Griffin,Raymond van Barneveld,2026-04-01,European Tour Card Holder Qualifier,Q,Semi Final,3.0,6.0,86.64,89.53
Adam Gawlas,Ben Townley,2026-04-25,Development Tour,0,Last 128,4.0,2.0,75.13,73.83
Adam Warner,Maik Kuivenhoven,2026-04-01,European Tour Card Holder Qualifier,Q,Quarter Final,2.0,6.0,86.0,92.76
Adam Warner,Ritchie Edhouse,2026-04-01,European Tour Card Holder Qualifier,Q,Quarter Final,3.0,6.0,91.85,96.9
Adam Warner,Mervyn King,2026-03-31,Players Championship,PT,Last 128,3.0,6.0,88.63,103.89
Dimitri Van den Bergh,James Wade,2026-04-14,Players Championship,PT,Last 64,5.0,6.0,88.29,87.48
Dimitri Van den Bergh,Lukas Wenig,2026-04-14,Players Championship,PT,Last 128,6.0,3.0,95.82,87.46
Thomas Lovely,Dominik Gruellich,2026-04-14,Players Championship,PT,Last 128,3.0,6.0,89.93,90.73
Pascal Rupprecht,Cristo Reyes,2026-03-31,Players Championship,PT,Last 128,6.0,5.0,90.28,86.35
Pascal Rupprecht,Ross Smith,2026-03-30,Players Championship,PT,Last 128,5.0,6.0,84.68,92.54
Jim Long,Benjamin Pratnemer,2026-04-13,Players Championship,PT,Last 64,6.0,2.0,90.0,86.07
Jim Long,Mario Vandenbogaerde,2026-04-13,Players Championship,PT,Last 128,6.0,1.0,99.0,90.98
Arno Merk,Kevin Doets,2026-04-13,Players Championship,PT,Last 64,2.0,6.0,90.11,96.2
Arno Merk,Viktor Tingstrom,2026-04-13,Players Championship,PT,Last 128,6.0,4.0,85.37,88.66
Sietse Lap,Scott Williams,2026-04-14,Players Championship,PT,Last 128,2.0,6.0,83.04,87.63
Sietse Lap,Madars Razma,2026-04-13,Players Championship,PT,Last 64,4.0,6.0,77.76,87.69
Jeffrey Sparidaans,Niall Culleton,2026-04-15,European Tour Card Holder Qualifier,Q,Last 16,6.0,4.0,88.69,85.61
Adam Leek,Raymond van Barneveld,2026-04-15,European Tour Card Holder Qualifier,Q,Quarter Final,6.0,5.0,95.24,85.91
Leon Weber,Josh Brown,2026-04-26,Development Tour,0,Last 128,4.0,3.0,80.19,78.36
Leon Weber,Reece Pauling,2026-04-26,Development Tour,0,Last 256,4.0,3.0,86.72,83.37
Niall Culleton,Gabriel Clemens,2026-04-14,Players Championship,PT,Last 128,0.0,6.0,84.63,91.09
Niall Culleton,Justin Hood,2026-04-13,Players Championship,PT,Last 32,3.0,6.0,86.24,100.78
Niall Culleton,Mike De Decker,2026-04-13,Players Championship,PT,Last 64,6.0,3.0,87.83,90.53
Adam Paxton,Christian Kist,2026-03-31,Players Championship,PT,Last 64,4.0,6.0,85.95,92.61
Stefan Bellmont,Peter Wright,2026-04-14,Players Championship,PT,Last 128,5.0,6.0,82.69,89.81
Viktor Tingstrom,Mattias Jonsson,2026-04-26,Nordic Baltic Tour,0,Last 32,6.0,5.0,83.87,79.68
Marvin van Velzen,Mensur Suljović,2026-04-15,European Tour Card Holder Qualifier,Q,Last 16,2.0,6.0,83.14,99.33
Marvin van Velzen,Brendan Dolan,2026-04-15,European Tour Card Holder Qualifier,Q,Quarter Final,4.0,6.0,93.45,97.37
Stefaan Henderyck,Martin Lukeman,2026-02-25,Players Championship,PT,Last 64,6.0,4.0,79.94,82.67
Yorick Hofkens,Jurjen van der Velde,2026-04-25,Development Tour,0,Last 32,4.0,3.0,89.18,87.64
Marvin Kraft,Ricky Evans,2026-04-01,European Tour Card Holder Qualifier,Q,Quarter Final,6.0,4.0,96.64,92.77
Marvin Kraft,Stefan Bellmont,2026-04-01,European Tour Card Holder Qualifier,Q,Semi Final,1.0,6.0,79.78,91.62
Maximilian Czerwinski,Darius Labanauskas,2026-03-06,UK Open,MJ,Last 160 (UK Open),3.0,6.0,81.52,90.33
Rusty-Jake Rodriguez,Niko Springer,2026-03-31,Players Championship,PT,Last 128,1.0,6.0,85.6,91.23
Matthias Ehlers,Shane McGuirk,2026-03-31,Players Championship,PT,Last 128,2.0,6.0,83.19,89.85
Tytus Kanik,Wessel Nijman,2026-03-31,Players Championship,PT,Last 32,0.0,6.0,75.97,86.71
Filip Bereza,Josh Rock,2026-04-13,Players Championship,PT,Last 128,2.0,6.0,89.3,110.8
Tavis Dudeney,Lee David Smith,2026-04-25,Development Tour,0,Last 256,4.0,2.0,74.77,64.49
Gary Anderson,Martijn Dragt,2026-04-27,Players Championship,PT,Last 64,6.0,3.0,98.04,102.31
Chris Dobey,Michael Smith,2026-04-27,Players Championship,PT,Last 32,4.0,6.0,96.8,93.16
Chris Dobey,Peter Wright,2026-04-27,Players Championship,PT,Last 64,6.0,2.0,87.68,87.16
Chris Dobey,Cor Dekker,2026-04-27,Players Championship,PT,Last 128,6.0,1.0,97.1,91.8
Chris Dobey,Gerwyn Price,2026-04-19,European Tour,ET,Last 16,4.0,6.0,99.31,105.96
Chris Dobey,Andrew Gilding,2026-04-18,European Tour,ET,Last 32,6.0,2.0,98.18,94.12
Michael van Gerwen,Jonny Clayton,2026-04-09,Premier League,U,Final Sub Match,5.0,6.0,101.34,97.39
Michael van Gerwen,Stephen Bunting,2026-04-09,Premier League,U,Semi Final Sub Match,6.0,5.0,90.92,93.11
Michael van Gerwen,Gian van Veen,2026-04-09,Premier League,U,Quarter Final Sub Match,6.0,4.0,95.44,94.49
Wessel Nijman,Leon Weber,2026-04-27,Players Championship,PT,Last 16,6.0,1.0,93.68,88.44
Wessel Nijman,Tom Sykes,2026-04-27,Players Championship,PT,Last 32,6.0,2.0,113.37,94.24
Ross Smith,Krzysztof Ratajski,2026-04-19,European Tour,ET,Semi Final,7.0,5.0,90.58,95.55
Ross Smith,Nathan Aspinall,2026-04-19,European Tour,ET,Quarter Final,6.0,4.0,93.44,90.24
Ross Smith,Josh Rock,2026-04-19,European Tour,ET,Last 16,6.0,5.0,98.64,95.87
Dirk van Duijvenbode,Mike De Decker,2026-04-05,European Tour,ET,Last 32,6.0,5.0,97.57,98.29
Dirk van Duijvenbode,Stephen Burton,2026-04-04,European Tour,ET,Last 48 (Premier),6.0,2.0,91.15,83.55
Danny Noppert,Oskar Lukasiak,2026-04-18,European Tour,ET,Last 32,6.0,5.0,84.53,86.77
Danny Noppert,Wesley Plaisier,2026-04-14,Players Championship,PT,Last 128,3.0,6.0,103.25,101.76
James Wade,Kim Huybrechts,2026-04-18,European Tour,ET,Last 32,6.0,3.0,104.15,93.84
James Wade,Kevin Doets,2026-04-14,Players Championship,PT,Last 32,5.0,6.0,98.0,96.98
Damon Heta,Tyler Thorpe,2026-04-13,Players Championship,PT,Last 128,6.0,4.0,92.37,89.61
Krzysztof Ratajski,Ross Smith,2026-04-19,European Tour,ET,Semi Final,5.0,7.0,95.55,90.58
Krzysztof Ratajski,Danny Noppert,2026-04-19,European Tour,ET,Quarter Final,6.0,5.0,90.94,90.51
Krzysztof Ratajski,Joe Cullen,2026-04-19,European Tour,ET,Last 16,6.0,2.0,90.7,86.93
Krzysztof Ratajski,Mike De Decker,2026-04-18,European Tour,ET,Last 32,6.0,4.0,93.3,87.09
Rob Cross,Chris Landman,2026-04-15,European Tour Card Holder Qualifier,Q,Final,5.0,6.0,100.08,94.91
Rob Cross,Cam Crabtree,2026-04-15,European Tour Card Holder Qualifier,Q,Semi Final,6.0,4.0,103.21,104.67
Rob Cross,Mario Vandenbogaerde,2026-04-15,European Tour Card Holder Qualifier,Q,Quarter Final,6.0,4.0,87.78,89.12
Jermaine Wattimena,Martijn Dragt,2026-04-28,Players Championship,PT,Last 128,6.0,2.0,95.32,79.52
Jermaine Wattimena,Callan Rydz,2026-04-27,Players Championship,PT,Last 32,5.0,6.0,102.21,94.34
Jermaine Wattimena,Ricardo Pietreczko,2026-04-27,Players Championship,PT,Last 64,6.0,1.0,95.42,86.49
Jermaine Wattimena,Mervyn King,2026-04-27,Players Championship,PT,Last 128,6.0,2.0,107.64,88.68
Kevin Doets,Jimmy van Schie,2026-04-28,Players Championship,PT,Last 32,6.0,3.0,97.95,94.11
Kevin Doets,Maik Kuivenhoven,2026-04-28,Players Championship,PT,Last 64,6.0,3.0,96.05,98.25
Kevin Doets,Gabriel Clemens,2026-04-28,Players Championship,PT,Last 128,6.0,2.0,89.88,87.4
Kevin Doets,Michael Smith,2026-04-27,Players Championship,PT,Semi Final,4.0,7.0,96.62,88.57
Kevin Doets,William O&#039;Connor,2026-04-27,Players Championship,PT,Quarter Final,6.0,1.0,93.51,91.25
Kevin Doets,Max Hopp,2026-04-27,Players Championship,PT,Last 16,6.0,1.0,103.32,87.94
Kevin Doets,Krzysztof Ratajski,2026-04-27,Players Championship,PT,Last 32,6.0,5.0,99.42,107.63
Luke Woodhouse,Maik Kuivenhoven,2026-04-27,Players Championship,PT,Last 128,6.0,2.0,97.05,93.9
Luke Woodhouse,Wessel Nijman,2026-04-14,Players Championship,PT,Semi Final,4.0,7.0,100.46,108.46
Luke Woodhouse,Joe Hunt,2026-04-14,Players Championship,PT,Quarter Final,6.0,4.0,90.59,94.33
Luke Woodhouse,Scott Williams,2026-04-14,Players Championship,PT,Last 16,6.0,4.0,99.45,94.45
Luke Woodhouse,Ryan Joyce,2026-04-14,Players Championship,PT,Last 32,6.0,2.0,97.41,82.26
Luke Woodhouse,Mervyn King,2026-04-14,Players Championship,PT,Last 64,6.0,1.0,98.68,89.51
Luke Woodhouse,Darius Labanauskas,2026-04-14,Players Championship,PT,Last 128,6.0,5.0,89.2,91.99
William O&#039;Connor,M. Unterbuchner,2026-04-17,European Tour,ET,Last 48 (Premier),5.0,6.0,93.7,95.52
William O&#039;Connor,Jack Aldridge,2026-04-14,Players Championship,PT,Last 64,2.0,6.0,80.98,91.63
William O&#039;Connor,Tyler Thorpe,2026-04-14,Players Championship,PT,Last 128,6.0,3.0,93.74,90.52
Niels Zonneveld,Joe Hunt,2026-04-13,Players Championship,PT,Last 64,4.0,6.0,104.93,101.69
Niels Zonneveld,Ricky Evans,2026-04-13,Players Championship,PT,Last 128,6.0,3.0,96.33,92.34
Andrew Gilding,Rob Owen,2026-04-27,Players Championship,PT,Last 64,6.0,4.0,99.65,103.75
Andrew Gilding,Adam Gawlas,2026-04-27,Players Championship,PT,Last 128,6.0,5.0,99.47,91.42
Andrew Gilding,Chris Dobey,2026-04-18,European Tour,ET,Last 32,2.0,6.0,94.12,98.18
Andrew Gilding,Paul Krohne,2026-04-17,European Tour,ET,Last 48 (Premier),6.0,3.0,96.95,89.66
Andrew Gilding,Jimmy van Schie,2026-04-14,Players Championship,PT,Last 128,3.0,6.0,96.24,100.22
Cristo Reyes,Richard Veenstra,2026-04-15,European Tour Card Holder Qualifier,Q,Quarter Final,6.0,3.0,94.3,92.24
Cristo Reyes,Justin Hood,2026-04-15,European Tour Card Holder Qualifier,Q,Final,3.0,6.0,96.62,101.83
Martin Schindler,Nathan Aspinall,2026-04-06,European Tour,ET,Last 16,2.0,6.0,83.04,95.46
Martin Schindler,Brendan Dolan,2026-04-05,European Tour,ET,Last 32,6.0,4.0,87.2,83.71
Martin Schindler,Dave Chisnall,2026-03-31,Players Championship,PT,Last 32,1.0,6.0,97.79,111.72
Mike De Decker,Joe Hunt,2026-04-14,Players Championship,PT,Last 128,2.0,6.0,94.49,90.88
Mike De Decker,Niall Culleton,2026-04-13,Players Championship,PT,Last 64,3.0,6.0,90.53,87.83
Mike De Decker,Mickey Mansell,2026-04-13,Players Championship,PT,Last 128,6.0,3.0,93.68,87.13
James Hurrell,Stephen Burton,2026-04-14,Players Championship,PT,Last 64,6.0,3.0,105.95,88.98
James Hurrell,Dirk van Duijvenbode,2026-04-14,Players Championship,PT,Last 128,6.0,2.0,91.57,95.04
Justin Hood,Wessel Nijman,2026-04-14,Players Championship,PT,Last 64,2.0,6.0,94.82,92.98
Alan Soutar,Mervyn King,2026-04-15,European Tour Card Holder Qualifier,Q,Quarter Final,6.0,5.0,95.79,90.6
Callan Rydz,Keane Barry,2026-04-14,Players Championship,PT,Last 128,6.0,3.0,85.06,86.81
Niko Springer,Arno Merk,2026-04-14,Players Championship,PT,Last 128,0.0,6.0,88.07,95.94
Niko Springer,Ian White,2026-04-13,Players Championship,PT,Last 64,4.0,6.0,87.18,87.13
Niko Springer,Carl Sneyd,2026-04-13,Players Championship,PT,Last 128,6.0,0.0,82.73,73.09
Joe Cullen,Rob Owen,2026-04-14,Players Championship,PT,Last 128,6.0,2.0,99.13,92.38
Joe Cullen,Greg Ritchie,2026-04-13,Players Championship,PT,Last 128,3.0,6.0,93.87,90.96
Joe Cullen,Patrik Kovacs,2026-04-04,European Tour,ET,Last 48 (Premier),3.0,6.0,82.4,85.54
Connor Scutt,Filip Bereza,2026-04-14,Players Championship,PT,Last 128,4.0,6.0,91.34,90.39
Connor Scutt,Justin Hood,2026-04-13,Players Championship,PT,Semi Final,3.0,7.0,91.66,92.13
Connor Scutt,Tom Bissell,2026-04-13,Players Championship,PT,Quarter Final,6.0,4.0,85.77,84.3
Dave Chisnall,Wesley Plaisier,2026-04-13,Players Championship,PT,Last 128,4.0,6.0,92.2,103.57
Dave Chisnall,Michael Smith,2026-04-05,European Tour,ET,Last 32,5.0,6.0,87.33,90.9
Dave Chisnall,Wessel Nijman,2026-03-31,Players Championship,PT,Quarter Final,4.0,6.0,103.68,105.11
Dave Chisnall,Mervyn King,2026-03-31,Players Championship,PT,Last 16,6.0,5.0,98.51,95.48
Wesley Plaisier,Maik Kuivenhoven,2026-04-01,European Tour Card Holder Qualifier,Q,Final,2.0,6.0,81.35,91.09
Jeffrey de Graaf,Adam Lipscombe,2026-04-13,Players Championship,PT,Last 128,2.0,6.0,88.79,86.31
Michael Smith,David Sharp,2026-04-14,Players Championship,PT,Last 128,2.0,6.0,81.36,91.07
Kim Huybrechts,Marvin Kraft,2026-04-15,European Tour Card Holder Qualifier,Q,Quarter Final,6.0,3.0,88.7,92.31
Kim Huybrechts,Andy Boulton,2026-04-15,European Tour Card Holder Qualifier,Q,Quarter Final,4.0,6.0,78.51,84.4
Kim Huybrechts,Connor Scutt,2026-04-15,European Tour Card Holder Qualifier,Q,Last 16,6.0,4.0,94.53,96.89
Ricky Evans,Marvin Kraft,2026-04-01,European Tour Card Holder Qualifier,Q,Quarter Final,4.0,6.0,92.77,96.64
Richard Veenstra,Dave Chisnall,2026-04-14,Players Championship,PT,Last 128,6.0,5.0,95.68,92.82
Richard Veenstra,Chris Dobey,2026-04-13,Players Championship,PT,Quarter Final,3.0,6.0,92.95,94.9
Lukas Wenig,Dimitri Van den Bergh,2026-04-14,Players Championship,PT,Last 128,3.0,6.0,87.46,95.82
Max Hopp,Jeffrey de Zwaan,2026-04-15,European Tour Card Holder Qualifier,Q,Quarter Final,5.0,6.0,89.02,82.54
Beau Greaves,Karel Sedláček,2026-04-27,Players Championship,PT,Last 16,6.0,4.0,97.13,95.98
Beau Greaves,Jeffrey Sparidaans,2026-04-27,Players Championship,PT,Last 32,6.0,2.0,97.49,84.23
Beau Greaves,Thomas Lovely,2026-04-27,Players Championship,PT,Last 64,6.0,4.0,96.42,92.84
Tom Bissell,Rhys Griffin,2026-04-15,European Tour Card Holder Qualifier,Q,Semi Final,6.0,1.0,88.11,83.11
Keane Barry,Callan Rydz,2026-04-14,Players Championship,PT,Last 128,3.0,6.0,86.81,85.06
Mickey Mansell,Darius Labanauskas,2026-04-01,European Tour Card Holder Qualifier,Q,Final,6.0,5.0,98.72,98.85
Gabriel Clemens,Niall Culleton,2026-04-14,Players Championship,PT,Last 128,6.0,0.0,91.09,84.63
Ritchie Edhouse,Peter Wright,2026-04-13,Players Championship,PT,Last 128,4.0,6.0,82.85,87.53
Ritchie Edhouse,Danny Noppert,2026-04-05,European Tour,ET,Last 32,5.0,6.0,96.78,99.41
Ritchie Edhouse,Kevin Troppmann,2026-04-04,European Tour,ET,Last 48 (Premier),6.0,3.0,95.27,92.73
Ritchie Edhouse,Jurjen van der Velde,2026-04-01,European Tour Card Holder Qualifier,Q,Quarter Final,4.0,6.0,88.44,92.06
Shane McGuirk,James Hurrell,2026-04-14,Players Championship,PT,Last 32,1.0,6.0,75.33,100.11
Tom Sykes,Viktor Tingstrom,2026-04-15,European Tour Card Holder Qualifier,Q,Quarter Final,3.0,6.0,91.7,92.5
Tom Sykes,Max Hopp,2026-04-14,Players Championship,PT,Last 128,3.0,6.0,93.73,91.93
Tom Sykes,Justin Hood,2026-04-13,Players Championship,PT,Quarter Final,0.0,6.0,82.25,104.86
Maik Kuivenhoven,Kim Huybrechts,2026-04-15,European Tour Card Holder Qualifier,Q,Final,4.0,6.0,95.42,95.48
Maik Kuivenhoven,Greg Ritchie,2026-04-15,European Tour Card Holder Qualifier,Q,Semi Final,6.0,5.0,98.38,92.17
Maik Kuivenhoven,Martin Lukeman,2026-04-15,European Tour Card Holder Qualifier,Q,Quarter Final,6.0,3.0,89.94,87.35
Maik Kuivenhoven,Martin Lukeman,2026-04-15,European Tour Card Holder Qualifier,Q,Quarter Final,5.0,6.0,88.14,90.16
Maik Kuivenhoven,Raymond van Barneveld,2026-04-14,Players Championship,PT,Last 64,3.0,6.0,92.41,85.83
Maik Kuivenhoven,Yorick Hofkens,2026-04-14,Players Championship,PT,Last 128,6.0,1.0,96.08,83.63
Madars Razma,Keane Barry,2026-04-15,European Tour Card Holder Qualifier,Q,Quarter Final,6.0,5.0,93.11,93.65
Brendan Dolan,Kim Huybrechts,2026-04-14,Players Championship,PT,Last 32,6.0,3.0,96.2,91.07
Brendan Dolan,Jonny Clayton,2026-04-14,Players Championship,PT,Last 64,6.0,3.0,91.58,87.34
Christian Kist,Max Hopp,2026-04-15,European Tour Card Holder Qualifier,Q,Final,5.0,6.0,89.8,95.23
Christian Kist,Darryl Pilgrim,2026-04-15,European Tour Card Holder Qualifier,Q,Semi Final,6.0,3.0,94.02,92.77
Christian Kist,Carl Sneyd,2026-04-15,European Tour Card Holder Qualifier,Q,Quarter Final,6.0,4.0,87.6,87.44
Charlie Manby,Callum Schofield,2026-04-26,Development Tour,0,Last 512,4.0,1.0,87.85,73.89
Mario Vandenbogaerde,Madars Razma,2026-04-01,European Tour Card Holder Qualifier,Q,Semi Final,5.0,6.0,89.98,85.3
Mario Vandenbogaerde,Tytus Kanik,2026-04-01,European Tour Card Holder Qualifier,Q,Quarter Final,6.0,2.0,88.17,85.33
Darryl Pilgrim,Ritchie Edhouse,2026-04-15,European Tour Card Holder Qualifier,Q,Quarter Final,6.0,4.0,88.78,88.87
Darryl Pilgrim,Ryan Joyce,2026-04-14,Players Championship,PT,Last 64,2.0,6.0,93.45,96.4
Cam Crabtree,Sebastian Bialecki,2026-04-25,Development Tour,0,Last 256,3.0,4.0,96.03,98.17
Raymond van Barneveld,Ian White,2026-04-01,European Tour Card Holder Qualifier,Q,Final,6.0,2.0,94.62,87.45
Scott Williams,Ryan Meikle,2026-04-01,European Tour Card Holder Qualifier,Q,Quarter Final,3.0,6.0,95.54,97.24
Ryan Meikle,Keane Barry,2026-04-01,European Tour Card Holder Qualifier,Q,Semi Final,5.0,6.0,88.19,92.11
Sebastian Bialecki,Kai Clark,2026-04-26,Development Tour,0,Quarter Final,5.0,2.0,86.12,78.6
Sebastian Bialecki,Finn Behrens,2026-04-26,Development Tour,0,Last 16,4.0,0.0,105.47,88.05
Sebastian Bialecki,Jenson Walker,2026-04-26,Development Tour,0,Last 32,4.0,2.0,96.32,95.16
Jeffrey de Zwaan,Gabriel Clemens,2026-04-15,European Tour Card Holder Qualifier,Q,Semi Final,6.0,5.0,86.48,89.96
Jeffrey de Zwaan,Tytus Kanik,2026-04-15,European Tour Card Holder Qualifier,Q,Quarter Final,6.0,1.0,91.57,72.14
Stephen Burton,Dirk van Duijvenbode,2026-04-04,European Tour,ET,Last 48 (Premier),2.0,6.0,83.55,91.15
Alexander Merkx,Cameron Menzies,2026-04-27,Players Championship,PT,Last 128,6.0,5.0,95.69,88.2
Alexander Merkx,Tom Sykes,2026-04-15,European Tour Card Holder Qualifier,Q,Quarter Final,3.0,6.0,86.98,90.52
Alexander Merkx,Sietse Lap,2026-04-15,European Tour Card Holder Qualifier,Q,Quarter Final,5.0,6.0,90.44,96.58
Adam Lipscombe,Jeffrey de Graaf,2026-04-13,Players Championship,PT,Last 128,6.0,2.0,86.31,88.79
Jimmy van Schie,Shane McGuirk,2026-04-14,Players Championship,PT,Last 64,3.0,6.0,82.36,91.72
Ricardo Pietreczko,Ian White,2026-04-04,European Tour,ET,Last 48 (Premier),6.0,5.0,79.19,83.98
Chris Landman,Mervyn King,2026-04-14,Players Championship,PT,Last 128,4.0,6.0,91.38,95.84
Ian White,Krzysztof Ratajski,2026-04-13,Players Championship,PT,Last 32,4.0,6.0,88.13,97.4
Dennie Olde Kalter,Adam Warner,2026-04-14,Players Championship,PT,Last 128,6.0,1.0,89.51,83.61
Darius Labanauskas,Viktor Tingstrom,2026-04-25,Nordic Baltic Tour,0,Semi Final,6.0,3.0,95.22,84.0
Darius Labanauskas,Jani Haavisto,2026-04-25,Nordic Baltic Tour,0,Quarter Final,6.0,3.0,85.25,81.68
Darius Labanauskas,Valters Melderis,2026-04-25,Nordic Baltic Tour,0,Last 16,6.0,0.0,92.97,84.26
Darius Labanauskas,Petri Rasmus,2026-04-25,Nordic Baltic Tour,0,Last 32,6.0,4.0,86.32,84.27
Darius Labanauskas,Olaf Siigur,2026-04-25,Nordic Baltic Tour,0,Last 64,6.0,2.0,92.35,72.79
Thibault Tricole,Cameron Menzies,2026-04-13,Players Championship,PT,Last 128,2.0,6.0,91.82,96.26
Thibault Tricole,Richard Veenstra,2026-04-01,European Tour Card Holder Qualifier,Q,Quarter Final,5.0,6.0,90.05,95.43
Thibault Tricole,James Hurrell,2026-04-01,European Tour Card Holder Qualifier,Q,Semi Final,4.0,6.0,84.38,92.74
Peter Wright,Kim Huybrechts,2026-04-04,European Tour,ET,Last 48 (Premier),3.0,6.0,85.01,93.46
Mervyn King,Nick Kenny,2026-04-01,European Tour Card Holder Qualifier,Q,Final,3.0,6.0,86.74,87.06
Cor Dekker,Par Riihonen,2026-04-26,Nordic Baltic Tour,0,Last 32,6.0,2.0,84.78,83.45
Cor Dekker,Andreas Toft Jorgensen,2026-04-25,Nordic Baltic Tour,0,Last 32,5.0,6.0,86.92,83.68
David Sharp,Benjamin Pratnemer,2026-04-01,European Tour Card Holder Qualifier,Q,Semi Final,0.0,6.0,75.55,92.97
David Sharp,Dominik Gruellich,2026-04-01,European Tour Card Holder Qualifier,Q,Quarter Final,6.0,5.0,95.8,86.8
Benjamin Pratnemer,Jeffrey Sparidaans,2026-04-14,Players Championship,PT,Last 128,3.0,6.0,86.76,88.85
Benjamin Pratnemer,Jim Long,2026-04-13,Players Championship,PT,Last 64,2.0,6.0,86.07,90.0
Stephen Rosney,Adam Lipscombe,2026-03-31,Players Championship,PT,Last 128,5.0,6.0,91.37,94.01
Andy Boulton,Kim Huybrechts,2026-04-15,European Tour Card Holder Qualifier,Q,Quarter Final,6.0,4.0,84.4,78.51
Andy Boulton,Jeffrey de Zwaan,2026-04-14,Players Championship,PT,Last 128,3.0,6.0,88.05,92.24
Owen Bates,Johnny Stewart,2026-04-25,Development Tour,0,Last 32,4.0,3.0,79.67,75.21
Nick Kenny,Maik Kuivenhoven,2026-04-13,Players Championship,PT,Last 128,6.0,5.0,96.83,100.92
Martin Lukeman,Rusty-Jake Rodriguez,2026-04-01,European Tour Card Holder Qualifier,Q,Quarter Final,6.0,2.0,86.08,81.67
Jurjen van der Velde,Rebecca Allen,2026-04-26,Development Tour,0,Last 512,4.0,0.0,78.08,59.63
Jurjen van der Velde,Sebastian Bialecki,2026-04-25,Development Tour,0,Last 32,3.0,4.0,93.9,88.84
Tyler Thorpe,Wess van den Brand,2026-04-25,Development Tour,0,Last 512,4.0,1.0,74.7,67.89
Tyler Thorpe,Ellis Mark,2026-04-25,Development Tour,0,Last 64,3.0,4.0,80.59,81.12
Tyler Thorpe,Kane Price,2026-04-25,Development Tour,0,Last 128,4.0,3.0,73.96,69.74
Tyler Thorpe,Daniel Stephenson,2026-04-25,Development Tour,0,Last 256,4.0,2.0,82.26,76.36
Dominik Gruellich,Ben Foster,2026-04-26,Development Tour,0,Last 256,4.0,0.0,81.24,63.5
Rhys Griffin,Marvin van Velzen,2026-04-01,European Tour Card Holder Qualifier,Q,Quarter Final,6.0,3.0,90.54,90.07
Kai Gotthardt,Tom Sykes,2026-03-06,UK Open,MJ,Last 64,10.0,8.0,90.09,91.12
Kai Gotthardt,Niko Springer,2026-03-06,UK Open,MJ,Last 96,6.0,4.0,87.69,85.52
Adam Gawlas,Thomas Banks,2026-04-25,Development Tour,0,Last 256,4.0,3.0,75.11,70.93
Dimitri Van den Bergh,Andrew Gilding,2026-04-13,Players Championship,PT,Last 32,5.0,6.0,89.6,97.3
Adam Warner,William O&#039;Connor,2026-03-30,Players Championship,PT,Last 128,5.0,6.0,94.5,102.19
Pascal Rupprecht,Joe Cullen,2026-03-06,UK Open,MJ,Last 96,3.0,6.0,91.92,98.29
Pascal Rupprecht,Jenson Walker,2026-03-06,UK Open,MJ,Last 128 (UK Open),6.0,1.0,82.1,75.79
Thomas Lovely,Luke Woodhouse,2026-04-13,Players Championship,PT,Last 32,2.0,6.0,95.67,103.47
Thomas Lovely,Nick Kenny,2026-04-13,Players Championship,PT,Last 64,6.0,5.0,81.55,82.52
Jim Long,Shane McGuirk,2026-04-01,European Tour Card Holder Qualifier,Q,Semi Final,5.0,6.0,91.31,96.75
Jim Long,Jimmy van Schie,2026-04-01,European Tour Card Holder Qualifier,Q,Quarter Final,6.0,2.0,93.61,77.85
Arno Merk,Madars Razma,2026-04-01,European Tour Card Holder Qualifier,Q,Semi Final,5.0,6.0,87.12,90.17
Arno Merk,Darryl Pilgrim,2026-04-01,European Tour Card Holder Qualifier,Q,Quarter Final,6.0,4.0,89.81,88.13
Jeffrey Sparidaans,Stephen Bunting,2026-04-14,Players Championship,PT,Last 64,2.0,6.0,92.3,98.3
Sietse Lap,Stephen Rosney,2026-04-13,Players Championship,PT,Last 128,6.0,4.0,87.14,87.37
Adam Leek,Darryl Pilgrim,2026-04-14,Players Championship,PT,Last 128,4.0,6.0,93.42,99.53
Adam Leek,Steve Lennon,2026-04-13,Players Championship,PT,Last 32,4.0,6.0,84.28,88.8
Leon Weber,Archie Self,2026-04-25,Development Tour,0,Last 64,3.0,4.0,88.16,83.72
Leon Weber,Alfie Busby,2026-04-25,Development Tour,0,Last 128,4.0,0.0,69.91,55.21
Niall Culleton,Leon Weber,2026-04-13,Players Championship,PT,Last 128,6.0,3.0,91.77,81.39
Adam Paxton,Jimmy van Schie,2026-03-31,Players Championship,PT,Last 128,6.0,2.0,88.25,87.71
Stefan Bellmont,Wessel Nijman,2026-04-13,Players Championship,PT,Last 128,2.0,6.0,78.82,87.57
Viktor Tingstrom,Brian Lokken,2026-04-26,Nordic Baltic Tour,0,Last 64,6.0,1.0,88.86,78.61
Viktor Tingstrom,Darius Labanauskas,2026-04-25,Nordic Baltic Tour,0,Semi Final,3.0,6.0,84.0,95.22
Viktor Tingstrom,Mio Varila,2026-04-25,Nordic Baltic Tour,0,Quarter Final,6.0,1.0,90.59,81.25
Viktor Tingstrom,Jonas Sorensen,2026-04-25,Nordic Baltic Tour,0,Last 16,6.0,0.0,96.97,71.9
Stefaan Henderyck,Filip Bereza,2026-02-25,Players Championship,PT,Last 128,6.0,5.0,85.38,80.7
Marvin van Velzen,Cameron Menzies,2026-04-14,Players Championship,PT,Last 64,3.0,6.0,84.24,89.38
Marvin van Velzen,Tytus Kanik,2026-04-14,Players Championship,PT,Last 128,6.0,4.0,77.98,85.42
Marvin van Velzen,Beau Greaves,2026-04-13,Players Championship,PT,Last 64,3.0,6.0,83.36,89.88
Marvin van Velzen,Adam Warner,2026-04-13,Players Championship,PT,Last 128,6.0,2.0,82.09,76.48
Yorick Hofkens,Oscar Saxton,2026-04-25,Development Tour,0,Last 64,4.0,0.0,98.56,82.4
Maximilian Czerwinski,Paul Krohne,2026-03-01,European Tour Home Nation Qualifier,Q,Semi Final,4.0,6.0,79.09,81.24
Maximilian Czerwinski,Daniel Bauerdick,2026-03-01,European Tour Home Nation Qualifier,Q,Quarter Final,6.0,2.0,76.53,73.87
Marvin Kraft,Bradley Brooks,2026-04-01,European Tour Card Holder Qualifier,Q,Quarter Final,6.0,2.0,84.33,85.33
Rusty-Jake Rodriguez,Jermaine Wattimena,2026-03-30,Players Championship,PT,Last 128,1.0,6.0,84.29,97.44
Matthias Ehlers,Michael van Gerwen,2026-03-30,Players Championship,PT,Last 64,3.0,6.0,78.06,85.49
Tytus Kanik,Arno Merk,2026-03-31,Players Championship,PT,Last 64,6.0,5.0,89.39,92.73
Filip Bereza,Wesley Plaisier,2026-04-01,European Tour Card Holder Qualifier,Q,Quarter Final,2.0,6.0,79.22,95.14
Tavis Dudeney,Devin Sommerdijk,2026-04-25,Development Tour,0,Last 512,4.0,1.0,80.19,66.68
Jim Long,Stephen Bunting,2026-03-31,Players Championship,PT,Last 32,3.0,6.0,86.68,89.98
Jim Long,Greg Ritchie,2026-03-31,Players Championship,PT,Last 64,6.0,4.0,95.5,87.43
Luke Littler,Luke Humphries,2026-04-30,Premier League,U,Final Sub Match,6.0,5.0,104.11,103.1
Luke Littler,Gerwyn Price,2026-04-30,Premier League,U,Semi Final Sub Match,6.0,1.0,98.34,94.18
Luke Littler,Josh Rock,2026-04-30,Premier League,U,Quarter Final Sub Match,6.0,3.0,105.86,101.25
Luke Littler,Jonny Clayton,2026-04-23,Premier League,U,Final Sub Match,6.0,1.0,104.54,99.16
Luke Littler,Michael van Gerwen,2026-04-23,Premier League,U,Semi Final Sub Match,6.0,5.0,102.06,107.54
Luke Littler,Luke Humphries,2026-04-23,Premier League,U,Quarter Final Sub Match,6.0,2.0,97.22,99.39
Luke Littler,Jonny Clayton,2026-04-16,Premier League,U,Final Sub Match,4.0,6.0,95.41,99.16
Luke Littler,Luke Humphries,2026-04-16,Premier League,U,Semi Final Sub Match,6.0,5.0,100.85,103.0
Luke Littler,Gerwyn Price,2026-04-16,Premier League,U,Quarter Final Sub Match,6.0,3.0,97.3,91.44
Luke Littler,Stephen Bunting,2026-04-09,Premier League,U,Quarter Final Sub Match,4.0,6.0,83.94,91.3
Luke Humphries,Luke Littler,2026-04-30,Premier League,U,Final Sub Match,5.0,6.0,103.1,104.11
Luke Humphries,Gian van Veen,2026-04-30,Premier League,U,Semi Final Sub Match,6.0,3.0,101.8,102.67
Luke Humphries,Michael van Gerwen,2026-04-30,Premier League,U,Quarter Final Sub Match,6.0,3.0,99.18,91.02
Luke Humphries,Keane Barry,2026-04-28,Players Championship,PT,Last 128,5.0,6.0,98.89,89.8
Luke Humphries,Max Hopp,2026-04-27,Players Championship,PT,Last 32,5.0,6.0,99.17,92.2
Luke Humphries,Shane McGuirk,2026-04-27,Players Championship,PT,Last 64,6.0,4.0,103.81,91.57
Luke Humphries,Rhys Griffin,2026-04-27,Players Championship,PT,Last 128,6.0,2.0,98.22,80.45
Luke Humphries,Luke Littler,2026-04-23,Premier League,U,Quarter Final Sub Match,2.0,6.0,99.39,97.22
Luke Humphries,Luke Littler,2026-04-16,Premier League,U,Semi Final Sub Match,5.0,6.0,103.0,100.85
Luke Humphries,Gian van Veen,2026-04-16,Premier League,U,Quarter Final Sub Match,6.0,2.0,100.51,93.36
Gerwyn Price,Luke Littler,2026-04-30,Premier League,U,Semi Final Sub Match,1.0,6.0,94.18,98.34
Gerwyn Price,Stephen Bunting,2026-04-30,Premier League,U,Quarter Final Sub Match,6.0,5.0,95.98,97.02
Gerwyn Price,Gian van Veen,2026-04-23,Premier League,U,Quarter Final Sub Match,4.0,6.0,93.61,90.97
Gerwyn Price,Ross Smith,2026-04-19,European Tour,ET,Final,8.0,6.0,95.7,96.25
Gerwyn Price,Wessel Nijman,2026-04-19,European Tour,ET,Semi Final,7.0,4.0,98.96,96.91
Gerwyn Price,Martin Schindler,2026-04-19,European Tour,ET,Quarter Final,6.0,5.0,100.95,96.43
Gerwyn Price,Chris Dobey,2026-04-19,European Tour,ET,Last 16,6.0,4.0,105.96,99.31
Gerwyn Price,Dave Chisnall,2026-04-18,European Tour,ET,Last 32,6.0,4.0,99.71,91.39
Gerwyn Price,Luke Littler,2026-04-16,Premier League,U,Quarter Final Sub Match,3.0,6.0,91.44,97.3
Gerwyn Price,Josh Rock,2026-04-09,Premier League,U,Quarter Final Sub Match,3.0,6.0,96.0,96.49
Gary Anderson,Kevin Doets,2026-04-28,Players Championship,PT,Quarter Final,1.0,6.0,92.13,98.58
Gary Anderson,Alexander Merkx,2026-04-28,Players Championship,PT,Last 16,6.0,3.0,98.33,88.17
Gary Anderson,Krzysztof Ratajski,2026-04-28,Players Championship,PT,Last 32,6.0,5.0,105.6,99.41
Gary Anderson,Bradley Brooks,2026-04-28,Players Championship,PT,Last 64,6.0,0.0,96.97,85.77
Gary Anderson,Yorick Hofkens,2026-04-28,Players Championship,PT,Last 128,6.0,2.0,107.34,85.27
Gary Anderson,Beau Greaves,2026-04-27,Players Championship,PT,Semi Final,1.0,7.0,96.11,105.56
Gary Anderson,Wessel Nijman,2026-04-27,Players Championship,PT,Quarter Final,6.0,3.0,108.1,105.57
Gary Anderson,Alexander Merkx,2026-04-27,Players Championship,PT,Last 16,6.0,1.0,110.55,94.94
Gary Anderson,Mensur Suljović,2026-04-27,Players Championship,PT,Last 32,6.0,3.0,94.71,92.37
Gary Anderson,Martijn Dragt,2026-04-27,Players Championship,PT,Last 64,6.0,3.0,98.04,102.31
Gian van Veen,Luke Humphries,2026-04-30,Premier League,U,Semi Final Sub Match,3.0,6.0,102.67,101.8
Gian van Veen,Jonny Clayton,2026-04-30,Premier League,U,Quarter Final Sub Match,6.0,2.0,104.32,95.14
Gian van Veen,Dimitri Van den Bergh,2026-04-28,Players Championship,PT,Last 128,2.0,6.0,87.71,91.2
Gian van Veen,Andrew Gilding,2026-04-27,Players Championship,PT,Last 32,3.0,6.0,87.04,90.02
Gian van Veen,Madars Razma,2026-04-27,Players Championship,PT,Last 64,6.0,5.0,94.43,96.87
Gian van Veen,Sietse Lap,2026-04-27,Players Championship,PT,Last 128,6.0,3.0,98.58,95.35
Gian van Veen,Jonny Clayton,2026-04-23,Premier League,U,Semi Final Sub Match,5.0,6.0,98.04,102.37
Gian van Veen,Gerwyn Price,2026-04-23,Premier League,U,Quarter Final Sub Match,6.0,4.0,90.97,93.61
Gian van Veen,Joe Cullen,2026-04-18,European Tour,ET,Last 32,3.0,6.0,92.7,91.73
Gian van Veen,Luke Humphries,2026-04-16,Premier League,U,Quarter Final Sub Match,2.0,6.0,93.36,100.51
Stephen Bunting,Gerwyn Price,2026-04-30,Premier League,U,Quarter Final Sub Match,5.0,6.0,97.02,95.98
Stephen Bunting,Mike De Decker,2026-04-28,Players Championship,PT,Last 32,3.0,6.0,95.82,94.27
Stephen Bunting,Sam Price,2026-04-28,Players Championship,PT,Last 64,6.0,1.0,89.19,69.49
Stephen Bunting,Stephen Burton,2026-04-28,Players Championship,PT,Last 128,6.0,4.0,101.06,96.63
Stephen Bunting,Ricky Evans,2026-04-27,Players Championship,PT,Last 128,5.0,6.0,92.53,94.33
Stephen Bunting,Jonny Clayton,2026-04-23,Premier League,U,Quarter Final Sub Match,5.0,6.0,90.42,93.85
Stephen Bunting,Wessel Nijman,2026-04-19,European Tour,ET,Last 16,3.0,6.0,90.02,87.62
Stephen Bunting,Mickey Mansell,2026-04-18,European Tour,ET,Last 32,6.0,3.0,93.02,89.72
Stephen Bunting,Josh Rock,2026-04-16,Premier League,U,Quarter Final Sub Match,1.0,6.0,104.81,102.55
Stephen Bunting,Joe Hunt,2026-04-14,Players Championship,PT,Last 32,4.0,6.0,88.03,81.65
Chris Dobey,Jermaine Wattimena,2026-04-28,Players Championship,PT,Quarter Final,3.0,6.0,98.69,104.43
Chris Dobey,Chris Landman,2026-04-28,Players Championship,PT,Last 16,6.0,1.0,99.29,82.96
Chris Dobey,Jurjen van der Velde,2026-04-28,Players Championship,PT,Last 32,6.0,3.0,93.08,84.64
Chris Dobey,Madars Razma,2026-04-28,Players Championship,PT,Last 64,6.0,2.0,100.14,87.95
Chris Dobey,Aden Kirk,2026-04-28,Players Championship,PT,Last 128,6.0,3.0,95.98,85.12
Chris Dobey,Michael Smith,2026-04-27,Players Championship,PT,Last 32,4.0,6.0,96.8,93.16
Chris Dobey,Peter Wright,2026-04-27,Players Championship,PT,Last 64,6.0,2.0,87.68,87.16
Chris Dobey,Cor Dekker,2026-04-27,Players Championship,PT,Last 128,6.0,1.0,97.1,91.8
Chris Dobey,Gerwyn Price,2026-04-19,European Tour,ET,Last 16,4.0,6.0,99.31,105.96
Chris Dobey,Andrew Gilding,2026-04-18,European Tour,ET,Last 32,6.0,2.0,98.18,94.12
Josh Rock,Luke Littler,2026-04-30,Premier League,U,Quarter Final Sub Match,3.0,6.0,101.25,105.86
Josh Rock,Rob Owen,2026-04-28,Players Championship,PT,Last 64,1.0,6.0,83.25,95.53
Josh Rock,Jeffrey de Graaf,2026-04-28,Players Championship,PT,Last 128,6.0,5.0,92.36,90.62
Josh Rock,Adam Leek,2026-04-27,Players Championship,PT,Last 128,3.0,6.0,89.84,96.27
Josh Rock,Michael van Gerwen,2026-04-23,Premier League,U,Quarter Final Sub Match,3.0,6.0,91.89,98.64
Josh Rock,Ross Smith,2026-04-19,European Tour,ET,Last 16,5.0,6.0,95.87,98.64
Josh Rock,Keane Barry,2026-04-18,European Tour,ET,Last 32,6.0,3.0,97.98,91.67
Josh Rock,Jonny Clayton,2026-04-16,Premier League,U,Semi Final Sub Match,5.0,6.0,96.05,87.96
Josh Rock,Stephen Bunting,2026-04-16,Premier League,U,Quarter Final Sub Match,6.0,1.0,102.55,104.81
Josh Rock,Joe Hunt,2026-04-14,Players Championship,PT,Last 16,5.0,6.0,93.78,93.0
Wessel Nijman,Jermaine Wattimena,2026-04-28,Players Championship,PT,Final,8.0,5.0,96.84,94.12
Wessel Nijman,Tom Bissell,2026-04-28,Players Championship,PT,Semi Final,7.0,4.0,103.41,100.18
Wessel Nijman,Nathan Potter,2026-04-28,Players Championship,PT,Quarter Final,6.0,2.0,97.4,92.06
Wessel Nijman,Ryan Searle,2026-04-28,Players Championship,PT,Last 16,6.0,3.0,96.19,86.36
Wessel Nijman,Sebastian Bialecki,2026-04-28,Players Championship,PT,Last 32,6.0,3.0,99.95,90.81
Wessel Nijman,Tom Sykes,2026-04-28,Players Championship,PT,Last 64,6.0,5.0,96.62,91.96
Wessel Nijman,Scott Williams,2026-04-28,Players Championship,PT,Last 128,6.0,2.0,99.2,89.6
Wessel Nijman,Gary Anderson,2026-04-27,Players Championship,PT,Quarter Final,3.0,6.0,105.57,108.1
Wessel Nijman,Leon Weber,2026-04-27,Players Championship,PT,Last 16,6.0,1.0,93.68,88.44
Wessel Nijman,Tom Sykes,2026-04-27,Players Championship,PT,Last 32,6.0,2.0,113.37,94.24
Michael van Gerwen,Luke Humphries,2026-04-30,Premier League,U,Quarter Final Sub Match,3.0,6.0,91.02,99.18
Michael van Gerwen,Luke Littler,2026-04-23,Premier League,U,Semi Final Sub Match,5.0,6.0,107.54,102.06
Michael van Gerwen,Josh Rock,2026-04-23,Premier League,U,Quarter Final Sub Match,6.0,3.0,98.64,91.89
Michael van Gerwen,Wessel Nijman,2026-04-19,European Tour,ET,Quarter Final,2.0,6.0,82.57,89.77
Michael van Gerwen,Jermaine Wattimena,2026-04-19,European Tour,ET,Last 16,6.0,5.0,88.61,85.48
Michael van Gerwen,M. Unterbuchner,2026-04-18,European Tour,ET,Last 32,6.0,2.0,91.37,82.95
Michael van Gerwen,Jonny Clayton,2026-04-16,Premier League,U,Quarter Final Sub Match,2.0,6.0,97.97,99.33
Michael van Gerwen,Jonny Clayton,2026-04-09,Premier League,U,Final Sub Match,5.0,6.0,101.34,97.39
Michael van Gerwen,Stephen Bunting,2026-04-09,Premier League,U,Semi Final Sub Match,6.0,5.0,90.92,93.11
Michael van Gerwen,Gian van Veen,2026-04-09,Premier League,U,Quarter Final Sub Match,6.0,4.0,95.44,94.49
Ross Smith,Tom Bissell,2026-04-28,Players Championship,PT,Last 64,3.0,6.0,91.6,103.62
Ross Smith,Owen Bates,2026-04-28,Players Championship,PT,Last 128,6.0,0.0,101.33,79.07
Ross Smith,Rob Cross,2026-04-27,Players Championship,PT,Last 16,2.0,6.0,99.71,103.54
Ross Smith,Dennie Olde Kalter,2026-04-27,Players Championship,PT,Last 32,6.0,5.0,97.61,95.87
Ross Smith,Darryl Pilgrim,2026-04-27,Players Championship,PT,Last 64,6.0,4.0,102.19,93.06
Ross Smith,Bradley Brooks,2026-04-27,Players Championship,PT,Last 128,6.0,2.0,102.42,98.54
Ross Smith,Gerwyn Price,2026-04-19,European Tour,ET,Final,6.0,8.0,96.25,95.7
Ross Smith,Krzysztof Ratajski,2026-04-19,European Tour,ET,Semi Final,7.0,5.0,90.58,95.55
Ross Smith,Nathan Aspinall,2026-04-19,European Tour,ET,Quarter Final,6.0,4.0,93.44,90.24
Ross Smith,Josh Rock,2026-04-19,European Tour,ET,Last 16,6.0,5.0,98.64,95.87
Jonny Clayton,Gian van Veen,2026-04-30,Premier League,U,Quarter Final Sub Match,2.0,6.0,95.14,104.32
Jonny Clayton,Luke Littler,2026-04-23,Premier League,U,Final Sub Match,1.0,6.0,99.16,104.54
Jonny Clayton,Gian van Veen,2026-04-23,Premier League,U,Semi Final Sub Match,6.0,5.0,102.37,98.04
Jonny Clayton,Stephen Bunting,2026-04-23,Premier League,U,Quarter Final Sub Match,6.0,5.0,93.85,90.42
Jonny Clayton,Martin Schindler,2026-04-19,European Tour,ET,Last 16,1.0,6.0,94.03,100.98
Jonny Clayton,Valters Melderis,2026-04-18,European Tour,ET,Last 32,6.0,1.0,106.78,86.32
Jonny Clayton,Luke Littler,2026-04-16,Premier League,U,Final Sub Match,6.0,4.0,92.92,104.54
Jonny Clayton,Josh Rock,2026-04-16,Premier League,U,Semi Final Sub Match,6.0,5.0,87.96,96.05
Jonny Clayton,Michael van Gerwen,2026-04-16,Premier League,U,Quarter Final Sub Match,6.0,2.0,99.33,97.97
Jonny Clayton,Brendan Dolan,2026-04-14,Players Championship,PT,Last 64,3.0,6.0,87.34,91.58
Dirk van Duijvenbode,Jimmy van Schie,2026-04-28,Players Championship,PT,Last 128,4.0,6.0,94.23,96.13
Dirk van Duijvenbode,William O&#039;Connor,2026-04-27,Players Championship,PT,Last 32,4.0,6.0,97.01,106.19
Dirk van Duijvenbode,Stephen Rosney,2026-04-27,Players Championship,PT,Last 64,6.0,4.0,94.73,88.69
Dirk van Duijvenbode,Niall Culleton,2026-04-27,Players Championship,PT,Last 128,6.0,4.0,90.66,85.94
Dirk van Duijvenbode,Kim Huybrechts,2026-04-17,European Tour,ET,Last 48 (Premier),3.0,6.0,94.66,93.84
Dirk van Duijvenbode,James Hurrell,2026-04-14,Players Championship,PT,Last 128,2.0,6.0,95.04,91.57
Dirk van Duijvenbode,Madars Razma,2026-04-13,Players Championship,PT,Last 128,0.0,6.0,87.1,92.97
Dirk van Duijvenbode,Kevin Doets,2026-04-06,European Tour,ET,Last 16,5.0,6.0,96.77,107.7
Dirk van Duijvenbode,Mike De Decker,2026-04-05,European Tour,ET,Last 32,6.0,5.0,97.57,98.29
Dirk van Duijvenbode,Stephen Burton,2026-04-04,European Tour,ET,Last 48 (Premier),6.0,2.0,91.15,83.55
Nathan Aspinall,Ross Smith,2026-04-19,European Tour,ET,Quarter Final,4.0,6.0,90.24,93.44
Nathan Aspinall,James Wade,2026-04-19,European Tour,ET,Last 16,6.0,3.0,106.2,103.08
Nathan Aspinall,Jeffrey de Zwaan,2026-04-18,European Tour,ET,Last 32,6.0,1.0,92.01,84.35
Nathan Aspinall,Danny Noppert,2026-04-06,European Tour,ET,Final,8.0,5.0,100.35,93.16
Nathan Aspinall,Kevin Doets,2026-04-06,European Tour,ET,Semi Final,7.0,2.0,106.4,93.15
Nathan Aspinall,Andrew Gilding,2026-04-06,European Tour,ET,Quarter Final,6.0,4.0,99.18,83.45
Nathan Aspinall,Martin Schindler,2026-04-06,European Tour,ET,Last 16,6.0,2.0,95.46,83.04
Nathan Aspinall,Ricardo Pietreczko,2026-04-05,European Tour,ET,Last 32,6.0,5.0,99.5,91.31
Nathan Aspinall,Leon Weber,2026-03-31,Players Championship,PT,Last 32,3.0,6.0,81.58,89.42
Nathan Aspinall,Adam Gawlas,2026-03-31,Players Championship,PT,Last 64,6.0,3.0,93.78,81.13
Danny Noppert,Darryl Pilgrim,2026-04-28,Players Championship,PT,Last 32,5.0,6.0,99.79,92.76
Danny Noppert,Benjamin Pratnemer,2026-04-28,Players Championship,PT,Last 64,6.0,3.0,97.48,92.16
Danny Noppert,Ricky Evans,2026-04-28,Players Championship,PT,Last 128,6.0,3.0,102.21,93.38
Danny Noppert,Karel Sedláček,2026-04-27,Players Championship,PT,Last 32,4.0,6.0,98.77,97.29
Danny Noppert,Jurjen van der Velde,2026-04-27,Players Championship,PT,Last 64,6.0,1.0,101.16,84.59
Danny Noppert,Kai Gotthardt,2026-04-27,Players Championship,PT,Last 128,6.0,3.0,103.63,89.82
Danny Noppert,Krzysztof Ratajski,2026-04-19,European Tour,ET,Quarter Final,5.0,6.0,90.51,90.94
Danny Noppert,Niko Springer,2026-04-19,European Tour,ET,Last 16,6.0,4.0,98.34,87.58
Danny Noppert,Oskar Lukasiak,2026-04-18,European Tour,ET,Last 32,6.0,5.0,84.53,86.77
Danny Noppert,Wesley Plaisier,2026-04-14,Players Championship,PT,Last 128,3.0,6.0,103.25,101.76
James Wade,Nathan Potter,2026-04-28,Players Championship,PT,Last 16,2.0,6.0,94.67,102.25
James Wade,Justin Hood,2026-04-28,Players Championship,PT,Last 32,6.0,2.0,100.37,95.28
James Wade,Charlie Manby,2026-04-28,Players Championship,PT,Last 64,6.0,5.0,92.63,93.54
James Wade,Jack Tweddell,2026-04-28,Players Championship,PT,Last 128,6.0,1.0,97.58,88.78
James Wade,Alexander Merkx,2026-04-27,Players Championship,PT,Last 32,4.0,6.0,98.03,104.55
James Wade,Thibault Tricole,2026-04-27,Players Championship,PT,Last 64,6.0,2.0,87.35,81.47
James Wade,Carl Sneyd,2026-04-27,Players Championship,PT,Last 128,6.0,4.0,92.07,84.93
James Wade,Nathan Aspinall,2026-04-19,European Tour,ET,Last 16,3.0,6.0,103.08,106.2
James Wade,Kim Huybrechts,2026-04-18,European Tour,ET,Last 32,6.0,3.0,104.15,93.84
James Wade,Kevin Doets,2026-04-14,Players Championship,PT,Last 32,5.0,6.0,98.0,96.98
Krzysztof Ratajski,Gary Anderson,2026-04-28,Players Championship,PT,Last 32,5.0,6.0,99.41,105.6
Krzysztof Ratajski,Mervyn King,2026-04-28,Players Championship,PT,Last 64,6.0,5.0,98.38,94.78
Krzysztof Ratajski,Raymond van Barneveld,2026-04-28,Players Championship,PT,Last 128,6.0,1.0,99.26,90.39
Krzysztof Ratajski,Kevin Doets,2026-04-27,Players Championship,PT,Last 32,5.0,6.0,107.63,99.42
Krzysztof Ratajski,Tom Bissell,2026-04-27,Players Championship,PT,Last 64,6.0,4.0,98.34,94.24
Krzysztof Ratajski,Derek Coulson,2026-04-27,Players Championship,PT,Last 128,6.0,5.0,96.7,88.44
Krzysztof Ratajski,Ross Smith,2026-04-19,European Tour,ET,Semi Final,5.0,7.0,95.55,90.58
Krzysztof Ratajski,Danny Noppert,2026-04-19,European Tour,ET,Quarter Final,6.0,5.0,90.94,90.51
Krzysztof Ratajski,Joe Cullen,2026-04-19,European Tour,ET,Last 16,6.0,2.0,90.7,86.93
Krzysztof Ratajski,Mike De Decker,2026-04-18,European Tour,ET,Last 32,6.0,4.0,93.3,87.09
Damon Heta,Beau Greaves,2026-04-28,Players Championship,PT,Last 64,5.0,6.0,100.07,96.28
Damon Heta,Adam Gawlas,2026-04-28,Players Championship,PT,Last 128,6.0,4.0,88.77,89.54
Damon Heta,Rob Cross,2026-04-27,Players Championship,PT,Last 32,4.0,6.0,93.04,102.67
Damon Heta,Jack Tweddell,2026-04-27,Players Championship,PT,Last 64,6.0,1.0,99.17,88.97
Damon Heta,Cam Crabtree,2026-04-27,Players Championship,PT,Last 128,6.0,1.0,89.61,87.25
Damon Heta,Martin Schindler,2026-04-18,European Tour,ET,Last 32,5.0,6.0,93.31,92.11
Damon Heta,Madars Razma,2026-04-17,European Tour,ET,Last 48 (Premier),6.0,4.0,95.65,90.75
Damon Heta,Scott Waites,2026-04-14,Players Championship,PT,Last 128,2.0,6.0,90.2,95.8
Damon Heta,Dimitri Van den Bergh,2026-04-13,Players Championship,PT,Last 64,5.0,6.0,91.56,90.32
Damon Heta,Tyler Thorpe,2026-04-13,Players Championship,PT,Last 128,6.0,4.0,92.37,89.61
Ryan Searle,Wessel Nijman,2026-04-28,Players Championship,PT,Last 16,3.0,6.0,86.36,96.19
Ryan Searle,Rob Owen,2026-04-28,Players Championship,PT,Last 32,6.0,1.0,101.97,88.08
Ryan Searle,Maximilian Czerwinski,2026-04-28,Players Championship,PT,Last 64,6.0,4.0,94.31,90.14
Ryan Searle,Ricardo Pietreczko,2026-04-28,Players Championship,PT,Last 128,6.0,4.0,95.73,84.66
Ryan Searle,Leon Weber,2026-04-27,Players Championship,PT,Last 128,3.0,6.0,83.92,89.11
Ryan Searle,Wessel Nijman,2026-04-18,European Tour,ET,Last 32,2.0,6.0,96.0,104.12
Ryan Searle,Krzysztof Ratajski,2026-04-05,European Tour,ET,Last 32,5.0,6.0,89.46,98.85
Ryan Searle,Christian Kist,2026-03-31,Players Championship,PT,Last 128,3.0,6.0,93.41,90.54
Ryan Searle,Alan Soutar,2026-03-30,Players Championship,PT,Final,8.0,3.0,95.65,99.0
Ryan Searle,Gary Anderson,2026-03-30,Players Championship,PT,Semi Final,7.0,3.0,96.52,95.6
Rob Cross,Christian Kist,2026-04-28,Players Championship,PT,Last 128,5.0,6.0,94.48,91.79
Rob Cross,Beau Greaves,2026-04-27,Players Championship,PT,Quarter Final,5.0,6.0,105.96,102.56
Rob Cross,Ross Smith,2026-04-27,Players Championship,PT,Last 16,6.0,2.0,103.54,99.71
Rob Cross,Damon Heta,2026-04-27,Players Championship,PT,Last 32,6.0,4.0,102.67,93.04
Rob Cross,Filip Bereza,2026-04-27,Players Championship,PT,Last 64,6.0,1.0,93.83,85.43
Rob Cross,Adam Paxton,2026-04-27,Players Championship,PT,Last 128,6.0,2.0,95.28,85.92
Rob Cross,Mickey Mansell,2026-04-17,European Tour,ET,Last 48 (Premier),2.0,6.0,92.95,100.32
Rob Cross,Chris Landman,2026-04-15,European Tour Card Holder Qualifier,Q,Final,5.0,6.0,100.08,94.91
Rob Cross,Cam Crabtree,2026-04-15,European Tour Card Holder Qualifier,Q,Semi Final,6.0,4.0,103.21,104.67
Rob Cross,Mario Vandenbogaerde,2026-04-15,European Tour Card Holder Qualifier,Q,Quarter Final,6.0,4.0,87.78,89.12
Jermaine Wattimena,Wessel Nijman,2026-04-28,Players Championship,PT,Final,5.0,8.0,94.12,96.84
Jermaine Wattimena,Kevin Doets,2026-04-28,Players Championship,PT,Semi Final,7.0,3.0,94.49,94.85
Jermaine Wattimena,Chris Dobey,2026-04-28,Players Championship,PT,Quarter Final,6.0,3.0,104.43,98.69
Jermaine Wattimena,Tommy Lishman,2026-04-28,Players Championship,PT,Last 16,6.0,2.0,94.61,85.83
Jermaine Wattimena,Joe Hunt,2026-04-28,Players Championship,PT,Last 32,6.0,4.0,88.58,90.71
Jermaine Wattimena,Sietse Lap,2026-04-28,Players Championship,PT,Last 64,6.0,3.0,95.28,88.86
Jermaine Wattimena,Martijn Dragt,2026-04-28,Players Championship,PT,Last 128,6.0,2.0,95.32,79.52
Jermaine Wattimena,Callan Rydz,2026-04-27,Players Championship,PT,Last 32,5.0,6.0,102.21,94.34
Jermaine Wattimena,Ricardo Pietreczko,2026-04-27,Players Championship,PT,Last 64,6.0,1.0,95.42,86.49
Jermaine Wattimena,Mervyn King,2026-04-27,Players Championship,PT,Last 128,6.0,2.0,107.64,88.68
Kevin Doets,Jermaine Wattimena,2026-04-28,Players Championship,PT,Semi Final,3.0,7.0,94.85,94.49
Kevin Doets,Gary Anderson,2026-04-28,Players Championship,PT,Quarter Final,6.0,1.0,98.58,92.13
Kevin Doets,Mike De Decker,2026-04-28,Players Championship,PT,Last 16,6.0,5.0,97.3,91.54
Kevin Doets,Jimmy van Schie,2026-04-28,Players Championship,PT,Last 32,6.0,3.0,97.95,94.11
Kevin Doets,Maik Kuivenhoven,2026-04-28,Players Championship,PT,Last 64,6.0,3.0,96.05,98.25
Kevin Doets,Gabriel Clemens,2026-04-28,Players Championship,PT,Last 128,6.0,2.0,89.88,87.4
Kevin Doets,Michael Smith,2026-04-27,Players Championship,PT,Semi Final,4.0,7.0,96.62,88.57
Kevin Doets,William O&#039;Connor,2026-04-27,Players Championship,PT,Quarter Final,6.0,1.0,93.51,91.25
Kevin Doets,Max Hopp,2026-04-27,Players Championship,PT,Last 16,6.0,1.0,103.32,87.94
Kevin Doets,Krzysztof Ratajski,2026-04-27,Players Championship,PT,Last 32,6.0,5.0,99.42,107.63
Luke Woodhouse,Tommy Lishman,2026-04-28,Players Championship,PT,Last 64,4.0,6.0,99.37,91.19
Luke Woodhouse,Dominik Gruellich,2026-04-28,Players Championship,PT,Last 128,6.0,1.0,97.77,85.74
Luke Woodhouse,Mensur Suljović,2026-04-27,Players Championship,PT,Last 64,5.0,6.0,98.26,93.83
Luke Woodhouse,Maik Kuivenhoven,2026-04-27,Players Championship,PT,Last 128,6.0,2.0,97.05,93.9
Luke Woodhouse,Wessel Nijman,2026-04-14,Players Championship,PT,Semi Final,4.0,7.0,100.46,108.46
Luke Woodhouse,Joe Hunt,2026-04-14,Players Championship,PT,Quarter Final,6.0,4.0,90.59,94.33
Luke Woodhouse,Scott Williams,2026-04-14,Players Championship,PT,Last 16,6.0,4.0,99.45,94.45
Luke Woodhouse,Ryan Joyce,2026-04-14,Players Championship,PT,Last 32,6.0,2.0,97.41,82.26
Luke Woodhouse,Mervyn King,2026-04-14,Players Championship,PT,Last 64,6.0,1.0,98.68,89.51
Luke Woodhouse,Darius Labanauskas,2026-04-14,Players Championship,PT,Last 128,6.0,5.0,89.2,91.99
William O&#039;Connor,Stefan Bellmont,2026-04-28,Players Championship,PT,Last 64,4.0,6.0,81.9,84.24
William O&#039;Connor,Thomas Lovely,2026-04-28,Players Championship,PT,Last 128,6.0,2.0,99.13,87.74
William O&#039;Connor,Kevin Doets,2026-04-27,Players Championship,PT,Quarter Final,1.0,6.0,91.25,93.51
William O&#039;Connor,Cristo Reyes,2026-04-27,Players Championship,PT,Last 16,6.0,3.0,106.19,101.18
William O&#039;Connor,Dirk van Duijvenbode,2026-04-27,Players Championship,PT,Last 32,6.0,4.0,106.19,97.01
William O&#039;Connor,Justin Hood,2026-04-27,Players Championship,PT,Last 64,6.0,1.0,105.89,93.07
William O&#039;Connor,Mario Vandenbogaerde,2026-04-27,Players Championship,PT,Last 128,6.0,3.0,105.02,94.88
William O&#039;Connor,M. Unterbuchner,2026-04-17,European Tour,ET,Last 48 (Premier),5.0,6.0,93.7,95.52
William O&#039;Connor,Jack Aldridge,2026-04-14,Players Championship,PT,Last 64,2.0,6.0,80.98,91.63
William O&#039;Connor,Tyler Thorpe,2026-04-14,Players Championship,PT,Last 128,6.0,3.0,93.74,90.52
Andrew Gilding,Brendan Dolan,2026-04-28,Players Championship,PT,Last 64,5.0,6.0,92.86,91.99
Andrew Gilding,Mensur Suljović,2026-04-28,Players Championship,PT,Last 128,6.0,5.0,95.91,93.39
Andrew Gilding,Michael Smith,2026-04-27,Players Championship,PT,Quarter Final,5.0,6.0,92.37,85.75
Andrew Gilding,Callan Rydz,2026-04-27,Players Championship,PT,Last 16,6.0,3.0,95.21,89.09
Andrew Gilding,Gian van Veen,2026-04-27,Players Championship,PT,Last 32,6.0,3.0,90.02,87.04
Andrew Gilding,Rob Owen,2026-04-27,Players Championship,PT,Last 64,6.0,4.0,99.65,103.75
Andrew Gilding,Adam Gawlas,2026-04-27,Players Championship,PT,Last 128,6.0,5.0,99.47,91.42
Andrew Gilding,Chris Dobey,2026-04-18,European Tour,ET,Last 32,2.0,6.0,94.12,98.18
Andrew Gilding,Paul Krohne,2026-04-17,European Tour,ET,Last 48 (Premier),6.0,3.0,96.95,89.66
Andrew Gilding,Jimmy van Schie,2026-04-14,Players Championship,PT,Last 128,3.0,6.0,96.24,100.22
Niels Zonneveld,Martin Lukeman,2026-04-28,Players Championship,PT,Last 128,5.0,6.0,89.4,83.65
Niels Zonneveld,Joe Hunt,2026-04-27,Players Championship,PT,Last 64,4.0,6.0,90.48,89.63
Niels Zonneveld,Charlie Manby,2026-04-27,Players Championship,PT,Last 128,6.0,4.0,95.73,91.11
Niels Zonneveld,Keane Barry,2026-04-17,European Tour,ET,Last 48 (Premier),3.0,6.0,96.12,95.73
Niels Zonneveld,Wessel Nijman,2026-04-14,Players Championship,PT,Last 16,3.0,6.0,97.26,99.91
Niels Zonneveld,Callan Rydz,2026-04-14,Players Championship,PT,Last 32,6.0,4.0,91.28,90.64
Niels Zonneveld,Dominik Gruellich,2026-04-14,Players Championship,PT,Last 64,6.0,1.0,98.16,85.37
Niels Zonneveld,Greg Ritchie,2026-04-14,Players Championship,PT,Last 128,6.0,5.0,99.26,92.55
Niels Zonneveld,Joe Hunt,2026-04-13,Players Championship,PT,Last 64,4.0,6.0,104.93,101.69
Niels Zonneveld,Ricky Evans,2026-04-13,Players Championship,PT,Last 128,6.0,3.0,96.33,92.34
Cristo Reyes,Sebastian Bialecki,2026-04-28,Players Championship,PT,Last 64,1.0,6.0,93.09,96.76
Cristo Reyes,Oskar Lukasiak,2026-04-28,Players Championship,PT,Last 128,6.0,4.0,93.48,83.73
Cristo Reyes,William O&#039;Connor,2026-04-27,Players Championship,PT,Last 16,3.0,6.0,101.18,106.19
Cristo Reyes,Alan Soutar,2026-04-27,Players Championship,PT,Last 32,6.0,0.0,103.66,96.69
Cristo Reyes,Mike De Decker,2026-04-27,Players Championship,PT,Last 64,6.0,2.0,86.56,86.7
Cristo Reyes,Marvin van Velzen,2026-04-27,Players Championship,PT,Last 128,6.0,3.0,106.29,93.9
Cristo Reyes,Andy Boulton,2026-04-15,European Tour Card Holder Qualifier,Q,Final,6.0,5.0,85.28,79.44
Cristo Reyes,Mensur Suljović,2026-04-15,European Tour Card Holder Qualifier,Q,Semi Final,6.0,2.0,100.11,85.03
Cristo Reyes,Richard Veenstra,2026-04-15,European Tour Card Holder Qualifier,Q,Quarter Final,6.0,3.0,94.3,92.24
Cristo Reyes,Justin Hood,2026-04-15,European Tour Card Holder Qualifier,Q,Final,3.0,6.0,96.62,101.83
Martin Schindler,Andy Boulton,2026-04-28,Players Championship,PT,Last 128,5.0,6.0,86.58,88.53
Martin Schindler,Christian Kist,2026-04-27,Players Championship,PT,Last 128,3.0,6.0,96.48,102.5
Martin Schindler,Gerwyn Price,2026-04-19,European Tour,ET,Quarter Final,5.0,6.0,96.43,100.95
Martin Schindler,Jonny Clayton,2026-04-19,European Tour,ET,Last 16,6.0,1.0,100.98,94.03
Martin Schindler,Damon Heta,2026-04-18,European Tour,ET,Last 32,6.0,5.0,92.11,93.31
Martin Schindler,Beau Greaves,2026-04-14,Players Championship,PT,Last 128,5.0,6.0,88.15,94.61
Martin Schindler,Adam Leek,2026-04-13,Players Championship,PT,Last 128,5.0,6.0,100.36,94.79
Martin Schindler,Nathan Aspinall,2026-04-06,European Tour,ET,Last 16,2.0,6.0,83.04,95.46
Martin Schindler,Brendan Dolan,2026-04-05,European Tour,ET,Last 32,6.0,4.0,87.2,83.71
Martin Schindler,Dave Chisnall,2026-03-31,Players Championship,PT,Last 32,1.0,6.0,97.79,111.72
Karel Sedláček,Darryl Pilgrim,2026-04-28,Players Championship,PT,Last 64,3.0,6.0,90.27,91.62
Karel Sedláček,Kai Gotthardt,2026-04-28,Players Championship,PT,Last 128,6.0,2.0,92.41,79.67
Karel Sedláček,Beau Greaves,2026-04-27,Players Championship,PT,Last 16,4.0,6.0,95.98,97.13
Karel Sedláček,Danny Noppert,2026-04-27,Players Championship,PT,Last 32,6.0,4.0,97.29,98.77
Karel Sedláček,Owen Bates,2026-04-27,Players Championship,PT,Last 64,6.0,4.0,92.5,93.5
Karel Sedláček,Jim Long,2026-04-27,Players Championship,PT,Last 128,6.0,2.0,97.46,86.83
Karel Sedláček,Valters Melderis,2026-04-17,European Tour,ET,Last 48 (Premier),5.0,6.0,92.01,86.64
Karel Sedláček,Scott Waites,2026-04-14,Players Championship,PT,Semi Final,5.0,7.0,99.86,96.21
Karel Sedláček,Chris Dobey,2026-04-14,Players Championship,PT,Quarter Final,6.0,5.0,88.94,89.0
Karel Sedláček,James Hurrell,2026-04-14,Players Championship,PT,Last 16,6.0,4.0,95.36,84.62
Mike De Decker,Kevin Doets,2026-04-28,Players Championship,PT,Last 16,5.0,6.0,91.54,97.3
Mike De Decker,Stephen Bunting,2026-04-28,Players Championship,PT,Last 32,6.0,3.0,94.27,95.82
Mike De Decker,Mario Vandenbogaerde,2026-04-28,Players Championship,PT,Last 64,6.0,1.0,95.01,94.74
Mike De Decker,Jeffrey de Zwaan,2026-04-28,Players Championship,PT,Last 128,6.0,3.0,94.68,93.99
Mike De Decker,Cristo Reyes,2026-04-27,Players Championship,PT,Last 64,2.0,6.0,86.7,86.56
Mike De Decker,Stefaan Henderyck,2026-04-27,Players Championship,PT,Last 128,6.0,1.0,101.67,90.38
Mike De Decker,Krzysztof Ratajski,2026-04-18,European Tour,ET,Last 32,4.0,6.0,87.09,93.3
Mike De Decker,Joe Hunt,2026-04-14,Players Championship,PT,Last 128,2.0,6.0,94.49,90.88
Mike De Decker,Niall Culleton,2026-04-13,Players Championship,PT,Last 64,3.0,6.0,90.53,87.83
Mike De Decker,Mickey Mansell,2026-04-13,Players Championship,PT,Last 128,6.0,3.0,93.68,87.13
James Hurrell,Jurjen van der Velde,2026-04-28,Players Championship,PT,Last 128,5.0,6.0,80.09,82.26
James Hurrell,Stephen Rosney,2026-04-27,Players Championship,PT,Last 128,5.0,6.0,95.23,91.93
James Hurrell,Rob Owen,2026-04-15,European Tour Card Holder Qualifier,Q,Quarter Final,4.0,6.0,95.54,98.7
James Hurrell,Dimitri Van den Bergh,2026-04-15,European Tour Card Holder Qualifier,Q,Final,6.0,4.0,93.18,93.52
James Hurrell,Ryan Meikle,2026-04-15,European Tour Card Holder Qualifier,Q,Semi Final,6.0,2.0,87.29,76.91
James Hurrell,Adam Warner,2026-04-15,European Tour Card Holder Qualifier,Q,Quarter Final,6.0,5.0,90.05,85.5
James Hurrell,Karel Sedláček,2026-04-14,Players Championship,PT,Last 16,4.0,6.0,84.62,95.36
James Hurrell,Shane McGuirk,2026-04-14,Players Championship,PT,Last 32,6.0,1.0,100.11,75.33
James Hurrell,Stephen Burton,2026-04-14,Players Championship,PT,Last 64,6.0,3.0,105.95,88.98
James Hurrell,Dirk van Duijvenbode,2026-04-14,Players Championship,PT,Last 128,6.0,2.0,91.57,95.04
Daryl Gurney,Nathan Potter,2026-04-28,Players Championship,PT,Last 32,5.0,6.0,92.82,92.7
Daryl Gurney,Darius Labanauskas,2026-04-28,Players Championship,PT,Last 64,6.0,2.0,98.8,92.54
Daryl Gurney,Shane McGuirk,2026-04-28,Players Championship,PT,Last 128,6.0,5.0,90.74,89.64
Daryl Gurney,Thomas Lovely,2026-04-27,Players Championship,PT,Last 128,4.0,6.0,100.03,96.45
Daryl Gurney,Oskar Lukasiak,2026-04-17,European Tour,ET,Last 48 (Premier),5.0,6.0,77.8,82.37
Daryl Gurney,Daniel Klose,2026-04-14,Players Championship,PT,Last 64,5.0,6.0,95.47,102.17
Daryl Gurney,Tommy Lishman,2026-04-14,Players Championship,PT,Last 128,6.0,3.0,92.66,83.46
Daryl Gurney,Joe Hunt,2026-04-13,Players Championship,PT,Last 32,3.0,6.0,88.32,93.07
Daryl Gurney,Darius Labanauskas,2026-04-13,Players Championship,PT,Last 64,6.0,2.0,91.27,88.29
Daryl Gurney,Brendan Dolan,2026-04-13,Players Championship,PT,Last 128,6.0,5.0,89.51,85.42
Bradley Brooks,Gary Anderson,2026-04-28,Players Championship,PT,Last 64,0.0,6.0,85.77,96.97
Bradley Brooks,Connor Scutt,2026-04-28,Players Championship,PT,Last 128,6.0,5.0,83.92,86.0
Bradley Brooks,Ross Smith,2026-04-27,Players Championship,PT,Last 128,2.0,6.0,98.54,102.42
Bradley Brooks,Owen Bates,2026-04-15,European Tour Card Holder Qualifier,Q,Final,6.0,5.0,99.44,102.31
Bradley Brooks,Rob Owen,2026-04-15,European Tour Card Holder Qualifier,Q,Semi Final,6.0,3.0,95.76,96.9
Bradley Brooks,Ricky Evans,2026-04-15,European Tour Card Holder Qualifier,Q,Quarter Final,6.0,4.0,87.12,86.22
Bradley Brooks,Alan Soutar,2026-04-15,European Tour Card Holder Qualifier,Q,Semi Final,5.0,6.0,97.38,98.68
Bradley Brooks,Sam Price,2026-04-15,European Tour Card Holder Qualifier,Q,Quarter Final,6.0,3.0,86.79,85.92
Bradley Brooks,Shane McGuirk,2026-04-14,Players Championship,PT,Last 128,3.0,6.0,95.12,97.38
Bradley Brooks,Connor Scutt,2026-04-13,Players Championship,PT,Last 64,4.0,6.0,88.41,98.17
Justin Hood,James Wade,2026-04-28,Players Championship,PT,Last 32,2.0,6.0,95.28,100.37
Justin Hood,Cameron Menzies,2026-04-28,Players Championship,PT,Last 64,6.0,1.0,91.76,82.68
Justin Hood,Tyler Thorpe,2026-04-28,Players Championship,PT,Last 128,6.0,0.0,101.33,95.64
Justin Hood,William O&#039;Connor,2026-04-27,Players Championship,PT,Last 64,1.0,6.0,93.07,105.89
Justin Hood,Brendan Dolan,2026-04-27,Players Championship,PT,Last 128,6.0,1.0,106.38,87.09
Justin Hood,Alan Soutar,2026-04-15,European Tour Card Holder Qualifier,Q,Quarter Final,1.0,6.0,90.3,103.84
Justin Hood,Cristo Reyes,2026-04-15,European Tour Card Holder Qualifier,Q,Final,6.0,3.0,101.83,96.62
Justin Hood,Andy Boulton,2026-04-15,European Tour Card Holder Qualifier,Q,Semi Final,6.0,1.0,98.01,92.01
Justin Hood,Matthias Ehlers,2026-04-15,European Tour Card Holder Qualifier,Q,Quarter Final,6.0,0.0,79.11,67.24
Justin Hood,Wessel Nijman,2026-04-14,Players Championship,PT,Last 64,2.0,6.0,94.82,92.98
Alan Soutar,Andy Boulton,2026-04-28,Players Championship,PT,Last 64,1.0,6.0,99.27,98.24
Alan Soutar,Jim Long,2026-04-28,Players Championship,PT,Last 128,6.0,3.0,94.36,85.9
Alan Soutar,Cristo Reyes,2026-04-27,Players Championship,PT,Last 32,0.0,6.0,96.69,103.66
Alan Soutar,Ricky Evans,2026-04-27,Players Championship,PT,Last 64,6.0,5.0,94.69,89.32
Alan Soutar,Andy Boulton,2026-04-27,Players Championship,PT,Last 128,6.0,5.0,91.36,89.0
Alan Soutar,Kim Huybrechts,2026-04-15,European Tour Card Holder Qualifier,Q,Semi Final,5.0,6.0,90.1,89.65
Alan Soutar,Justin Hood,2026-04-15,European Tour Card Holder Qualifier,Q,Quarter Final,6.0,1.0,103.84,90.3
Alan Soutar,Rob Cross,2026-04-15,European Tour Card Holder Qualifier,Q,Final,6.0,3.0,92.35,93.99
Alan Soutar,Bradley Brooks,2026-04-15,European Tour Card Holder Qualifier,Q,Semi Final,6.0,5.0,98.68,97.38
Alan Soutar,Mervyn King,2026-04-15,European Tour Card Holder Qualifier,Q,Quarter Final,6.0,5.0,95.79,90.6
Callan Rydz,Alexander Merkx,2026-04-28,Players Championship,PT,Last 128,3.0,6.0,76.42,86.05
Callan Rydz,Andrew Gilding,2026-04-27,Players Championship,PT,Last 16,3.0,6.0,89.09,95.21
Callan Rydz,Jermaine Wattimena,2026-04-27,Players Championship,PT,Last 32,6.0,5.0,94.34,102.21
Callan Rydz,Gabriel Clemens,2026-04-27,Players Championship,PT,Last 64,6.0,5.0,86.93,91.13
Callan Rydz,Tavis Dudeney,2026-04-27,Players Championship,PT,Last 128,6.0,4.0,95.51,88.29
Callan Rydz,Stefan Bellmont,2026-04-15,European Tour Card Holder Qualifier,Q,Quarter Final,4.0,6.0,87.5,86.16
Callan Rydz,Adam Gawlas,2026-04-15,European Tour Card Holder Qualifier,Q,Quarter Final,3.0,6.0,86.56,91.39
Callan Rydz,Niels Zonneveld,2026-04-14,Players Championship,PT,Last 32,4.0,6.0,90.64,91.28
Callan Rydz,Arno Merk,2026-04-14,Players Championship,PT,Last 64,6.0,3.0,89.89,88.36
Callan Rydz,Keane Barry,2026-04-14,Players Championship,PT,Last 128,6.0,3.0,85.06,86.81
Niko Springer,Max Hopp,2026-04-28,Players Championship,PT,Last 64,2.0,6.0,88.17,90.98
Niko Springer,Marvin Kraft,2026-04-28,Players Championship,PT,Last 128,6.0,1.0,95.83,86.47
Niko Springer,Jeffrey Sparidaans,2026-04-27,Players Championship,PT,Last 64,2.0,6.0,85.73,101.07
Niko Springer,Rusty-Jake Rodriguez,2026-04-27,Players Championship,PT,Last 128,6.0,3.0,85.91,81.81
Niko Springer,Danny Noppert,2026-04-19,European Tour,ET,Last 16,4.0,6.0,87.58,98.34
Niko Springer,Gary Anderson,2026-04-18,European Tour,ET,Last 32,6.0,3.0,95.44,90.49
Niko Springer,Robin Masino,2026-04-17,European Tour,ET,Last 48 (Premier),6.0,1.0,89.77,75.95
Niko Springer,Arno Merk,2026-04-14,Players Championship,PT,Last 128,0.0,6.0,88.07,95.94
Niko Springer,Ian White,2026-04-13,Players Championship,PT,Last 64,4.0,6.0,87.18,87.13
Niko Springer,Carl Sneyd,2026-04-13,Players Championship,PT,Last 128,6.0,0.0,82.73,73.09
Joe Cullen,Nick Kenny,2026-04-28,Players Championship,PT,Last 128,5.0,6.0,85.96,87.26
Joe Cullen,Filip Bereza,2026-04-27,Players Championship,PT,Last 128,4.0,6.0,88.22,82.88
Joe Cullen,Krzysztof Ratajski,2026-04-19,European Tour,ET,Last 16,2.0,6.0,86.93,90.7
Joe Cullen,Gian van Veen,2026-04-18,European Tour,ET,Last 32,6.0,3.0,91.73,92.7
Joe Cullen,Maik Kuivenhoven,2026-04-17,European Tour,ET,Last 48 (Premier),6.0,1.0,87.58,84.31
Joe Cullen,Scott Waites,2026-04-14,Players Championship,PT,Last 32,1.0,6.0,86.14,93.14
Joe Cullen,Cam Crabtree,2026-04-14,Players Championship,PT,Last 64,6.0,5.0,96.79,91.56
Joe Cullen,Rob Owen,2026-04-14,Players Championship,PT,Last 128,6.0,2.0,99.13,92.38
Joe Cullen,Greg Ritchie,2026-04-13,Players Championship,PT,Last 128,3.0,6.0,93.87,90.96
Joe Cullen,Patrik Kovacs,2026-04-04,European Tour,ET,Last 48 (Premier),3.0,6.0,82.4,85.54
Dave Chisnall,Lukas Wenig,2026-04-28,Players Championship,PT,Last 128,5.0,6.0,89.15,93.23
Dave Chisnall,Max Hopp,2026-04-27,Players Championship,PT,Last 64,3.0,6.0,99.58,97.17
Dave Chisnall,Sam Price,2026-04-27,Players Championship,PT,Last 128,6.0,5.0,96.8,90.32
Dave Chisnall,Gerwyn Price,2026-04-18,European Tour,ET,Last 32,4.0,6.0,91.39,99.71
Dave Chisnall,Petr Krivka,2026-04-17,European Tour,ET,Last 48 (Premier),6.0,4.0,95.26,90.02
Dave Chisnall,Richard Veenstra,2026-04-14,Players Championship,PT,Last 128,5.0,6.0,92.82,95.68
Dave Chisnall,Wesley Plaisier,2026-04-13,Players Championship,PT,Last 128,4.0,6.0,92.2,103.57
Dave Chisnall,Michael Smith,2026-04-05,European Tour,ET,Last 32,5.0,6.0,87.33,90.9
Dave Chisnall,Wessel Nijman,2026-03-31,Players Championship,PT,Quarter Final,4.0,6.0,103.68,105.11
Dave Chisnall,Mervyn King,2026-03-31,Players Championship,PT,Last 16,6.0,5.0,98.51,95.48
Wesley Plaisier,Madars Razma,2026-04-28,Players Championship,PT,Last 128,4.0,6.0,88.92,91.89
Wesley Plaisier,Joe Hunt,2026-04-27,Players Championship,PT,Last 128,4.0,6.0,84.06,88.13
Wesley Plaisier,Andy Boulton,2026-04-15,European Tour Card Holder Qualifier,Q,Semi Final,1.0,6.0,86.7,89.12
Wesley Plaisier,Brendan Dolan,2026-04-15,European Tour Card Holder Qualifier,Q,Quarter Final,6.0,5.0,95.8,94.23
Wesley Plaisier,Cam Crabtree,2026-04-15,European Tour Card Holder Qualifier,Q,Quarter Final,3.0,6.0,82.83,93.44
Wesley Plaisier,Gabriel Clemens,2026-04-14,Players Championship,PT,Last 64,0.0,6.0,79.86,96.97
Wesley Plaisier,Danny Noppert,2026-04-14,Players Championship,PT,Last 128,6.0,3.0,101.76,103.25
Wesley Plaisier,Steve Lennon,2026-04-13,Players Championship,PT,Last 64,5.0,6.0,89.37,95.32
Wesley Plaisier,Dave Chisnall,2026-04-13,Players Championship,PT,Last 128,6.0,4.0,103.57,92.2
Wesley Plaisier,Maik Kuivenhoven,2026-04-01,European Tour Card Holder Qualifier,Q,Final,2.0,6.0,81.35,91.09
Connor Scutt,Bradley Brooks,2026-04-28,Players Championship,PT,Last 128,5.0,6.0,86.0,83.92
Connor Scutt,Wessel Nijman,2026-04-27,Players Championship,PT,Last 64,4.0,6.0,92.21,98.12
Connor Scutt,Dimitri Van den Bergh,2026-04-27,Players Championship,PT,Last 128,6.0,0.0,106.09,94.3
Connor Scutt,Christian Kist,2026-04-15,European Tour Card Holder Qualifier,Q,Final,6.0,5.0,86.3,87.96
Connor Scutt,Tom Sykes,2026-04-15,European Tour Card Holder Qualifier,Q,Semi Final,6.0,4.0,90.38,92.39
Connor Scutt,Tyler Thorpe,2026-04-15,European Tour Card Holder Qualifier,Q,Quarter Final,6.0,4.0,104.54,94.15
Connor Scutt,Kim Huybrechts,2026-04-15,European Tour Card Holder Qualifier,Q,Last 16,4.0,6.0,96.89,94.53
Connor Scutt,Filip Bereza,2026-04-14,Players Championship,PT,Last 128,4.0,6.0,91.34,90.39
Connor Scutt,Justin Hood,2026-04-13,Players Championship,PT,Semi Final,3.0,7.0,91.66,92.13
Connor Scutt,Tom Bissell,2026-04-13,Players Championship,PT,Quarter Final,6.0,4.0,85.77,84.3
Cameron Menzies,Justin Hood,2026-04-28,Players Championship,PT,Last 64,1.0,6.0,82.68,91.76
Cameron Menzies,Rhys Griffin,2026-04-28,Players Championship,PT,Last 128,6.0,5.0,85.54,88.76
Cameron Menzies,Alexander Merkx,2026-04-27,Players Championship,PT,Last 128,5.0,6.0,88.2,95.69
Cameron Menzies,Ross Smith,2026-04-18,European Tour,ET,Last 32,3.0,6.0,91.43,96.9
Cameron Menzies,Raymond van Barneveld,2026-04-17,European Tour,ET,Last 48 (Premier),6.0,3.0,104.5,96.05
Cameron Menzies,Beau Greaves,2026-04-14,Players Championship,PT,Last 16,4.0,6.0,84.93,84.27
Cameron Menzies,Adam Lipscombe,2026-04-14,Players Championship,PT,Last 32,6.0,4.0,97.6,89.54
Cameron Menzies,Marvin van Velzen,2026-04-14,Players Championship,PT,Last 64,6.0,3.0,89.38,84.24
Cameron Menzies,Viktor Tingstrom,2026-04-14,Players Championship,PT,Last 128,6.0,2.0,98.27,95.06
Cameron Menzies,Connor Scutt,2026-04-13,Players Championship,PT,Last 32,5.0,6.0,95.94,96.8
Jeffrey de Graaf,Josh Rock,2026-04-28,Players Championship,PT,Last 128,5.0,6.0,90.62,92.36
Jeffrey de Graaf,Leon Weber,2026-04-27,Players Championship,PT,Last 64,5.0,6.0,100.27,98.57
Jeffrey de Graaf,Ritchie Edhouse,2026-04-27,Players Championship,PT,Last 128,6.0,1.0,106.99,104.03
Jeffrey de Graaf,Charlie Manby,2026-04-15,European Tour Card Holder Qualifier,Q,Semi Final,3.0,6.0,98.04,92.98
Jeffrey de Graaf,Stephen Rosney,2026-04-15,European Tour Card Holder Qualifier,Q,Quarter Final,6.0,5.0,91.85,94.63
Jeffrey de Graaf,Rob Cross,2026-04-15,European Tour Card Holder Qualifier,Q,Semi Final,1.0,6.0,97.55,102.21
Jeffrey de Graaf,Adam Gawlas,2026-04-14,Players Championship,PT,Last 64,5.0,6.0,96.17,98.72
Jeffrey de Graaf,Cor Dekker,2026-04-14,Players Championship,PT,Last 128,6.0,3.0,90.54,89.26
Jeffrey de Graaf,Adam Lipscombe,2026-04-13,Players Championship,PT,Last 128,2.0,6.0,88.79,86.31
Michael Smith,Beau Greaves,2026-04-27,Players Championship,PT,Final,7.0,8.0,97.74,96.49
Michael Smith,Kevin Doets,2026-04-27,Players Championship,PT,Semi Final,7.0,4.0,88.57,96.62
Michael Smith,Andrew Gilding,2026-04-27,Players Championship,PT,Quarter Final,6.0,5.0,85.75,92.37
Michael Smith,Joe Hunt,2026-04-27,Players Championship,PT,Last 16,6.0,4.0,87.69,85.71
Michael Smith,Chris Dobey,2026-04-27,Players Championship,PT,Last 32,6.0,4.0,93.16,96.8
Michael Smith,Sebastian Bialecki,2026-04-27,Players Championship,PT,Last 64,6.0,5.0,94.24,92.44
Michael Smith,Marvin Kraft,2026-04-27,Players Championship,PT,Last 128,6.0,5.0,82.32,80.27
Michael Smith,Viktor Tingstrom,2026-04-15,European Tour Card Holder Qualifier,Q,Semi Final,5.0,6.0,90.16,92.61
Michael Smith,Owen Bates,2026-04-15,European Tour Card Holder Qualifier,Q,Quarter Final,6.0,1.0,88.31,77.92
Michael Smith,David Sharp,2026-04-14,Players Championship,PT,Last 128,2.0,6.0,81.36,91.07
Mensur Suljović,Andrew Gilding,2026-04-28,Players Championship,PT,Last 128,5.0,6.0,93.39,95.91
Mensur Suljović,Gary Anderson,2026-04-27,Players Championship,PT,Last 32,3.0,6.0,92.37,94.71
Mensur Suljović,Luke Woodhouse,2026-04-27,Players Championship,PT,Last 64,6.0,5.0,93.83,98.26
Mensur Suljović,Nick Kenny,2026-04-27,Players Championship,PT,Last 128,6.0,1.0,100.7,87.53
Mensur Suljović,Cristo Reyes,2026-04-15,European Tour Card Holder Qualifier,Q,Semi Final,2.0,6.0,85.03,100.11
Mensur Suljović,Arno Merk,2026-04-15,European Tour Card Holder Qualifier,Q,Quarter Final,6.0,2.0,84.07,82.27
Mensur Suljović,Marvin van Velzen,2026-04-15,European Tour Card Holder Qualifier,Q,Last 16,6.0,2.0,99.33,83.14
Mensur Suljović,Jimmy van Schie,2026-04-15,European Tour Card Holder Qualifier,Q,Quarter Final,5.0,6.0,88.53,90.44
Mensur Suljović,Ricardo Pietreczko,2026-04-14,Players Championship,PT,Last 128,0.0,6.0,84.13,93.94
Mensur Suljović,Justin Hood,2026-04-13,Players Championship,PT,Last 16,3.0,6.0,91.0,91.28
Kim Huybrechts,Cor Dekker,2026-04-28,Players Championship,PT,Last 64,5.0,6.0,88.03,85.17
Kim Huybrechts,Tavis Dudeney,2026-04-28,Players Championship,PT,Last 128,6.0,2.0,95.42,80.5
Kim Huybrechts,Dennie Olde Kalter,2026-04-27,Players Championship,PT,Last 128,3.0,6.0,95.58,91.15
Kim Huybrechts,James Wade,2026-04-18,European Tour,ET,Last 32,3.0,6.0,93.84,104.15
Kim Huybrechts,Dirk van Duijvenbode,2026-04-17,European Tour,ET,Last 48 (Premier),6.0,3.0,93.84,94.66
Kim Huybrechts,Maik Kuivenhoven,2026-04-15,European Tour Card Holder Qualifier,Q,Final,6.0,4.0,95.48,95.42
Kim Huybrechts,Alan Soutar,2026-04-15,European Tour Card Holder Qualifier,Q,Semi Final,6.0,5.0,89.65,90.1
Kim Huybrechts,Marvin Kraft,2026-04-15,European Tour Card Holder Qualifier,Q,Quarter Final,6.0,3.0,88.7,92.31
Kim Huybrechts,Andy Boulton,2026-04-15,European Tour Card Holder Qualifier,Q,Quarter Final,4.0,6.0,78.51,84.4
Kim Huybrechts,Connor Scutt,2026-04-15,European Tour Card Holder Qualifier,Q,Last 16,6.0,4.0,94.53,96.89
Ricky Evans,Danny Noppert,2026-04-28,Players Championship,PT,Last 128,3.0,6.0,93.38,102.21
Ricky Evans,Alan Soutar,2026-04-27,Players Championship,PT,Last 64,5.0,6.0,89.32,94.69
Ricky Evans,Stephen Bunting,2026-04-27,Players Championship,PT,Last 128,6.0,5.0,94.33,92.53
Ricky Evans,Bradley Brooks,2026-04-15,European Tour Card Holder Qualifier,Q,Quarter Final,4.0,6.0,86.22,87.12
Ricky Evans,Viktor Tingstrom,2026-04-15,European Tour Card Holder Qualifier,Q,Final,6.0,2.0,88.32,81.02
Ricky Evans,Rob Owen,2026-04-15,European Tour Card Holder Qualifier,Q,Semi Final,6.0,3.0,99.67,91.48
Ricky Evans,Rusty-Jake Rodriguez,2026-04-15,European Tour Card Holder Qualifier,Q,Quarter Final,6.0,2.0,88.96,79.52
Ricky Evans,Jonny Clayton,2026-04-14,Players Championship,PT,Last 128,4.0,6.0,96.08,95.17
Ricky Evans,Niels Zonneveld,2026-04-13,Players Championship,PT,Last 128,3.0,6.0,92.34,96.33
Ricky Evans,Marvin Kraft,2026-04-01,European Tour Card Holder Qualifier,Q,Quarter Final,4.0,6.0,92.77,96.64
Richard Veenstra,Joe Hunt,2026-04-28,Players Championship,PT,Last 64,5.0,6.0,93.24,93.66
Richard Veenstra,Ryan Joyce,2026-04-28,Players Championship,PT,Last 128,6.0,1.0,96.08,84.46
Richard Veenstra,Benjamin Pratnemer,2026-04-27,Players Championship,PT,Last 128,3.0,6.0,90.38,97.74
Richard Veenstra,Cristo Reyes,2026-04-15,European Tour Card Holder Qualifier,Q,Quarter Final,3.0,6.0,92.24,94.3
Richard Veenstra,Jimmy van Schie,2026-04-15,European Tour Card Holder Qualifier,Q,Final,3.0,6.0,86.82,96.67
Richard Veenstra,Thibault Tricole,2026-04-15,European Tour Card Holder Qualifier,Q,Semi Final,6.0,4.0,95.33,88.5
Richard Veenstra,Jeffrey Sparidaans,2026-04-15,European Tour Card Holder Qualifier,Q,Quarter Final,6.0,4.0,91.62,89.31
Richard Veenstra,Owen Bates,2026-04-14,Players Championship,PT,Last 64,5.0,6.0,93.26,88.6
Richard Veenstra,Dave Chisnall,2026-04-14,Players Championship,PT,Last 128,6.0,5.0,95.68,92.82
Richard Veenstra,Chris Dobey,2026-04-13,Players Championship,PT,Quarter Final,3.0,6.0,92.95,94.9
Lukas Wenig,Ryan Meikle,2026-04-28,Players Championship,PT,Last 64,4.0,6.0,92.59,95.15
Lukas Wenig,Dave Chisnall,2026-04-28,Players Championship,PT,Last 128,6.0,5.0,93.23,89.15
Lukas Wenig,Alexander Merkx,2026-04-27,Players Championship,PT,Last 64,2.0,6.0,87.88,98.4
Lukas Wenig,Martin Lukeman,2026-04-27,Players Championship,PT,Last 128,6.0,0.0,90.18,82.09
Lukas Wenig,Jeffrey Sparidaans,2026-04-15,European Tour Card Holder Qualifier,Q,Semi Final,5.0,6.0,96.37,99.27
Lukas Wenig,Leon Weber,2026-04-15,European Tour Card Holder Qualifier,Q,Quarter Final,6.0,5.0,86.41,86.2
Lukas Wenig,Stephen Burton,2026-04-15,European Tour Card Holder Qualifier,Q,Final,6.0,4.0,94.8,93.3
Lukas Wenig,Adam Lipscombe,2026-04-15,European Tour Card Holder Qualifier,Q,Semi Final,6.0,3.0,84.31,79.98
Lukas Wenig,Dimitri Van den Bergh,2026-04-14,Players Championship,PT,Last 128,3.0,6.0,87.46,95.82
Max Hopp,Tom Bissell,2026-04-28,Players Championship,PT,Quarter Final,3.0,6.0,90.56,101.81
Max Hopp,Darryl Pilgrim,2026-04-28,Players Championship,PT,Last 16,6.0,5.0,98.49,91.98
Max Hopp,Brendan Dolan,2026-04-28,Players Championship,PT,Last 32,6.0,3.0,96.81,93.94
Max Hopp,Niko Springer,2026-04-28,Players Championship,PT,Last 64,6.0,2.0,90.98,88.17
Max Hopp,Stephen Rosney,2026-04-28,Players Championship,PT,Last 128,6.0,5.0,92.67,95.76
Max Hopp,Kevin Doets,2026-04-27,Players Championship,PT,Last 16,1.0,6.0,87.94,103.32
Max Hopp,Luke Humphries,2026-04-27,Players Championship,PT,Last 32,6.0,5.0,92.2,99.17
Max Hopp,Dave Chisnall,2026-04-27,Players Championship,PT,Last 64,6.0,3.0,97.17,99.58
Max Hopp,Stefan Bellmont,2026-04-27,Players Championship,PT,Last 128,6.0,1.0,99.74,80.88
Max Hopp,Jeffrey de Zwaan,2026-04-15,European Tour Card Holder Qualifier,Q,Quarter Final,5.0,6.0,89.02,82.54
Ryan Joyce,Richard Veenstra,2026-04-28,Players Championship,PT,Last 128,1.0,6.0,84.46,96.08
Ryan Joyce,Gabriel Clemens,2026-04-27,Players Championship,PT,Last 128,2.0,6.0,77.57,83.45
Ryan Joyce,Luke Woodhouse,2026-04-14,Players Championship,PT,Last 32,2.0,6.0,82.26,97.41
Ryan Joyce,Darryl Pilgrim,2026-04-14,Players Championship,PT,Last 64,6.0,2.0,96.4,93.45
Ryan Joyce,Carl Sneyd,2026-04-14,Players Championship,PT,Last 128,6.0,3.0,95.7,88.73
Ryan Joyce,Jeffrey de Zwaan,2026-04-13,Players Championship,PT,Last 128,4.0,6.0,87.25,87.68
Ryan Joyce,Josh Rock,2026-04-05,European Tour,ET,Last 32,4.0,6.0,103.24,102.57
Ryan Joyce,Finn Behrens,2026-04-04,European Tour,ET,Last 48 (Premier),6.0,1.0,93.4,79.89
Ryan Joyce,Jurjen van der Velde,2026-03-31,Players Championship,PT,Last 128,2.0,6.0,100.1,107.24
Ryan Joyce,Arno Merk,2026-03-30,Players Championship,PT,Last 128,5.0,6.0,93.48,94.82
Beau Greaves,Tom Bissell,2026-04-28,Players Championship,PT,Last 16,0.0,6.0,95.93,98.02
Beau Greaves,Stefan Bellmont,2026-04-28,Players Championship,PT,Last 32,6.0,3.0,84.1,80.64
Beau Greaves,Damon Heta,2026-04-28,Players Championship,PT,Last 64,6.0,5.0,96.28,100.07
Beau Greaves,Tommy Morris,2026-04-28,Players Championship,PT,Last 128,6.0,2.0,99.1,90.54
Beau Greaves,Michael Smith,2026-04-27,Players Championship,PT,Final,8.0,7.0,96.49,97.74
Beau Greaves,Gary Anderson,2026-04-27,Players Championship,PT,Semi Final,7.0,1.0,105.56,96.11
Beau Greaves,Rob Cross,2026-04-27,Players Championship,PT,Quarter Final,6.0,5.0,102.56,105.96
Beau Greaves,Karel Sedláček,2026-04-27,Players Championship,PT,Last 16,6.0,4.0,97.13,95.98
Beau Greaves,Jeffrey Sparidaans,2026-04-27,Players Championship,PT,Last 32,6.0,2.0,97.49,84.23
Beau Greaves,Thomas Lovely,2026-04-27,Players Championship,PT,Last 64,6.0,4.0,96.42,92.84
Tom Bissell,Wessel Nijman,2026-04-28,Players Championship,PT,Semi Final,4.0,7.0,100.18,103.41
Tom Bissell,Max Hopp,2026-04-28,Players Championship,PT,Quarter Final,6.0,3.0,101.81,90.56
Tom Bissell,Beau Greaves,2026-04-28,Players Championship,PT,Last 16,6.0,0.0,98.02,95.93
Tom Bissell,Cor Dekker,2026-04-28,Players Championship,PT,Last 32,6.0,3.0,98.13,93.25
Tom Bissell,Ross Smith,2026-04-28,Players Championship,PT,Last 64,6.0,3.0,103.62,91.6
Tom Bissell,Carl Sneyd,2026-04-28,Players Championship,PT,Last 128,6.0,0.0,100.2,89.64
Tom Bissell,Krzysztof Ratajski,2026-04-27,Players Championship,PT,Last 64,4.0,6.0,94.24,98.34
Tom Bissell,Adam Lipscombe,2026-04-27,Players Championship,PT,Last 128,6.0,4.0,82.01,84.82
Tom Bissell,Jeffrey de Zwaan,2026-04-15,European Tour Card Holder Qualifier,Q,Final,6.0,4.0,101.63,101.96
Tom Bissell,Rhys Griffin,2026-04-15,European Tour Card Holder Qualifier,Q,Semi Final,6.0,1.0,88.11,83.11
Keane Barry,Alexander Merkx,2026-04-28,Players Championship,PT,Last 64,5.0,6.0,84.74,84.16
Keane Barry,Luke Humphries,2026-04-28,Players Championship,PT,Last 128,6.0,5.0,89.8,98.89
Keane Barry,Rob Owen,2026-04-27,Players Championship,PT,Last 128,3.0,6.0,88.15,89.22
Keane Barry,Josh Rock,2026-04-18,European Tour,ET,Last 32,3.0,6.0,91.67,97.98
Keane Barry,Niels Zonneveld,2026-04-17,European Tour,ET,Last 48 (Premier),6.0,3.0,95.73,96.12
Keane Barry,Shane McGuirk,2026-04-15,European Tour Card Holder Qualifier,Q,Final,6.0,3.0,91.91,96.21
Keane Barry,Adam Leek,2026-04-15,European Tour Card Holder Qualifier,Q,Semi Final,6.0,3.0,96.02,90.19
Keane Barry,Scott Williams,2026-04-15,European Tour Card Holder Qualifier,Q,Quarter Final,6.0,4.0,91.27,88.63
Keane Barry,Madars Razma,2026-04-15,European Tour Card Holder Qualifier,Q,Quarter Final,5.0,6.0,93.65,93.11
Keane Barry,Callan Rydz,2026-04-14,Players Championship,PT,Last 128,3.0,6.0,86.81,85.06
Mickey Mansell,Maik Kuivenhoven,2026-04-28,Players Championship,PT,Last 128,4.0,6.0,95.1,97.34
Mickey Mansell,Darryl Pilgrim,2026-04-27,Players Championship,PT,Last 128,2.0,6.0,89.59,95.5
Mickey Mansell,Stephen Bunting,2026-04-18,European Tour,ET,Last 32,3.0,6.0,89.72,93.02
Mickey Mansell,Rob Cross,2026-04-17,European Tour,ET,Last 48 (Premier),6.0,2.0,100.32,92.95
Mickey Mansell,Christian Kist,2026-04-15,European Tour Card Holder Qualifier,Q,Semi Final,5.0,6.0,88.26,88.82
Mickey Mansell,Darius Labanauskas,2026-04-15,European Tour Card Holder Qualifier,Q,Quarter Final,6.0,5.0,86.91,89.08
Mickey Mansell,Dimitri Van den Bergh,2026-04-15,European Tour Card Holder Qualifier,Q,Quarter Final,2.0,6.0,71.42,84.08
Mickey Mansell,Daniel Klose,2026-04-14,Players Championship,PT,Last 128,5.0,6.0,91.78,86.12
Mickey Mansell,Mike De Decker,2026-04-13,Players Championship,PT,Last 128,3.0,6.0,87.13,93.68
Mickey Mansell,Darius Labanauskas,2026-04-01,European Tour Card Holder Qualifier,Q,Final,6.0,5.0,98.72,98.85
Gabriel Clemens,Kevin Doets,2026-04-28,Players Championship,PT,Last 128,2.0,6.0,87.4,89.88
Gabriel Clemens,Callan Rydz,2026-04-27,Players Championship,PT,Last 64,5.0,6.0,91.13,86.93
Gabriel Clemens,Ryan Joyce,2026-04-27,Players Championship,PT,Last 128,6.0,2.0,83.45,77.57
Gabriel Clemens,Charlie Manby,2026-04-15,European Tour Card Holder Qualifier,Q,Quarter Final,5.0,6.0,92.84,93.37
Gabriel Clemens,Jeffrey de Zwaan,2026-04-15,European Tour Card Holder Qualifier,Q,Semi Final,5.0,6.0,89.96,86.48
Gabriel Clemens,Greg Ritchie,2026-04-15,European Tour Card Holder Qualifier,Q,Quarter Final,6.0,0.0,88.41,79.31
Gabriel Clemens,Kevin Doets,2026-04-14,Players Championship,PT,Last 16,0.0,6.0,89.27,107.36
Gabriel Clemens,David Sharp,2026-04-14,Players Championship,PT,Last 32,6.0,5.0,90.11,91.4
Gabriel Clemens,Wesley Plaisier,2026-04-14,Players Championship,PT,Last 64,6.0,0.0,96.97,79.86
Gabriel Clemens,Niall Culleton,2026-04-14,Players Championship,PT,Last 128,6.0,0.0,91.09,84.63
Shane McGuirk,Daryl Gurney,2026-04-28,Players Championship,PT,Last 128,5.0,6.0,89.64,90.74
Shane McGuirk,Luke Humphries,2026-04-27,Players Championship,PT,Last 64,4.0,6.0,91.57,103.81
Shane McGuirk,Oskar Lukasiak,2026-04-27,Players Championship,PT,Last 128,6.0,1.0,88.65,82.0
Shane McGuirk,Keane Barry,2026-04-15,European Tour Card Holder Qualifier,Q,Final,3.0,6.0,96.21,91.91
Shane McGuirk,Nick Kenny,2026-04-15,European Tour Card Holder Qualifier,Q,Semi Final,6.0,1.0,95.75,83.78
Shane McGuirk,Viktor Tingstrom,2026-04-15,European Tour Card Holder Qualifier,Q,Quarter Final,6.0,3.0,90.4,79.65
Shane McGuirk,Jeffrey de Zwaan,2026-04-15,European Tour Card Holder Qualifier,Q,Final,4.0,6.0,88.78,84.21
Shane McGuirk,Adam Leek,2026-04-15,European Tour Card Holder Qualifier,Q,Semi Final,6.0,2.0,96.03,85.47
Shane McGuirk,James Hurrell,2026-04-14,Players Championship,PT,Last 32,1.0,6.0,75.33,100.11
Ritchie Edhouse,Mario Vandenbogaerde,2026-04-28,Players Championship,PT,Last 128,4.0,6.0,88.72,96.21
Ritchie Edhouse,Jeffrey de Graaf,2026-04-27,Players Championship,PT,Last 128,1.0,6.0,104.03,106.99
Ritchie Edhouse,Owen Bates,2026-04-15,European Tour Card Holder Qualifier,Q,Semi Final,2.0,6.0,99.06,99.85
Ritchie Edhouse,David Sharp,2026-04-15,European Tour Card Holder Qualifier,Q,Quarter Final,6.0,4.0,97.14,96.56
Ritchie Edhouse,Darryl Pilgrim,2026-04-15,European Tour Card Holder Qualifier,Q,Quarter Final,4.0,6.0,88.87,88.78
Ritchie Edhouse,Tavis Dudeney,2026-04-14,Players Championship,PT,Last 128,5.0,6.0,78.39,73.6
Ritchie Edhouse,Peter Wright,2026-04-13,Players Championship,PT,Last 128,4.0,6.0,82.85,87.53
Ritchie Edhouse,Danny Noppert,2026-04-05,European Tour,ET,Last 32,5.0,6.0,96.78,99.41
Ritchie Edhouse,Kevin Troppmann,2026-04-04,European Tour,ET,Last 48 (Premier),6.0,3.0,95.27,92.73
Ritchie Edhouse,Jurjen van der Velde,2026-04-01,European Tour Card Holder Qualifier,Q,Quarter Final,4.0,6.0,88.44,92.06
Maik Kuivenhoven,Kevin Doets,2026-04-28,Players Championship,PT,Last 64,3.0,6.0,98.25,96.05
Maik Kuivenhoven,Mickey Mansell,2026-04-28,Players Championship,PT,Last 128,6.0,4.0,97.34,95.1
Maik Kuivenhoven,Luke Woodhouse,2026-04-27,Players Championship,PT,Last 128,2.0,6.0,93.9,97.05
Maik Kuivenhoven,Joe Cullen,2026-04-17,European Tour,ET,Last 48 (Premier),1.0,6.0,84.31,87.58
Maik Kuivenhoven,Kim Huybrechts,2026-04-15,European Tour Card Holder Qualifier,Q,Final,4.0,6.0,95.42,95.48
Maik Kuivenhoven,Greg Ritchie,2026-04-15,European Tour Card Holder Qualifier,Q,Semi Final,6.0,5.0,98.38,92.17
Maik Kuivenhoven,Martin Lukeman,2026-04-15,European Tour Card Holder Qualifier,Q,Quarter Final,6.0,3.0,89.94,87.35
Maik Kuivenhoven,Martin Lukeman,2026-04-15,European Tour Card Holder Qualifier,Q,Quarter Final,5.0,6.0,88.14,90.16
Maik Kuivenhoven,Raymond van Barneveld,2026-04-14,Players Championship,PT,Last 64,3.0,6.0,92.41,85.83
Maik Kuivenhoven,Yorick Hofkens,2026-04-14,Players Championship,PT,Last 128,6.0,1.0,96.08,83.63
Tom Sykes,Wessel Nijman,2026-04-28,Players Championship,PT,Last 64,5.0,6.0,91.96,96.62
Tom Sykes,Cam Crabtree,2026-04-28,Players Championship,PT,Last 128,6.0,5.0,95.2,91.83
Tom Sykes,Wessel Nijman,2026-04-27,Players Championship,PT,Last 32,2.0,6.0,94.24,113.37
Tom Sykes,Nathan Potter,2026-04-27,Players Championship,PT,Last 64,6.0,2.0,104.02,97.83
Tom Sykes,Raymond van Barneveld,2026-04-27,Players Championship,PT,Last 128,6.0,1.0,101.38,83.38
Tom Sykes,Connor Scutt,2026-04-15,European Tour Card Holder Qualifier,Q,Semi Final,4.0,6.0,92.39,90.38
Tom Sykes,Alexander Merkx,2026-04-15,European Tour Card Holder Qualifier,Q,Quarter Final,6.0,3.0,90.52,86.98
Tom Sykes,Viktor Tingstrom,2026-04-15,European Tour Card Holder Qualifier,Q,Quarter Final,3.0,6.0,91.7,92.5
Tom Sykes,Max Hopp,2026-04-14,Players Championship,PT,Last 128,3.0,6.0,93.73,91.93
Tom Sykes,Justin Hood,2026-04-13,Players Championship,PT,Quarter Final,0.0,6.0,82.25,104.86
Madars Razma,Chris Dobey,2026-04-28,Players Championship,PT,Last 64,2.0,6.0,87.95,100.14
Madars Razma,Wesley Plaisier,2026-04-28,Players Championship,PT,Last 128,6.0,4.0,91.89,88.92
Madars Razma,Gian van Veen,2026-04-27,Players Championship,PT,Last 64,5.0,6.0,96.87,94.43
Madars Razma,Maximilian Czerwinski,2026-04-27,Players Championship,PT,Last 128,6.0,2.0,93.18,91.79
Madars Razma,Damon Heta,2026-04-17,European Tour,ET,Last 48 (Premier),4.0,6.0,90.75,95.65
Madars Razma,Niall Culleton,2026-04-15,European Tour Card Holder Qualifier,Q,Final,6.0,3.0,92.66,83.01
Madars Razma,Benjamin Pratnemer,2026-04-15,European Tour Card Holder Qualifier,Q,Semi Final,6.0,5.0,102.02,99.06
Madars Razma,Ian White,2026-04-15,European Tour Card Holder Qualifier,Q,Quarter Final,6.0,2.0,96.12,85.3
Madars Razma,Sietse Lap,2026-04-15,European Tour Card Holder Qualifier,Q,Semi Final,4.0,6.0,84.23,89.53
Madars Razma,Keane Barry,2026-04-15,European Tour Card Holder Qualifier,Q,Quarter Final,6.0,5.0,93.11,93.65
Brendan Dolan,Max Hopp,2026-04-28,Players Championship,PT,Last 32,3.0,6.0,93.94,96.81
Brendan Dolan,Andrew Gilding,2026-04-28,Players Championship,PT,Last 64,6.0,5.0,91.99,92.86
Brendan Dolan,Thibault Tricole,2026-04-28,Players Championship,PT,Last 128,6.0,1.0,94.06,81.81
Brendan Dolan,Justin Hood,2026-04-27,Players Championship,PT,Last 128,1.0,6.0,87.09,106.38
Brendan Dolan,Wesley Plaisier,2026-04-15,European Tour Card Holder Qualifier,Q,Quarter Final,5.0,6.0,94.23,95.8
Brendan Dolan,Cristo Reyes,2026-04-15,European Tour Card Holder Qualifier,Q,Semi Final,1.0,6.0,90.69,93.14
Brendan Dolan,Marvin van Velzen,2026-04-15,European Tour Card Holder Qualifier,Q,Quarter Final,6.0,4.0,97.37,93.45
Brendan Dolan,Scott Waites,2026-04-14,Players Championship,PT,Last 16,4.0,6.0,88.54,89.81
Brendan Dolan,Kim Huybrechts,2026-04-14,Players Championship,PT,Last 32,6.0,3.0,96.2,91.07
Brendan Dolan,Jonny Clayton,2026-04-14,Players Championship,PT,Last 64,6.0,3.0,91.58,87.34
Christian Kist,Jurjen van der Velde,2026-04-28,Players Championship,PT,Last 64,3.0,6.0,83.54,89.76
Christian Kist,Rob Cross,2026-04-28,Players Championship,PT,Last 128,6.0,5.0,91.79,94.48
Christian Kist,Benjamin Pratnemer,2026-04-27,Players Championship,PT,Last 64,4.0,6.0,94.35,93.08
Christian Kist,Martin Schindler,2026-04-27,Players Championship,PT,Last 128,6.0,3.0,102.5,96.48
Christian Kist,Connor Scutt,2026-04-15,European Tour Card Holder Qualifier,Q,Final,5.0,6.0,87.96,86.3
Christian Kist,Mickey Mansell,2026-04-15,European Tour Card Holder Qualifier,Q,Semi Final,6.0,5.0,88.82,88.26
Christian Kist,Matthias Ehlers,2026-04-15,European Tour Card Holder Qualifier,Q,Quarter Final,6.0,5.0,85.52,78.97
Christian Kist,Darryl Pilgrim,2026-04-15,European Tour Card Holder Qualifier,Q,Semi Final,6.0,3.0,94.02,92.77
Christian Kist,Carl Sneyd,2026-04-15,European Tour Card Holder Qualifier,Q,Quarter Final,6.0,4.0,87.6,87.44
Mario Vandenbogaerde,Mike De Decker,2026-04-28,Players Championship,PT,Last 64,1.0,6.0,94.74,95.01
Mario Vandenbogaerde,Ritchie Edhouse,2026-04-28,Players Championship,PT,Last 128,6.0,4.0,96.21,88.72
Mario Vandenbogaerde,William O&#039;Connor,2026-04-27,Players Championship,PT,Last 128,3.0,6.0,94.88,105.02
Mario Vandenbogaerde,Rob Cross,2026-04-15,European Tour Card Holder Qualifier,Q,Quarter Final,4.0,6.0,89.12,87.78
Mario Vandenbogaerde,Dominik Gruellich,2026-04-15,European Tour Card Holder Qualifier,Q,Last 16,4.0,6.0,90.16,97.49
Mario Vandenbogaerde,Jack Aldridge,2026-04-14,Players Championship,PT,Last 128,4.0,6.0,91.19,89.03
Mario Vandenbogaerde,Jim Long,2026-04-13,Players Championship,PT,Last 128,1.0,6.0,90.98,99.0
Mario Vandenbogaerde,Yorick Hofkens,2026-04-01,European Tour Card Holder Qualifier,Q,Quarter Final,3.0,6.0,80.98,85.22
Mario Vandenbogaerde,Madars Razma,2026-04-01,European Tour Card Holder Qualifier,Q,Semi Final,5.0,6.0,89.98,85.3
Mario Vandenbogaerde,Tytus Kanik,2026-04-01,European Tour Card Holder Qualifier,Q,Quarter Final,6.0,2.0,88.17,85.33
Darryl Pilgrim,Max Hopp,2026-04-28,Players Championship,PT,Last 16,5.0,6.0,91.98,98.49
Darryl Pilgrim,Danny Noppert,2026-04-28,Players Championship,PT,Last 32,6.0,5.0,92.76,99.79
Darryl Pilgrim,Karel Sedláček,2026-04-28,Players Championship,PT,Last 64,6.0,3.0,91.62,90.27
Darryl Pilgrim,Adam Warner,2026-04-28,Players Championship,PT,Last 128,6.0,4.0,93.6,88.3
Darryl Pilgrim,Ross Smith,2026-04-27,Players Championship,PT,Last 64,4.0,6.0,93.06,102.19
Darryl Pilgrim,Mickey Mansell,2026-04-27,Players Championship,PT,Last 128,6.0,2.0,95.5,89.59
Darryl Pilgrim,Andy Boulton,2026-04-15,European Tour Card Holder Qualifier,Q,Quarter Final,3.0,6.0,88.29,89.9
Darryl Pilgrim,Christian Kist,2026-04-15,European Tour Card Holder Qualifier,Q,Semi Final,3.0,6.0,92.77,94.02
Darryl Pilgrim,Ritchie Edhouse,2026-04-15,European Tour Card Holder Qualifier,Q,Quarter Final,6.0,4.0,88.78,88.87
Darryl Pilgrim,Ryan Joyce,2026-04-14,Players Championship,PT,Last 64,2.0,6.0,93.45,96.4
Charlie Manby,James Wade,2026-04-28,Players Championship,PT,Last 64,5.0,6.0,93.54,92.63
Charlie Manby,Stefaan Henderyck,2026-04-28,Players Championship,PT,Last 128,6.0,1.0,86.69,81.03
Charlie Manby,Niels Zonneveld,2026-04-27,Players Championship,PT,Last 128,4.0,6.0,91.11,95.73
Charlie Manby,Dominik Gruellich,2026-04-26,Development Tour,0,Quarter Final,4.0,5.0,93.23,92.33
Charlie Manby,Ieuan Halsall,2026-04-26,Development Tour,0,Last 16,4.0,1.0,85.99,79.43
Charlie Manby,Ashton Brown,2026-04-26,Development Tour,0,Last 32,4.0,2.0,97.53,92.33
Charlie Manby,Louis Jones,2026-04-26,Development Tour,0,Last 64,4.0,1.0,92.14,75.68
Charlie Manby,Josef Howlett,2026-04-26,Development Tour,0,Last 128,4.0,0.0,101.9,80.58
Charlie Manby,Archie Self,2026-04-26,Development Tour,0,Last 256,4.0,2.0,88.87,85.63
Charlie Manby,Callum Schofield,2026-04-26,Development Tour,0,Last 512,4.0,1.0,87.85,73.89
Cam Crabtree,Tom Sykes,2026-04-28,Players Championship,PT,Last 128,5.0,6.0,91.83,95.2
Cam Crabtree,Damon Heta,2026-04-27,Players Championship,PT,Last 128,1.0,6.0,87.25,89.61
Cam Crabtree,Jurjen van der Velde,2026-04-26,Development Tour,0,Last 128,2.0,4.0,89.77,93.16
Cam Crabtree,Shaun Conway,2026-04-26,Development Tour,0,Last 256,4.0,2.0,76.94,69.59
Cam Crabtree,Ellis Hobday,2026-04-26,Development Tour,0,Last 512,4.0,0.0,88.41,46.55
Cam Crabtree,Keenan Thomas,2026-04-25,Development Tour,0,Last 32,3.0,4.0,77.71,81.82
Cam Crabtree,George Moore,2026-04-25,Development Tour,0,Last 64,4.0,1.0,85.41,78.33
Cam Crabtree,Ryan Branley,2026-04-25,Development Tour,0,Last 128,4.0,2.0,87.28,75.83
Cam Crabtree,Bradly Roes,2026-04-25,Development Tour,0,Last 256,4.0,1.0,75.09,62.91
Cam Crabtree,Sebastian Bialecki,2026-04-25,Development Tour,0,Last 256,3.0,4.0,96.03,98.17
Raymond van Barneveld,Krzysztof Ratajski,2026-04-28,Players Championship,PT,Last 128,1.0,6.0,90.39,99.26
Raymond van Barneveld,Tom Sykes,2026-04-27,Players Championship,PT,Last 128,1.0,6.0,83.38,101.38
Raymond van Barneveld,Cameron Menzies,2026-04-17,European Tour,ET,Last 48 (Premier),3.0,6.0,96.05,104.5
Raymond van Barneveld,Adam Leek,2026-04-15,European Tour Card Holder Qualifier,Q,Quarter Final,5.0,6.0,85.91,95.24
Raymond van Barneveld,Chris Dobey,2026-04-14,Players Championship,PT,Last 32,3.0,6.0,88.55,105.07
Raymond van Barneveld,Maik Kuivenhoven,2026-04-14,Players Championship,PT,Last 64,6.0,3.0,85.83,92.41
Raymond van Barneveld,Maximilian Czerwinski,2026-04-14,Players Championship,PT,Last 128,6.0,2.0,98.65,83.98
Raymond van Barneveld,Beau Greaves,2026-04-13,Players Championship,PT,Last 128,1.0,6.0,90.2,92.86
Raymond van Barneveld,Marcel Hausotter,2026-04-04,European Tour,ET,Last 48 (Premier),4.0,6.0,84.52,88.13
Raymond van Barneveld,Ian White,2026-04-01,European Tour Card Holder Qualifier,Q,Final,6.0,2.0,94.62,87.45
Scott Williams,Wessel Nijman,2026-04-28,Players Championship,PT,Last 128,2.0,6.0,89.6,99.2
Scott Williams,Jack Tweddell,2026-04-27,Players Championship,PT,Last 128,1.0,6.0,86.35,93.97
Scott Williams,Keane Barry,2026-04-15,European Tour Card Holder Qualifier,Q,Quarter Final,4.0,6.0,88.63,91.27
Scott Williams,Luke Woodhouse,2026-04-14,Players Championship,PT,Last 16,4.0,6.0,94.45,99.45
Scott Williams,Jeffrey de Zwaan,2026-04-14,Players Championship,PT,Last 32,6.0,3.0,93.22,83.87
Scott Williams,Ricardo Pietreczko,2026-04-14,Players Championship,PT,Last 64,6.0,1.0,92.33,84.51
Scott Williams,Sietse Lap,2026-04-14,Players Championship,PT,Last 128,6.0,2.0,87.63,83.04
Scott Williams,Kim Huybrechts,2026-04-13,Players Championship,PT,Last 64,5.0,6.0,93.91,94.04
Scott Williams,Jack Tweddell,2026-04-13,Players Championship,PT,Last 128,6.0,5.0,83.14,82.0
Scott Williams,Ryan Meikle,2026-04-01,European Tour Card Holder Qualifier,Q,Quarter Final,3.0,6.0,95.54,97.24
Ryan Meikle,Alexander Merkx,2026-04-28,Players Championship,PT,Last 32,3.0,6.0,88.03,91.88
Ryan Meikle,Lukas Wenig,2026-04-28,Players Championship,PT,Last 64,6.0,4.0,95.15,92.59
Ryan Meikle,Greg Ritchie,2026-04-28,Players Championship,PT,Last 128,6.0,2.0,87.28,85.84
Ryan Meikle,Thibault Tricole,2026-04-27,Players Championship,PT,Last 128,2.0,6.0,94.33,100.03
Ryan Meikle,Sebastian Bialecki,2026-04-15,European Tour Card Holder Qualifier,Q,Quarter Final,0.0,6.0,75.7,96.97
Ryan Meikle,James Hurrell,2026-04-15,European Tour Card Holder Qualifier,Q,Semi Final,2.0,6.0,76.91,87.29
Ryan Meikle,Filip Bereza,2026-04-15,European Tour Card Holder Qualifier,Q,Quarter Final,6.0,4.0,86.48,83.64
Ryan Meikle,Karel Sedláček,2026-04-14,Players Championship,PT,Last 128,4.0,6.0,81.99,99.61
Ryan Meikle,Justin Hood,2026-04-13,Players Championship,PT,Last 128,2.0,6.0,87.47,97.39
Ryan Meikle,Keane Barry,2026-04-01,European Tour Card Holder Qualifier,Q,Semi Final,5.0,6.0,88.19,92.11
Sebastian Bialecki,Wessel Nijman,2026-04-28,Players Championship,PT,Last 32,3.0,6.0,90.81,99.95
Sebastian Bialecki,Cristo Reyes,2026-04-28,Players Championship,PT,Last 64,6.0,1.0,96.76,93.09
Sebastian Bialecki,Tytus Kanik,2026-04-28,Players Championship,PT,Last 128,6.0,3.0,101.98,94.17
Sebastian Bialecki,Michael Smith,2026-04-27,Players Championship,PT,Last 64,5.0,6.0,92.44,94.24
Sebastian Bialecki,Yorick Hofkens,2026-04-27,Players Championship,PT,Last 128,6.0,4.0,97.18,95.51
Sebastian Bialecki,Dominik Gruellich,2026-04-26,Development Tour,0,Final,5.0,4.0,90.46,85.19
Sebastian Bialecki,Lewis Cook,2026-04-26,Development Tour,0,Semi Final,5.0,3.0,94.91,90.92
Sebastian Bialecki,Kai Clark,2026-04-26,Development Tour,0,Quarter Final,5.0,2.0,86.12,78.6
Sebastian Bialecki,Finn Behrens,2026-04-26,Development Tour,0,Last 16,4.0,0.0,105.47,88.05
Sebastian Bialecki,Jenson Walker,2026-04-26,Development Tour,0,Last 32,4.0,2.0,96.32,95.16
Stephen Burton,Stephen Bunting,2026-04-28,Players Championship,PT,Last 128,4.0,6.0,96.63,101.06
Stephen Burton,Kevin Doets,2026-04-27,Players Championship,PT,Last 128,2.0,6.0,91.36,101.69
Stephen Burton,Jimmy van Schie,2026-04-15,European Tour Card Holder Qualifier,Q,Quarter Final,4.0,6.0,85.43,87.71
Stephen Burton,Lukas Wenig,2026-04-15,European Tour Card Holder Qualifier,Q,Final,4.0,6.0,93.3,94.8
Stephen Burton,Ricardo Pietreczko,2026-04-15,European Tour Card Holder Qualifier,Q,Semi Final,6.0,4.0,92.04,85.44
Stephen Burton,Darius Labanauskas,2026-04-15,European Tour Card Holder Qualifier,Q,Quarter Final,6.0,2.0,94.06,90.17
Stephen Burton,James Hurrell,2026-04-14,Players Championship,PT,Last 64,3.0,6.0,88.98,105.95
Stephen Burton,Tommy Morris,2026-04-14,Players Championship,PT,Last 128,6.0,0.0,87.55,86.52
Stephen Burton,Dimitri Van den Bergh,2026-04-13,Players Championship,PT,Last 128,5.0,6.0,88.2,88.69
Stephen Burton,Dirk van Duijvenbode,2026-04-04,European Tour,ET,Last 48 (Premier),2.0,6.0,83.55,91.15
Adam Lipscombe,Cor Dekker,2026-04-28,Players Championship,PT,Last 128,4.0,6.0,93.2,93.08
Adam Lipscombe,Tom Bissell,2026-04-27,Players Championship,PT,Last 128,4.0,6.0,84.82,82.01
Adam Lipscombe,Jurjen van der Velde,2026-04-15,European Tour Card Holder Qualifier,Q,Quarter Final,0.0,6.0,80.2,93.94
Adam Lipscombe,Lukas Wenig,2026-04-15,European Tour Card Holder Qualifier,Q,Semi Final,3.0,6.0,79.98,84.31
Adam Lipscombe,Charlie Manby,2026-04-15,European Tour Card Holder Qualifier,Q,Quarter Final,6.0,3.0,93.24,92.23
Adam Lipscombe,Cameron Menzies,2026-04-14,Players Championship,PT,Last 32,4.0,6.0,89.54,97.6
Adam Lipscombe,Jermaine Wattimena,2026-04-14,Players Championship,PT,Last 64,6.0,4.0,94.1,87.46
Adam Lipscombe,Matthias Ehlers,2026-04-14,Players Championship,PT,Last 128,6.0,1.0,92.04,80.68
Adam Lipscombe,Cameron Menzies,2026-04-13,Players Championship,PT,Last 64,4.0,6.0,90.63,94.71
Adam Lipscombe,Jeffrey de Graaf,2026-04-13,Players Championship,PT,Last 128,6.0,2.0,86.31,88.79
Ricardo Pietreczko,Ryan Searle,2026-04-28,Players Championship,PT,Last 128,4.0,6.0,84.66,95.73
Ricardo Pietreczko,Jermaine Wattimena,2026-04-27,Players Championship,PT,Last 64,1.0,6.0,86.49,95.42
Ricardo Pietreczko,Tytus Kanik,2026-04-27,Players Championship,PT,Last 128,6.0,4.0,82.54,81.14
Ricardo Pietreczko,Stephen Burton,2026-04-15,European Tour Card Holder Qualifier,Q,Semi Final,4.0,6.0,85.44,92.04
Ricardo Pietreczko,Adam Paxton,2026-04-15,European Tour Card Holder Qualifier,Q,Quarter Final,6.0,2.0,83.4,76.18
Ricardo Pietreczko,Scott Williams,2026-04-14,Players Championship,PT,Last 64,1.0,6.0,84.51,92.33
Ricardo Pietreczko,Mensur Suljović,2026-04-14,Players Championship,PT,Last 128,6.0,0.0,93.94,84.13
Ricardo Pietreczko,Richard Veenstra,2026-04-13,Players Championship,PT,Last 128,1.0,6.0,85.58,89.46
Ricardo Pietreczko,Nathan Aspinall,2026-04-05,European Tour,ET,Last 32,5.0,6.0,91.31,99.5
Ricardo Pietreczko,Ian White,2026-04-04,European Tour,ET,Last 48 (Premier),6.0,5.0,79.19,83.98
Chris Landman,Chris Dobey,2026-04-28,Players Championship,PT,Last 16,1.0,6.0,82.96,99.29
Chris Landman,Andy Boulton,2026-04-28,Players Championship,PT,Last 32,6.0,2.0,79.98,82.76
Chris Landman,Martin Lukeman,2026-04-28,Players Championship,PT,Last 64,6.0,5.0,90.74,85.05
Chris Landman,Derek Coulson,2026-04-28,Players Championship,PT,Last 128,6.0,1.0,92.97,88.82
Chris Landman,Nathan Potter,2026-04-27,Players Championship,PT,Last 128,4.0,6.0,88.34,97.76
Chris Landman,Rob Cross,2026-04-15,European Tour Card Holder Qualifier,Q,Final,6.0,5.0,94.91,100.08
Chris Landman,Jimmy van Schie,2026-04-15,European Tour Card Holder Qualifier,Q,Semi Final,6.0,3.0,100.31,92.66
Chris Landman,Maximilian Czerwinski,2026-04-15,European Tour Card Holder Qualifier,Q,Quarter Final,6.0,5.0,85.24,84.29
Chris Landman,Jeffrey de Graaf,2026-04-15,European Tour Card Holder Qualifier,Q,Quarter Final,5.0,6.0,88.32,99.97
Chris Landman,Mervyn King,2026-04-14,Players Championship,PT,Last 128,4.0,6.0,91.38,95.84
Ian White,Rusty-Jake Rodriguez,2026-04-28,Players Championship,PT,Last 128,4.0,6.0,87.04,89.17
Ian White,Kevin Doets,2026-04-27,Players Championship,PT,Last 64,2.0,6.0,85.03,89.43
Ian White,Adam Warner,2026-04-27,Players Championship,PT,Last 128,6.0,5.0,89.59,86.81
Ian White,Wessel Nijman,2026-04-17,European Tour,ET,Last 48 (Premier),2.0,6.0,95.36,98.35
Ian White,Madars Razma,2026-04-15,European Tour Card Holder Qualifier,Q,Quarter Final,2.0,6.0,85.3,96.12
Ian White,Dennie Olde Kalter,2026-04-15,European Tour Card Holder Qualifier,Q,Final,6.0,2.0,84.51,86.54
Ian White,Cam Crabtree,2026-04-15,European Tour Card Holder Qualifier,Q,Semi Final,6.0,3.0,97.73,94.76
Ian White,Dominik Gruellich,2026-04-15,European Tour Card Holder Qualifier,Q,Quarter Final,6.0,5.0,85.14,88.73
Ian White,Madars Razma,2026-04-14,Players Championship,PT,Last 128,3.0,6.0,87.41,89.26
Ian White,Krzysztof Ratajski,2026-04-13,Players Championship,PT,Last 32,4.0,6.0,88.13,97.4
Jeffrey de Zwaan,Mike De Decker,2026-04-28,Players Championship,PT,Last 128,3.0,6.0,93.99,94.68
Jeffrey de Zwaan,Wessel Nijman,2026-04-27,Players Championship,PT,Last 128,3.0,6.0,96.92,98.67
Jeffrey de Zwaan,Nathan Aspinall,2026-04-18,European Tour,ET,Last 32,1.0,6.0,84.35,92.01
Jeffrey de Zwaan,Peter Wright,2026-04-17,European Tour,ET,Last 48 (Premier),6.0,3.0,91.54,86.89
Jeffrey de Zwaan,Tom Bissell,2026-04-15,European Tour Card Holder Qualifier,Q,Final,4.0,6.0,101.96,101.63
Jeffrey de Zwaan,Filip Bereza,2026-04-15,European Tour Card Holder Qualifier,Q,Semi Final,6.0,5.0,79.7,80.45
Jeffrey de Zwaan,Max Hopp,2026-04-15,European Tour Card Holder Qualifier,Q,Quarter Final,6.0,5.0,82.54,89.02
Jeffrey de Zwaan,Shane McGuirk,2026-04-15,European Tour Card Holder Qualifier,Q,Final,6.0,4.0,84.21,88.78
Jeffrey de Zwaan,Tytus Kanik,2026-04-15,European Tour Card Holder Qualifier,Q,Quarter Final,6.0,1.0,91.57,72.14
Jimmy van Schie,Kevin Doets,2026-04-28,Players Championship,PT,Last 32,3.0,6.0,94.11,97.95
Jimmy van Schie,Rusty-Jake Rodriguez,2026-04-28,Players Championship,PT,Last 64,6.0,3.0,94.85,83.69
Jimmy van Schie,Dirk van Duijvenbode,2026-04-28,Players Championship,PT,Last 128,6.0,4.0,96.13,94.23
Jimmy van Schie,Gary Anderson,2026-04-27,Players Championship,PT,Last 128,4.0,6.0,94.11,98.29
Jimmy van Schie,Chris Landman,2026-04-15,European Tour Card Holder Qualifier,Q,Semi Final,3.0,6.0,92.66,100.31
Jimmy van Schie,Stephen Burton,2026-04-15,European Tour Card Holder Qualifier,Q,Quarter Final,6.0,4.0,87.71,85.43
Jimmy van Schie,Richard Veenstra,2026-04-15,European Tour Card Holder Qualifier,Q,Final,6.0,3.0,96.67,86.82
Jimmy van Schie,Adam Gawlas,2026-04-15,European Tour Card Holder Qualifier,Q,Semi Final,6.0,4.0,85.36,87.46
Jimmy van Schie,Mensur Suljović,2026-04-15,European Tour Card Holder Qualifier,Q,Quarter Final,6.0,5.0,90.44,88.53
Jimmy van Schie,Shane McGuirk,2026-04-14,Players Championship,PT,Last 64,3.0,6.0,82.36,91.72
Alexander Merkx,Gary Anderson,2026-04-28,Players Championship,PT,Last 16,3.0,6.0,88.17,98.33
Alexander Merkx,Ryan Meikle,2026-04-28,Players Championship,PT,Last 32,6.0,3.0,91.88,88.03
Alexander Merkx,Keane Barry,2026-04-28,Players Championship,PT,Last 64,6.0,5.0,84.16,84.74
Alexander Merkx,Callan Rydz,2026-04-28,Players Championship,PT,Last 128,6.0,3.0,86.05,76.42
Alexander Merkx,Gary Anderson,2026-04-27,Players Championship,PT,Last 16,1.0,6.0,94.94,110.55
Alexander Merkx,James Wade,2026-04-27,Players Championship,PT,Last 32,6.0,4.0,104.55,98.03
Alexander Merkx,Lukas Wenig,2026-04-27,Players Championship,PT,Last 64,6.0,2.0,98.4,87.88
Alexander Merkx,Cameron Menzies,2026-04-27,Players Championship,PT,Last 128,6.0,5.0,95.69,88.2
Alexander Merkx,Tom Sykes,2026-04-15,European Tour Card Holder Qualifier,Q,Quarter Final,3.0,6.0,86.98,90.52
Alexander Merkx,Sietse Lap,2026-04-15,European Tour Card Holder Qualifier,Q,Quarter Final,5.0,6.0,90.44,96.58
Dennie Olde Kalter,Darius Labanauskas,2026-04-28,Players Championship,PT,Last 128,0.0,6.0,86.13,94.93
Dennie Olde Kalter,Ross Smith,2026-04-27,Players Championship,PT,Last 32,5.0,6.0,95.87,97.61
Dennie Olde Kalter,Tyler Thorpe,2026-04-27,Players Championship,PT,Last 64,6.0,2.0,95.88,89.5
Dennie Olde Kalter,Kim Huybrechts,2026-04-27,Players Championship,PT,Last 128,6.0,3.0,91.15,95.58
Dennie Olde Kalter,Thomas Lovely,2026-04-15,European Tour Card Holder Qualifier,Q,Quarter Final,1.0,6.0,89.14,92.5
Dennie Olde Kalter,Ian White,2026-04-15,European Tour Card Holder Qualifier,Q,Final,2.0,6.0,86.54,84.51
Dennie Olde Kalter,Martin Lukeman,2026-04-15,European Tour Card Holder Qualifier,Q,Semi Final,6.0,2.0,88.11,75.78
Dennie Olde Kalter,Stephen Rosney,2026-04-15,European Tour Card Holder Qualifier,Q,Quarter Final,6.0,4.0,95.98,87.79
Dennie Olde Kalter,Beau Greaves,2026-04-14,Players Championship,PT,Last 64,4.0,6.0,83.31,89.27
Dennie Olde Kalter,Adam Warner,2026-04-14,Players Championship,PT,Last 128,6.0,1.0,89.51,83.61
Darius Labanauskas,Daryl Gurney,2026-04-28,Players Championship,PT,Last 64,2.0,6.0,92.54,98.8
Darius Labanauskas,Dennie Olde Kalter,2026-04-28,Players Championship,PT,Last 128,6.0,0.0,94.93,86.13
Darius Labanauskas,Peter Wright,2026-04-27,Players Championship,PT,Last 128,4.0,6.0,85.58,85.5
Darius Labanauskas,Johan Engstrom,2026-04-26,Nordic Baltic Tour,0,Last 32,4.0,6.0,88.33,85.01
Darius Labanauskas,Andreas Toft Jorgensen,2026-04-25,Nordic Baltic Tour,0,Final,6.0,5.0,88.4,85.66
Darius Labanauskas,Viktor Tingstrom,2026-04-25,Nordic Baltic Tour,0,Semi Final,6.0,3.0,95.22,84.0
Darius Labanauskas,Jani Haavisto,2026-04-25,Nordic Baltic Tour,0,Quarter Final,6.0,3.0,85.25,81.68
Darius Labanauskas,Valters Melderis,2026-04-25,Nordic Baltic Tour,0,Last 16,6.0,0.0,92.97,84.26
Darius Labanauskas,Petri Rasmus,2026-04-25,Nordic Baltic Tour,0,Last 32,6.0,4.0,86.32,84.27
Darius Labanauskas,Olaf Siigur,2026-04-25,Nordic Baltic Tour,0,Last 64,6.0,2.0,92.35,72.79
Thibault Tricole,Brendan Dolan,2026-04-28,Players Championship,PT,Last 128,1.0,6.0,81.81,94.06
Thibault Tricole,James Wade,2026-04-27,Players Championship,PT,Last 64,2.0,6.0,81.47,87.35
Thibault Tricole,Ryan Meikle,2026-04-27,Players Championship,PT,Last 128,6.0,2.0,100.03,94.33
Thibault Tricole,Jeffrey Sparidaans,2026-04-15,European Tour Card Holder Qualifier,Q,Quarter Final,3.0,6.0,79.81,82.7
Thibault Tricole,Richard Veenstra,2026-04-15,European Tour Card Holder Qualifier,Q,Semi Final,4.0,6.0,88.5,95.33
Thibault Tricole,Thomas Lovely,2026-04-15,European Tour Card Holder Qualifier,Q,Quarter Final,6.0,2.0,90.05,80.56
Thibault Tricole,Chris Dobey,2026-04-14,Players Championship,PT,Last 128,2.0,6.0,96.55,102.37
Thibault Tricole,Cameron Menzies,2026-04-13,Players Championship,PT,Last 128,2.0,6.0,91.82,96.26
Thibault Tricole,Richard Veenstra,2026-04-01,European Tour Card Holder Qualifier,Q,Quarter Final,5.0,6.0,90.05,95.43
Thibault Tricole,James Hurrell,2026-04-01,European Tour Card Holder Qualifier,Q,Semi Final,4.0,6.0,84.38,92.74
Peter Wright,Maximilian Czerwinski,2026-04-28,Players Championship,PT,Last 128,3.0,6.0,83.74,92.74
Peter Wright,Chris Dobey,2026-04-27,Players Championship,PT,Last 64,2.0,6.0,87.16,87.68
Peter Wright,Darius Labanauskas,2026-04-27,Players Championship,PT,Last 128,6.0,4.0,85.5,85.58
Peter Wright,Jeffrey de Zwaan,2026-04-17,European Tour,ET,Last 48 (Premier),3.0,6.0,86.89,91.54
Peter Wright,Kevin Doets,2026-04-14,Players Championship,PT,Last 64,4.0,6.0,90.84,102.59
Peter Wright,Stefan Bellmont,2026-04-14,Players Championship,PT,Last 128,6.0,5.0,89.81,82.69
Peter Wright,Richard Veenstra,2026-04-13,Players Championship,PT,Last 32,1.0,6.0,77.86,89.97
Peter Wright,Alexander Merkx,2026-04-13,Players Championship,PT,Last 64,6.0,5.0,91.12,92.59
Peter Wright,Ritchie Edhouse,2026-04-13,Players Championship,PT,Last 128,6.0,4.0,87.53,82.85
Peter Wright,Kim Huybrechts,2026-04-04,European Tour,ET,Last 48 (Premier),3.0,6.0,85.01,93.46
Mervyn King,Krzysztof Ratajski,2026-04-28,Players Championship,PT,Last 64,5.0,6.0,94.78,98.38
Mervyn King,Filip Bereza,2026-04-28,Players Championship,PT,Last 128,6.0,3.0,85.4,81.7
Mervyn King,Jermaine Wattimena,2026-04-27,Players Championship,PT,Last 128,2.0,6.0,88.68,107.64
Mervyn King,Sam Price,2026-04-15,European Tour Card Holder Qualifier,Q,Last 16,5.0,6.0,91.25,86.86
Mervyn King,Alan Soutar,2026-04-15,European Tour Card Holder Qualifier,Q,Quarter Final,5.0,6.0,90.6,95.79
Mervyn King,Luke Woodhouse,2026-04-14,Players Championship,PT,Last 64,1.0,6.0,89.51,98.68
Mervyn King,Chris Landman,2026-04-14,Players Championship,PT,Last 128,6.0,4.0,95.84,91.38
Mervyn King,Ian White,2026-04-13,Players Championship,PT,Last 128,2.0,6.0,81.09,79.17
Mervyn King,Tom Bissell,2026-04-01,European Tour Card Holder Qualifier,Q,Quarter Final,3.0,6.0,86.9,89.47
Mervyn King,Nick Kenny,2026-04-01,European Tour Card Holder Qualifier,Q,Final,3.0,6.0,86.74,87.06
Cor Dekker,Tom Bissell,2026-04-28,Players Championship,PT,Last 32,3.0,6.0,93.25,98.13
Cor Dekker,Kim Huybrechts,2026-04-28,Players Championship,PT,Last 64,6.0,5.0,85.17,88.03
Cor Dekker,Adam Lipscombe,2026-04-28,Players Championship,PT,Last 128,6.0,4.0,93.08,93.2
Cor Dekker,Chris Dobey,2026-04-27,Players Championship,PT,Last 128,1.0,6.0,91.8,97.1
Cor Dekker,Mio Varila,2026-04-26,Nordic Baltic Tour,0,Final,3.0,6.0,88.14,83.6
Cor Dekker,Viktor Tingstrom,2026-04-26,Nordic Baltic Tour,0,Semi Final,6.0,5.0,87.74,87.22
Cor Dekker,Andreas Toft Jorgensen,2026-04-26,Nordic Baltic Tour,0,Quarter Final,6.0,1.0,85.44,73.49
Cor Dekker,Jonas Graversen,2026-04-26,Nordic Baltic Tour,0,Last 16,6.0,2.0,93.14,81.15
Cor Dekker,Par Riihonen,2026-04-26,Nordic Baltic Tour,0,Last 32,6.0,2.0,84.78,83.45
Cor Dekker,Andreas Toft Jorgensen,2026-04-25,Nordic Baltic Tour,0,Last 32,5.0,6.0,86.92,83.68
Benjamin Pratnemer,Danny Noppert,2026-04-28,Players Championship,PT,Last 64,3.0,6.0,92.16,97.48
Benjamin Pratnemer,Adam Leek,2026-04-28,Players Championship,PT,Last 128,6.0,3.0,84.83,78.74
Benjamin Pratnemer,Joe Hunt,2026-04-27,Players Championship,PT,Last 32,5.0,6.0,87.02,83.49
Benjamin Pratnemer,Christian Kist,2026-04-27,Players Championship,PT,Last 64,6.0,4.0,93.08,94.35
Benjamin Pratnemer,Richard Veenstra,2026-04-27,Players Championship,PT,Last 128,6.0,3.0,97.74,90.38
Benjamin Pratnemer,Madars Razma,2026-04-15,European Tour Card Holder Qualifier,Q,Semi Final,5.0,6.0,99.06,102.02
Benjamin Pratnemer,Dominik Gruellich,2026-04-15,European Tour Card Holder Qualifier,Q,Quarter Final,6.0,5.0,93.82,90.11
Benjamin Pratnemer,Rob Cross,2026-04-15,European Tour Card Holder Qualifier,Q,Quarter Final,3.0,6.0,93.12,101.82
Benjamin Pratnemer,Jeffrey Sparidaans,2026-04-14,Players Championship,PT,Last 128,3.0,6.0,86.76,88.85
Benjamin Pratnemer,Jim Long,2026-04-13,Players Championship,PT,Last 64,2.0,6.0,86.07,90.0
Stephen Rosney,Max Hopp,2026-04-28,Players Championship,PT,Last 128,5.0,6.0,95.76,92.67
Stephen Rosney,Dirk van Duijvenbode,2026-04-27,Players Championship,PT,Last 64,4.0,6.0,88.69,94.73
Stephen Rosney,James Hurrell,2026-04-27,Players Championship,PT,Last 128,6.0,5.0,91.93,95.23
Stephen Rosney,Jeffrey de Graaf,2026-04-15,European Tour Card Holder Qualifier,Q,Quarter Final,5.0,6.0,94.63,91.85
Stephen Rosney,Dennie Olde Kalter,2026-04-15,European Tour Card Holder Qualifier,Q,Quarter Final,4.0,6.0,87.79,95.98
Stephen Rosney,Kim Huybrechts,2026-04-14,Players Championship,PT,Last 128,4.0,6.0,90.83,104.43
Stephen Rosney,Sietse Lap,2026-04-13,Players Championship,PT,Last 128,4.0,6.0,87.37,87.14
Stephen Rosney,Jeffrey de Zwaan,2026-04-01,European Tour Card Holder Qualifier,Q,Quarter Final,3.0,6.0,86.47,100.17
Stephen Rosney,Adam Lipscombe,2026-03-31,Players Championship,PT,Last 128,5.0,6.0,91.37,94.01
Andy Boulton,Chris Landman,2026-04-28,Players Championship,PT,Last 32,2.0,6.0,82.76,79.98
Andy Boulton,Alan Soutar,2026-04-28,Players Championship,PT,Last 64,6.0,1.0,98.24,99.27
Andy Boulton,Martin Schindler,2026-04-28,Players Championship,PT,Last 128,6.0,5.0,88.53,86.58
Andy Boulton,Alan Soutar,2026-04-27,Players Championship,PT,Last 128,5.0,6.0,89.0,91.36
Andy Boulton,Cristo Reyes,2026-04-15,European Tour Card Holder Qualifier,Q,Final,5.0,6.0,79.44,85.28
Andy Boulton,Wesley Plaisier,2026-04-15,European Tour Card Holder Qualifier,Q,Semi Final,6.0,1.0,89.12,86.7
Andy Boulton,Darryl Pilgrim,2026-04-15,European Tour Card Holder Qualifier,Q,Quarter Final,6.0,3.0,89.9,88.29
Andy Boulton,Justin Hood,2026-04-15,European Tour Card Holder Qualifier,Q,Semi Final,1.0,6.0,92.01,98.01
Andy Boulton,Kim Huybrechts,2026-04-15,European Tour Card Holder Qualifier,Q,Quarter Final,6.0,4.0,84.4,78.51
Andy Boulton,Jeffrey de Zwaan,2026-04-14,Players Championship,PT,Last 128,3.0,6.0,88.05,92.24
Martin Lukeman,Chris Landman,2026-04-28,Players Championship,PT,Last 64,5.0,6.0,85.05,90.74
Martin Lukeman,Niels Zonneveld,2026-04-28,Players Championship,PT,Last 128,6.0,5.0,83.65,89.4
Martin Lukeman,Lukas Wenig,2026-04-27,Players Championship,PT,Last 128,0.0,6.0,82.09,90.18
Martin Lukeman,Maik Kuivenhoven,2026-04-15,European Tour Card Holder Qualifier,Q,Quarter Final,3.0,6.0,87.35,89.94
Martin Lukeman,Dennie Olde Kalter,2026-04-15,European Tour Card Holder Qualifier,Q,Semi Final,2.0,6.0,75.78,88.11
Martin Lukeman,Maik Kuivenhoven,2026-04-15,European Tour Card Holder Qualifier,Q,Quarter Final,6.0,5.0,90.16,88.14
Martin Lukeman,Wessel Nijman,2026-04-14,Players Championship,PT,Last 128,4.0,6.0,86.76,94.95
Martin Lukeman,Owen Bates,2026-04-13,Players Championship,PT,Last 128,5.0,6.0,91.77,97.01
Martin Lukeman,Oskar Lukasiak,2026-04-01,European Tour Card Holder Qualifier,Q,Semi Final,3.0,6.0,84.94,90.86
Martin Lukeman,Rusty-Jake Rodriguez,2026-04-01,European Tour Card Holder Qualifier,Q,Quarter Final,6.0,2.0,86.08,81.67
David Sharp,Tommy Lishman,2026-04-28,Players Championship,PT,Last 128,3.0,6.0,93.95,91.1
David Sharp,Martijn Dragt,2026-04-27,Players Championship,PT,Last 128,3.0,6.0,82.7,82.04
David Sharp,Ritchie Edhouse,2026-04-15,European Tour Card Holder Qualifier,Q,Quarter Final,4.0,6.0,96.56,97.14
David Sharp,Lukas Wenig,2026-04-15,European Tour Card Holder Qualifier,Q,Quarter Final,5.0,6.0,88.17,89.58
David Sharp,Gabriel Clemens,2026-04-14,Players Championship,PT,Last 32,5.0,6.0,91.4,90.11
David Sharp,Alexander Merkx,2026-04-14,Players Championship,PT,Last 64,6.0,5.0,88.77,90.62
David Sharp,Michael Smith,2026-04-14,Players Championship,PT,Last 128,6.0,2.0,91.07,81.36
David Sharp,James Wade,2026-04-13,Players Championship,PT,Last 128,3.0,6.0,103.68,102.05
David Sharp,Benjamin Pratnemer,2026-04-01,European Tour Card Holder Qualifier,Q,Semi Final,0.0,6.0,75.55,92.97
David Sharp,Dominik Gruellich,2026-04-01,European Tour Card Holder Qualifier,Q,Quarter Final,6.0,5.0,95.8,86.8
Owen Bates,Ross Smith,2026-04-28,Players Championship,PT,Last 128,0.0,6.0,79.07,101.33
Owen Bates,Karel Sedláček,2026-04-27,Players Championship,PT,Last 64,4.0,6.0,93.5,92.5
Owen Bates,Viktor Tingstrom,2026-04-27,Players Championship,PT,Last 128,6.0,5.0,90.16,92.27
Owen Bates,Jamai van den Herik,2026-04-26,Development Tour,0,Last 128,3.0,4.0,89.89,87.08
Owen Bates,Emile Hendryks,2026-04-26,Development Tour,0,Last 256,4.0,2.0,78.49,68.27
Owen Bates,Ashley Cran,2026-04-26,Development Tour,0,Last 512,4.0,1.0,97.58,70.16
Owen Bates,Jack Drayton,2026-04-25,Development Tour,0,Semi Final,4.0,5.0,87.84,91.07
Owen Bates,Ashton Brown,2026-04-25,Development Tour,0,Quarter Final,5.0,3.0,89.07,81.33
Owen Bates,Charlie Stocks,2026-04-25,Development Tour,0,Last 16,4.0,1.0,93.19,76.41
Owen Bates,Johnny Stewart,2026-04-25,Development Tour,0,Last 32,4.0,3.0,79.67,75.21
Nick Kenny,Marvin van Velzen,2026-04-28,Players Championship,PT,Last 64,5.0,6.0,81.27,87.64
Nick Kenny,Joe Cullen,2026-04-28,Players Championship,PT,Last 128,6.0,5.0,87.26,85.96
Nick Kenny,Mensur Suljović,2026-04-27,Players Championship,PT,Last 128,1.0,6.0,87.53,100.7
Nick Kenny,Shane McGuirk,2026-04-15,European Tour Card Holder Qualifier,Q,Semi Final,1.0,6.0,83.78,95.75
Nick Kenny,Adam Warner,2026-04-15,European Tour Card Holder Qualifier,Q,Quarter Final,6.0,4.0,83.0,81.34
Nick Kenny,Shane McGuirk,2026-04-15,European Tour Card Holder Qualifier,Q,Quarter Final,3.0,6.0,90.11,95.45
Nick Kenny,Chris Dobey,2026-04-14,Players Championship,PT,Last 64,4.0,6.0,83.66,91.72
Nick Kenny,Cristo Reyes,2026-04-14,Players Championship,PT,Last 128,6.0,4.0,90.88,86.4
Nick Kenny,Thomas Lovely,2026-04-13,Players Championship,PT,Last 64,5.0,6.0,82.52,81.55
Nick Kenny,Maik Kuivenhoven,2026-04-13,Players Championship,PT,Last 128,6.0,5.0,96.83,100.92
Tyler Thorpe,Justin Hood,2026-04-28,Players Championship,PT,Last 128,0.0,6.0,95.64,101.33
Tyler Thorpe,Dennie Olde Kalter,2026-04-27,Players Championship,PT,Last 64,2.0,6.0,89.5,95.88
Tyler Thorpe,Dominik Gruellich,2026-04-27,Players Championship,PT,Last 128,6.0,4.0,88.67,85.08
Tyler Thorpe,Jamie McKinnon,2026-04-26,Development Tour,0,Last 128,3.0,4.0,78.36,85.64
Tyler Thorpe,Oliver Sheargold,2026-04-26,Development Tour,0,Last 256,4.0,3.0,86.38,77.23
Tyler Thorpe,James Beeton,2026-04-25,Development Tour,0,Last 256,1.0,4.0,84.65,88.84
Tyler Thorpe,Wess van den Brand,2026-04-25,Development Tour,0,Last 512,4.0,1.0,74.7,67.89
Tyler Thorpe,Ellis Mark,2026-04-25,Development Tour,0,Last 64,3.0,4.0,80.59,81.12
Tyler Thorpe,Kane Price,2026-04-25,Development Tour,0,Last 128,4.0,3.0,73.96,69.74
Tyler Thorpe,Daniel Stephenson,2026-04-25,Development Tour,0,Last 256,4.0,2.0,82.26,76.36
Jurjen van der Velde,Chris Dobey,2026-04-28,Players Championship,PT,Last 32,3.0,6.0,84.64,93.08
Jurjen van der Velde,Christian Kist,2026-04-28,Players Championship,PT,Last 64,6.0,3.0,89.76,83.54
Jurjen van der Velde,James Hurrell,2026-04-28,Players Championship,PT,Last 128,6.0,5.0,82.26,80.09
Jurjen van der Velde,Danny Noppert,2026-04-27,Players Championship,PT,Last 64,1.0,6.0,84.59,101.16
Jurjen van der Velde,Greg Ritchie,2026-04-27,Players Championship,PT,Last 128,6.0,3.0,88.56,85.2
Jurjen van der Velde,Ashley Marson,2026-04-26,Development Tour,0,Last 64,1.0,4.0,78.78,79.21
Jurjen van der Velde,Cam Crabtree,2026-04-26,Development Tour,0,Last 128,4.0,2.0,93.16,89.77
Jurjen van der Velde,Leo Howard,2026-04-26,Development Tour,0,Last 256,4.0,1.0,86.69,71.06
Jurjen van der Velde,Rebecca Allen,2026-04-26,Development Tour,0,Last 512,4.0,0.0,78.08,59.63
Jurjen van der Velde,Sebastian Bialecki,2026-04-25,Development Tour,0,Last 32,3.0,4.0,93.9,88.84
Dominik Gruellich,Luke Woodhouse,2026-04-28,Players Championship,PT,Last 128,1.0,6.0,85.74,97.77
Dominik Gruellich,Tyler Thorpe,2026-04-27,Players Championship,PT,Last 128,4.0,6.0,85.08,88.67
Dominik Gruellich,Sebastian Bialecki,2026-04-26,Development Tour,0,Final,4.0,5.0,85.19,90.46
Dominik Gruellich,Dylan Slevin,2026-04-26,Development Tour,0,Semi Final,5.0,1.0,89.88,80.16
Dominik Gruellich,Charlie Manby,2026-04-26,Development Tour,0,Quarter Final,5.0,4.0,92.33,93.23
Dominik Gruellich,Nathan Gill,2026-04-26,Development Tour,0,Last 16,4.0,2.0,83.09,66.35
Dominik Gruellich,Thomas Banks,2026-04-26,Development Tour,0,Last 32,4.0,3.0,88.49,87.72
Dominik Gruellich,Kian Ashworth,2026-04-26,Development Tour,0,Last 64,4.0,0.0,63.96,50.3
Dominik Gruellich,Mason Teese,2026-04-26,Development Tour,0,Last 128,4.0,3.0,83.07,78.79
Dominik Gruellich,Ben Foster,2026-04-26,Development Tour,0,Last 256,4.0,0.0,81.24,63.5
Greg Ritchie,Ryan Meikle,2026-04-28,Players Championship,PT,Last 128,2.0,6.0,85.84,87.28
Greg Ritchie,Jurjen van der Velde,2026-04-27,Players Championship,PT,Last 128,3.0,6.0,85.2,88.56
Greg Ritchie,Maik Kuivenhoven,2026-04-15,European Tour Card Holder Qualifier,Q,Semi Final,5.0,6.0,92.17,98.38
Greg Ritchie,Adam Paxton,2026-04-15,European Tour Card Holder Qualifier,Q,Quarter Final,6.0,4.0,85.5,77.5
Greg Ritchie,Gabriel Clemens,2026-04-15,European Tour Card Holder Qualifier,Q,Quarter Final,0.0,6.0,79.31,88.41
Greg Ritchie,Niels Zonneveld,2026-04-14,Players Championship,PT,Last 128,5.0,6.0,92.55,99.26
Greg Ritchie,Martijn Dragt,2026-04-13,Players Championship,PT,Last 64,2.0,6.0,80.42,86.52
Greg Ritchie,Joe Cullen,2026-04-13,Players Championship,PT,Last 128,6.0,3.0,90.96,93.87
Greg Ritchie,Pascal Rupprecht,2026-04-01,European Tour Card Holder Qualifier,Q,Quarter Final,3.0,6.0,87.24,87.17
Greg Ritchie,Dennie Olde Kalter,2026-04-01,European Tour Card Holder Qualifier,Q,Quarter Final,5.0,6.0,81.61,84.42
Rhys Griffin,Cameron Menzies,2026-04-28,Players Championship,PT,Last 128,5.0,6.0,88.76,85.54
Rhys Griffin,Luke Humphries,2026-04-27,Players Championship,PT,Last 128,2.0,6.0,80.45,98.22
Rhys Griffin,Tom Bissell,2026-04-15,European Tour Card Holder Qualifier,Q,Semi Final,1.0,6.0,83.11,88.11
Rhys Griffin,Dimitri Van den Bergh,2026-04-15,European Tour Card Holder Qualifier,Q,Quarter Final,6.0,3.0,87.87,86.6
Rhys Griffin,Cristo Reyes,2026-04-15,European Tour Card Holder Qualifier,Q,Quarter Final,3.0,6.0,93.95,95.22
Rhys Griffin,Ross Smith,2026-04-14,Players Championship,PT,Last 128,0.0,6.0,89.5,101.33
Rhys Griffin,Chris Dobey,2026-04-13,Players Championship,PT,Last 64,1.0,6.0,100.24,109.74
Rhys Griffin,Shane McGuirk,2026-04-13,Players Championship,PT,Last 128,6.0,5.0,88.25,89.13
Rhys Griffin,Raymond van Barneveld,2026-04-01,European Tour Card Holder Qualifier,Q,Semi Final,3.0,6.0,86.64,89.53
Rhys Griffin,Marvin van Velzen,2026-04-01,European Tour Card Holder Qualifier,Q,Quarter Final,6.0,3.0,90.54,90.07
Kai Gotthardt,Karel Sedláček,2026-04-28,Players Championship,PT,Last 128,2.0,6.0,79.67,92.41
Kai Gotthardt,Danny Noppert,2026-04-27,Players Championship,PT,Last 128,3.0,6.0,89.82,103.63
Kai Gotthardt,Max Hopp,2026-04-01,European Tour Card Holder Qualifier,Q,Last 16,2.0,6.0,93.48,95.15
Kai Gotthardt,Yorick Hofkens,2026-04-01,European Tour Card Holder Qualifier,Q,Quarter Final,2.0,6.0,78.64,81.99
Kai Gotthardt,Krzysztof Ratajski,2026-03-31,Players Championship,PT,Last 128,5.0,6.0,89.42,94.72
Kai Gotthardt,Daryl Gurney,2026-03-30,Players Championship,PT,Last 128,2.0,6.0,82.48,87.77
Kai Gotthardt,Niko Springer,2026-03-13,European Tour,ET,Last 48 (Premier),5.0,6.0,89.65,87.19
Kai Gotthardt,Michael van Gerwen,2026-03-07,UK Open,MJ,Last 32,6.0,10.0,89.3,95.89
Kai Gotthardt,Tom Sykes,2026-03-06,UK Open,MJ,Last 64,10.0,8.0,90.09,91.12
Kai Gotthardt,Niko Springer,2026-03-06,UK Open,MJ,Last 96,6.0,4.0,87.69,85.52
Adam Gawlas,Damon Heta,2026-04-28,Players Championship,PT,Last 128,4.0,6.0,89.54,88.77
Adam Gawlas,Andrew Gilding,2026-04-27,Players Championship,PT,Last 128,5.0,6.0,91.42,99.47
Adam Gawlas,Sebastian Bialecki,2026-04-26,Development Tour,0,Last 64,0.0,4.0,80.8,96.97
Adam Gawlas,Ben Dixon,2026-04-26,Development Tour,0,Last 128,4.0,1.0,66.4,55.11
Adam Gawlas,Jonas Wagener,2026-04-26,Development Tour,0,Last 256,4.0,0.0,83.5,75.65
Adam Gawlas,Ashton Brown,2026-04-25,Development Tour,0,Last 16,0.0,4.0,78.38,89.73
Adam Gawlas,Henry Coates,2026-04-25,Development Tour,0,Last 32,4.0,2.0,92.88,88.71
Adam Gawlas,Jake Hobbs,2026-04-25,Development Tour,0,Last 64,4.0,1.0,85.19,78.32
Adam Gawlas,Ben Townley,2026-04-25,Development Tour,0,Last 128,4.0,2.0,75.13,73.83
Adam Gawlas,Thomas Banks,2026-04-25,Development Tour,0,Last 256,4.0,3.0,75.11,70.93
Dimitri Van den Bergh,Nathan Potter,2026-04-28,Players Championship,PT,Last 64,3.0,6.0,94.12,94.74
Dimitri Van den Bergh,Gian van Veen,2026-04-28,Players Championship,PT,Last 128,6.0,2.0,91.2,87.71
Dimitri Van den Bergh,Connor Scutt,2026-04-27,Players Championship,PT,Last 128,0.0,6.0,94.3,106.09
Dimitri Van den Bergh,Rhys Griffin,2026-04-15,European Tour Card Holder Qualifier,Q,Quarter Final,3.0,6.0,86.6,87.87
Dimitri Van den Bergh,James Hurrell,2026-04-15,European Tour Card Holder Qualifier,Q,Final,4.0,6.0,93.52,93.18
Dimitri Van den Bergh,Jurjen van der Velde,2026-04-15,European Tour Card Holder Qualifier,Q,Semi Final,6.0,1.0,100.56,80.88
Dimitri Van den Bergh,Mickey Mansell,2026-04-15,European Tour Card Holder Qualifier,Q,Quarter Final,6.0,2.0,84.08,71.42
Dimitri Van den Bergh,James Wade,2026-04-14,Players Championship,PT,Last 64,5.0,6.0,88.29,87.48
Dimitri Van den Bergh,Lukas Wenig,2026-04-14,Players Championship,PT,Last 128,6.0,3.0,95.82,87.46
Dimitri Van den Bergh,Andrew Gilding,2026-04-13,Players Championship,PT,Last 32,5.0,6.0,89.6,97.3
Adam Warner,Darryl Pilgrim,2026-04-28,Players Championship,PT,Last 128,4.0,6.0,88.3,93.6
Adam Warner,Ian White,2026-04-27,Players Championship,PT,Last 128,5.0,6.0,86.81,89.59
Adam Warner,Nick Kenny,2026-04-15,European Tour Card Holder Qualifier,Q,Quarter Final,4.0,6.0,81.34,83.0
Adam Warner,James Hurrell,2026-04-15,European Tour Card Holder Qualifier,Q,Quarter Final,5.0,6.0,85.5,90.05
Adam Warner,Dennie Olde Kalter,2026-04-14,Players Championship,PT,Last 128,1.0,6.0,83.61,89.51
Adam Warner,Marvin van Velzen,2026-04-13,Players Championship,PT,Last 128,2.0,6.0,76.48,82.09
Adam Warner,Maik Kuivenhoven,2026-04-01,European Tour Card Holder Qualifier,Q,Quarter Final,2.0,6.0,86.0,92.76
Adam Warner,Ritchie Edhouse,2026-04-01,European Tour Card Holder Qualifier,Q,Quarter Final,3.0,6.0,91.85,96.9
Adam Warner,Mervyn King,2026-03-31,Players Championship,PT,Last 128,3.0,6.0,88.63,103.89
Adam Warner,William O&#039;Connor,2026-03-30,Players Championship,PT,Last 128,5.0,6.0,94.5,102.19
Pascal Rupprecht,Kim Huybrechts,2026-04-01,European Tour Card Holder Qualifier,Q,Final,3.0,6.0,87.13,91.51
Pascal Rupprecht,Adam Gawlas,2026-04-01,European Tour Card Holder Qualifier,Q,Semi Final,6.0,0.0,83.5,76.88
Pascal Rupprecht,Greg Ritchie,2026-04-01,European Tour Card Holder Qualifier,Q,Quarter Final,6.0,3.0,87.17,87.24
Pascal Rupprecht,Niall Culleton,2026-04-01,European Tour Card Holder Qualifier,Q,Semi Final,4.0,6.0,85.18,83.49
Pascal Rupprecht,Tom Sykes,2026-04-01,European Tour Card Holder Qualifier,Q,Quarter Final,6.0,5.0,92.38,90.43
Pascal Rupprecht,Stephen Bunting,2026-03-31,Players Championship,PT,Last 64,3.0,6.0,92.09,95.84
Pascal Rupprecht,Cristo Reyes,2026-03-31,Players Championship,PT,Last 128,6.0,5.0,90.28,86.35
Pascal Rupprecht,Ross Smith,2026-03-30,Players Championship,PT,Last 128,5.0,6.0,84.68,92.54
Pascal Rupprecht,Joe Cullen,2026-03-06,UK Open,MJ,Last 96,3.0,6.0,91.92,98.29
Pascal Rupprecht,Jenson Walker,2026-03-06,UK Open,MJ,Last 128 (UK Open),6.0,1.0,82.1,75.79
Thomas Lovely,William O&#039;Connor,2026-04-28,Players Championship,PT,Last 128,2.0,6.0,87.74,99.13
Thomas Lovely,Beau Greaves,2026-04-27,Players Championship,PT,Last 64,4.0,6.0,92.84,96.42
Thomas Lovely,Daryl Gurney,2026-04-27,Players Championship,PT,Last 128,6.0,4.0,96.45,100.03
Thomas Lovely,Charlie Manby,2026-04-15,European Tour Card Holder Qualifier,Q,Final,3.0,6.0,90.56,89.39
Thomas Lovely,Yorick Hofkens,2026-04-15,European Tour Card Holder Qualifier,Q,Semi Final,6.0,3.0,90.87,85.05
Thomas Lovely,Dennie Olde Kalter,2026-04-15,European Tour Card Holder Qualifier,Q,Quarter Final,6.0,1.0,92.5,89.14
Thomas Lovely,Thibault Tricole,2026-04-15,European Tour Card Holder Qualifier,Q,Quarter Final,2.0,6.0,80.56,90.05
Thomas Lovely,Dominik Gruellich,2026-04-14,Players Championship,PT,Last 128,3.0,6.0,89.93,90.73
Thomas Lovely,Luke Woodhouse,2026-04-13,Players Championship,PT,Last 32,2.0,6.0,95.67,103.47
Thomas Lovely,Nick Kenny,2026-04-13,Players Championship,PT,Last 64,6.0,5.0,81.55,82.52
Jim Long,Alan Soutar,2026-04-28,Players Championship,PT,Last 128,3.0,6.0,85.9,94.36
Jim Long,Karel Sedláček,2026-04-27,Players Championship,PT,Last 128,2.0,6.0,86.83,97.46
Jim Long,Alexander Merkx,2026-04-14,Players Championship,PT,Last 128,1.0,6.0,90.61,96.64
Jim Long,Chris Dobey,2026-04-13,Players Championship,PT,Last 32,2.0,6.0,85.71,97.67
Jim Long,Benjamin Pratnemer,2026-04-13,Players Championship,PT,Last 64,6.0,2.0,90.0,86.07
Jim Long,Mario Vandenbogaerde,2026-04-13,Players Championship,PT,Last 128,6.0,1.0,99.0,90.98
Jim Long,Shane McGuirk,2026-04-01,European Tour Card Holder Qualifier,Q,Semi Final,5.0,6.0,91.31,96.75
Jim Long,Jimmy van Schie,2026-04-01,European Tour Card Holder Qualifier,Q,Quarter Final,6.0,2.0,93.61,77.85
Jim Long,Stephen Bunting,2026-03-31,Players Championship,PT,Last 32,3.0,6.0,86.68,89.98
Jim Long,Greg Ritchie,2026-03-31,Players Championship,PT,Last 64,6.0,4.0,95.5,87.43
Arno Merk,Nathan Potter,2026-04-28,Players Championship,PT,Last 128,5.0,6.0,89.21,95.01
Arno Merk,Adam Leek,2026-04-27,Players Championship,PT,Last 64,5.0,6.0,86.79,82.47
Arno Merk,Tommy Lishman,2026-04-27,Players Championship,PT,Last 128,6.0,3.0,85.68,86.54
Arno Merk,Mensur Suljović,2026-04-15,European Tour Card Holder Qualifier,Q,Quarter Final,2.0,6.0,82.27,84.07
Arno Merk,Callan Rydz,2026-04-14,Players Championship,PT,Last 64,3.0,6.0,88.36,89.89
Arno Merk,Niko Springer,2026-04-14,Players Championship,PT,Last 128,6.0,0.0,95.94,88.07
Arno Merk,Kevin Doets,2026-04-13,Players Championship,PT,Last 64,2.0,6.0,90.11,96.2
Arno Merk,Viktor Tingstrom,2026-04-13,Players Championship,PT,Last 128,6.0,4.0,85.37,88.66
Arno Merk,Madars Razma,2026-04-01,European Tour Card Holder Qualifier,Q,Semi Final,5.0,6.0,87.12,90.17
Arno Merk,Darryl Pilgrim,2026-04-01,European Tour Card Holder Qualifier,Q,Quarter Final,6.0,4.0,89.81,88.13
Sietse Lap,Jermaine Wattimena,2026-04-28,Players Championship,PT,Last 64,3.0,6.0,88.86,95.28
Sietse Lap,Jeffrey Sparidaans,2026-04-28,Players Championship,PT,Last 128,6.0,1.0,97.61,87.26
Sietse Lap,Gian van Veen,2026-04-27,Players Championship,PT,Last 128,3.0,6.0,95.35,98.58
Sietse Lap,Cam Crabtree,2026-04-15,European Tour Card Holder Qualifier,Q,Quarter Final,2.0,6.0,95.5,100.41
Sietse Lap,Sebastian Bialecki,2026-04-15,European Tour Card Holder Qualifier,Q,Final,5.0,6.0,93.68,93.27
Sietse Lap,Madars Razma,2026-04-15,European Tour Card Holder Qualifier,Q,Semi Final,6.0,4.0,89.53,84.23
Sietse Lap,Alexander Merkx,2026-04-15,European Tour Card Holder Qualifier,Q,Quarter Final,6.0,5.0,96.58,90.44
Sietse Lap,Scott Williams,2026-04-14,Players Championship,PT,Last 128,2.0,6.0,83.04,87.63
Sietse Lap,Madars Razma,2026-04-13,Players Championship,PT,Last 64,4.0,6.0,77.76,87.69
Sietse Lap,Stephen Rosney,2026-04-13,Players Championship,PT,Last 128,6.0,4.0,87.14,87.37
Jeffrey Sparidaans,Sietse Lap,2026-04-28,Players Championship,PT,Last 128,1.0,6.0,87.26,97.61
Jeffrey Sparidaans,Beau Greaves,2026-04-27,Players Championship,PT,Last 32,2.0,6.0,84.23,97.49
Jeffrey Sparidaans,Niko Springer,2026-04-27,Players Championship,PT,Last 64,6.0,2.0,101.07,85.73
Jeffrey Sparidaans,Matthias Ehlers,2026-04-27,Players Championship,PT,Last 128,6.0,3.0,84.33,80.72
Jeffrey Sparidaans,Stefan Bellmont,2026-04-15,European Tour Card Holder Qualifier,Q,Final,6.0,4.0,86.45,89.86
Jeffrey Sparidaans,Lukas Wenig,2026-04-15,European Tour Card Holder Qualifier,Q,Semi Final,6.0,5.0,99.27,96.37
Jeffrey Sparidaans,Thibault Tricole,2026-04-15,European Tour Card Holder Qualifier,Q,Quarter Final,6.0,3.0,82.7,79.81
Jeffrey Sparidaans,Richard Veenstra,2026-04-15,European Tour Card Holder Qualifier,Q,Quarter Final,4.0,6.0,89.31,91.62
Jeffrey Sparidaans,Niall Culleton,2026-04-15,European Tour Card Holder Qualifier,Q,Last 16,6.0,4.0,88.69,85.61
Jeffrey Sparidaans,Stephen Bunting,2026-04-14,Players Championship,PT,Last 64,2.0,6.0,92.3,98.3
Carl Sneyd,Tom Bissell,2026-04-28,Players Championship,PT,Last 128,0.0,6.0,89.64,100.2
Carl Sneyd,James Wade,2026-04-27,Players Championship,PT,Last 128,4.0,6.0,84.93,92.07
Carl Sneyd,Niall Culleton,2026-04-15,European Tour Card Holder Qualifier,Q,Quarter Final,0.0,6.0,87.74,92.02
Carl Sneyd,Christian Kist,2026-04-15,European Tour Card Holder Qualifier,Q,Quarter Final,4.0,6.0,87.44,87.6
Carl Sneyd,Ryan Joyce,2026-04-14,Players Championship,PT,Last 128,3.0,6.0,88.73,95.7
Carl Sneyd,Niko Springer,2026-04-13,Players Championship,PT,Last 128,0.0,6.0,73.09,82.73
Carl Sneyd,Tom Bissell,2026-04-01,European Tour Card Holder Qualifier,Q,Last 16,5.0,6.0,88.68,99.02
Carl Sneyd,Dave Chisnall,2026-03-31,Players Championship,PT,Last 128,1.0,6.0,92.91,101.97
Carl Sneyd,Jonny Clayton,2026-03-30,Players Championship,PT,Last 64,3.0,6.0,84.26,93.22
Carl Sneyd,Dennie Olde Kalter,2026-03-30,Players Championship,PT,Last 128,6.0,1.0,83.74,85.65
Adam Leek,Benjamin Pratnemer,2026-04-28,Players Championship,PT,Last 128,3.0,6.0,78.74,84.83
Adam Leek,Leon Weber,2026-04-27,Players Championship,PT,Last 32,5.0,6.0,79.72,92.41
Adam Leek,Arno Merk,2026-04-27,Players Championship,PT,Last 64,6.0,5.0,82.47,86.79
Adam Leek,Josh Rock,2026-04-27,Players Championship,PT,Last 128,6.0,3.0,96.27,89.84
Adam Leek,Keane Barry,2026-04-15,European Tour Card Holder Qualifier,Q,Semi Final,3.0,6.0,90.19,96.02
Adam Leek,Cor Dekker,2026-04-15,European Tour Card Holder Qualifier,Q,Quarter Final,6.0,3.0,90.65,80.8
Adam Leek,Shane McGuirk,2026-04-15,European Tour Card Holder Qualifier,Q,Semi Final,2.0,6.0,85.47,96.03
Adam Leek,Raymond van Barneveld,2026-04-15,European Tour Card Holder Qualifier,Q,Quarter Final,6.0,5.0,95.24,85.91
Adam Leek,Darryl Pilgrim,2026-04-14,Players Championship,PT,Last 128,4.0,6.0,93.42,99.53
Adam Leek,Steve Lennon,2026-04-13,Players Championship,PT,Last 32,4.0,6.0,84.28,88.8
Leon Weber,Sam Price,2026-04-28,Players Championship,PT,Last 128,5.0,6.0,89.13,87.45
Leon Weber,Wessel Nijman,2026-04-27,Players Championship,PT,Last 16,1.0,6.0,88.44,93.68
Leon Weber,Adam Leek,2026-04-27,Players Championship,PT,Last 32,6.0,5.0,92.41,79.72
Leon Weber,Jeffrey de Graaf,2026-04-27,Players Championship,PT,Last 64,6.0,5.0,98.57,100.27
Leon Weber,Ryan Searle,2026-04-27,Players Championship,PT,Last 128,6.0,3.0,89.11,83.92
Leon Weber,Ieuan Halsall,2026-04-26,Development Tour,0,Last 64,0.0,4.0,84.1,91.09
Leon Weber,Josh Brown,2026-04-26,Development Tour,0,Last 128,4.0,3.0,80.19,78.36
Leon Weber,Reece Pauling,2026-04-26,Development Tour,0,Last 256,4.0,3.0,86.72,83.37
Leon Weber,Archie Self,2026-04-25,Development Tour,0,Last 64,3.0,4.0,88.16,83.72
Leon Weber,Alfie Busby,2026-04-25,Development Tour,0,Last 128,4.0,0.0,69.91,55.21
Niall Culleton,Joe Hunt,2026-04-28,Players Championship,PT,Last 128,3.0,6.0,84.16,94.15
Niall Culleton,Dirk van Duijvenbode,2026-04-27,Players Championship,PT,Last 128,4.0,6.0,85.94,90.66
Niall Culleton,Madars Razma,2026-04-15,European Tour Card Holder Qualifier,Q,Final,3.0,6.0,83.01,92.66
Niall Culleton,Jurjen van der Velde,2026-04-15,European Tour Card Holder Qualifier,Q,Semi Final,6.0,5.0,81.08,86.41
Niall Culleton,Carl Sneyd,2026-04-15,European Tour Card Holder Qualifier,Q,Quarter Final,6.0,0.0,92.02,87.74
Niall Culleton,Jeffrey Sparidaans,2026-04-15,European Tour Card Holder Qualifier,Q,Last 16,4.0,6.0,85.61,88.69
Niall Culleton,Gabriel Clemens,2026-04-14,Players Championship,PT,Last 128,0.0,6.0,84.63,91.09
Niall Culleton,Justin Hood,2026-04-13,Players Championship,PT,Last 32,3.0,6.0,86.24,100.78
Niall Culleton,Mike De Decker,2026-04-13,Players Championship,PT,Last 64,6.0,3.0,87.83,90.53
Niall Culleton,Leon Weber,2026-04-13,Players Championship,PT,Last 128,6.0,3.0,91.77,81.39
Adam Paxton,Stefan Bellmont,2026-04-28,Players Championship,PT,Last 128,4.0,6.0,82.02,86.19
Adam Paxton,Rob Cross,2026-04-27,Players Championship,PT,Last 128,2.0,6.0,85.92,95.28
Adam Paxton,Greg Ritchie,2026-04-15,European Tour Card Holder Qualifier,Q,Quarter Final,4.0,6.0,77.5,85.5
Adam Paxton,Ricardo Pietreczko,2026-04-15,European Tour Card Holder Qualifier,Q,Quarter Final,2.0,6.0,76.18,83.4
Adam Paxton,Josh Rock,2026-04-14,Players Championship,PT,Last 128,4.0,6.0,90.33,96.28
Adam Paxton,Max Hopp,2026-04-13,Players Championship,PT,Last 128,4.0,6.0,81.4,95.81
Adam Paxton,Adam Lipscombe,2026-04-01,European Tour Card Holder Qualifier,Q,Quarter Final,1.0,6.0,84.64,86.23
Adam Paxton,Sebastian Bialecki,2026-04-01,European Tour Card Holder Qualifier,Q,Quarter Final,0.0,6.0,83.41,96.97
Adam Paxton,Christian Kist,2026-03-31,Players Championship,PT,Last 64,4.0,6.0,85.95,92.61
Adam Paxton,Jimmy van Schie,2026-03-31,Players Championship,PT,Last 128,6.0,2.0,88.25,87.71
Stefan Bellmont,Beau Greaves,2026-04-28,Players Championship,PT,Last 32,3.0,6.0,80.64,84.1
Stefan Bellmont,William O&#039;Connor,2026-04-28,Players Championship,PT,Last 64,6.0,4.0,84.24,81.9
Stefan Bellmont,Adam Paxton,2026-04-28,Players Championship,PT,Last 128,6.0,4.0,86.19,82.02
Stefan Bellmont,Max Hopp,2026-04-27,Players Championship,PT,Last 128,1.0,6.0,80.88,99.74
Stefan Bellmont,Jeffrey Sparidaans,2026-04-15,European Tour Card Holder Qualifier,Q,Final,4.0,6.0,89.86,86.45
Stefan Bellmont,Sebastian Bialecki,2026-04-15,European Tour Card Holder Qualifier,Q,Semi Final,6.0,2.0,91.56,86.55
Stefan Bellmont,Callan Rydz,2026-04-15,European Tour Card Holder Qualifier,Q,Quarter Final,6.0,4.0,86.16,87.5
Stefan Bellmont,Tom Bissell,2026-04-15,European Tour Card Holder Qualifier,Q,Quarter Final,4.0,6.0,89.37,91.51
Stefan Bellmont,Peter Wright,2026-04-14,Players Championship,PT,Last 128,5.0,6.0,82.69,89.81
Stefan Bellmont,Wessel Nijman,2026-04-13,Players Championship,PT,Last 128,2.0,6.0,78.82,87.57
Viktor Tingstrom,Rob Owen,2026-04-28,Players Championship,PT,Last 128,3.0,6.0,84.2,83.31
Viktor Tingstrom,Owen Bates,2026-04-27,Players Championship,PT,Last 128,5.0,6.0,92.27,90.16
Viktor Tingstrom,Cor Dekker,2026-04-26,Nordic Baltic Tour,0,Semi Final,5.0,6.0,87.22,87.74
Viktor Tingstrom,Dmitriy Zhukov,2026-04-26,Nordic Baltic Tour,0,Quarter Final,6.0,5.0,82.73,79.37
Viktor Tingstrom,Daniel Larsson,2026-04-26,Nordic Baltic Tour,0,Last 16,6.0,3.0,90.83,91.9
Viktor Tingstrom,Mattias Jonsson,2026-04-26,Nordic Baltic Tour,0,Last 32,6.0,5.0,83.87,79.68
Viktor Tingstrom,Brian Lokken,2026-04-26,Nordic Baltic Tour,0,Last 64,6.0,1.0,88.86,78.61
Viktor Tingstrom,Darius Labanauskas,2026-04-25,Nordic Baltic Tour,0,Semi Final,3.0,6.0,84.0,95.22
Viktor Tingstrom,Mio Varila,2026-04-25,Nordic Baltic Tour,0,Quarter Final,6.0,1.0,90.59,81.25
Viktor Tingstrom,Jonas Sorensen,2026-04-25,Nordic Baltic Tour,0,Last 16,6.0,0.0,96.97,71.9
Sam Price,Stephen Bunting,2026-04-28,Players Championship,PT,Last 64,1.0,6.0,69.49,89.19
Sam Price,Leon Weber,2026-04-28,Players Championship,PT,Last 128,6.0,5.0,87.45,89.13
Sam Price,Dave Chisnall,2026-04-27,Players Championship,PT,Last 128,5.0,6.0,90.32,96.8
Sam Price,Yorick Hofkens,2026-04-15,European Tour Card Holder Qualifier,Q,Quarter Final,5.0,6.0,89.85,88.92
Sam Price,Mervyn King,2026-04-15,European Tour Card Holder Qualifier,Q,Last 16,6.0,5.0,86.86,91.25
Sam Price,Bradley Brooks,2026-04-15,European Tour Card Holder Qualifier,Q,Quarter Final,3.0,6.0,85.92,86.79
Sam Price,Jack Tweddell,2026-04-14,Players Championship,PT,Last 128,5.0,6.0,83.93,89.3
Sam Price,Luke Woodhouse,2026-04-13,Players Championship,PT,Last 128,4.0,6.0,83.23,99.77
Sam Price,Keane Barry,2026-04-01,European Tour Card Holder Qualifier,Q,Quarter Final,2.0,6.0,88.29,90.48
Sam Price,Robert Owen,2026-04-01,European Tour Card Holder Qualifier,Q,Quarter Final,5.0,6.0,94.79,92.76
Oskar Lukasiak,Cristo Reyes,2026-04-28,Players Championship,PT,Last 128,4.0,6.0,83.73,93.48
Oskar Lukasiak,Shane McGuirk,2026-04-27,Players Championship,PT,Last 128,1.0,6.0,82.0,88.65
Oskar Lukasiak,Ralfs Laumanis,2026-04-26,Nordic Baltic Tour,0,Last 64,4.0,6.0,73.22,76.04
Oskar Lukasiak,Johan Engstrom,2026-04-25,Nordic Baltic Tour,0,Last 32,2.0,6.0,83.18,89.09
Oskar Lukasiak,Edwin Torbjornsson,2026-04-25,Nordic Baltic Tour,0,Last 64,6.0,3.0,82.14,74.62
Oskar Lukasiak,Danny Noppert,2026-04-18,European Tour,ET,Last 32,5.0,6.0,86.77,84.53
Oskar Lukasiak,Daryl Gurney,2026-04-17,European Tour,ET,Last 48 (Premier),6.0,5.0,82.37,77.8
Oskar Lukasiak,Richard Veenstra,2026-04-01,European Tour Card Holder Qualifier,Q,Final,6.0,2.0,82.11,77.44
Oskar Lukasiak,Martin Lukeman,2026-04-01,European Tour Card Holder Qualifier,Q,Semi Final,6.0,3.0,90.86,84.94
Oskar Lukasiak,Chris Landman,2026-04-01,European Tour Card Holder Qualifier,Q,Quarter Final,6.0,5.0,87.61,90.56
Stefaan Henderyck,Charlie Manby,2026-04-28,Players Championship,PT,Last 128,1.0,6.0,81.03,86.69
Stefaan Henderyck,Mike De Decker,2026-04-27,Players Championship,PT,Last 128,1.0,6.0,90.38,101.67
Stefaan Henderyck,Maik Kuivenhoven,2026-04-01,European Tour Card Holder Qualifier,Q,Last 16,2.0,6.0,88.79,90.41
Stefaan Henderyck,Michael Smith,2026-04-01,European Tour Card Holder Qualifier,Q,Quarter Final,0.0,6.0,82.12,89.29
Stefaan Henderyck,Kim Huybrechts,2026-03-31,Players Championship,PT,Last 128,2.0,6.0,81.18,93.98
Stefaan Henderyck,Matthias Ehlers,2026-03-30,Players Championship,PT,Last 128,5.0,6.0,78.36,86.72
Stefaan Henderyck,Robert Owen,2026-03-06,UK Open,MJ,Last 160 (UK Open),4.0,6.0,87.1,90.86
Stefaan Henderyck,Tom Bissell,2026-02-25,Players Championship,PT,Last 32,4.0,6.0,89.92,92.72
Stefaan Henderyck,Martin Lukeman,2026-02-25,Players Championship,PT,Last 64,6.0,4.0,79.94,82.67
Stefaan Henderyck,Filip Bereza,2026-02-25,Players Championship,PT,Last 128,6.0,5.0,85.38,80.7
Marvin van Velzen,Tommy Lishman,2026-04-28,Players Championship,PT,Last 32,5.0,6.0,84.98,92.65
Marvin van Velzen,Nick Kenny,2026-04-28,Players Championship,PT,Last 64,6.0,5.0,87.64,81.27
Marvin van Velzen,Matthias Ehlers,2026-04-28,Players Championship,PT,Last 128,6.0,1.0,83.21,82.18
Marvin van Velzen,Cristo Reyes,2026-04-27,Players Championship,PT,Last 128,3.0,6.0,93.9,106.29
Marvin van Velzen,Mensur Suljović,2026-04-15,European Tour Card Holder Qualifier,Q,Last 16,2.0,6.0,83.14,99.33
Marvin van Velzen,Brendan Dolan,2026-04-15,European Tour Card Holder Qualifier,Q,Quarter Final,4.0,6.0,93.45,97.37
Marvin van Velzen,Cameron Menzies,2026-04-14,Players Championship,PT,Last 64,3.0,6.0,84.24,89.38
Marvin van Velzen,Tytus Kanik,2026-04-14,Players Championship,PT,Last 128,6.0,4.0,77.98,85.42
Marvin van Velzen,Beau Greaves,2026-04-13,Players Championship,PT,Last 64,3.0,6.0,83.36,89.88
Marvin van Velzen,Adam Warner,2026-04-13,Players Championship,PT,Last 128,6.0,2.0,82.09,76.48
Yorick Hofkens,Gary Anderson,2026-04-28,Players Championship,PT,Last 128,2.0,6.0,85.27,107.34
Yorick Hofkens,Sebastian Bialecki,2026-04-27,Players Championship,PT,Last 128,4.0,6.0,95.51,97.18
Yorick Hofkens,Tom Garfield,2026-04-26,Development Tour,0,Last 256,1.0,4.0,79.35,87.18
Yorick Hofkens,Archie Self,2026-04-25,Development Tour,0,Last 256,3.0,4.0,84.55,78.61
Yorick Hofkens,Shaun Conway,2026-04-25,Development Tour,0,Last 512,4.0,1.0,84.17,62.38
Yorick Hofkens,Ben Townley,2026-04-25,Development Tour,0,Semi Final,3.0,5.0,82.99,83.18
Yorick Hofkens,James Beeton,2026-04-25,Development Tour,0,Quarter Final,5.0,3.0,99.1,85.84
Yorick Hofkens,Ieuan Halsall,2026-04-25,Development Tour,0,Last 16,4.0,2.0,79.39,75.97
Yorick Hofkens,Jurjen van der Velde,2026-04-25,Development Tour,0,Last 32,4.0,3.0,89.18,87.64
Yorick Hofkens,Oscar Saxton,2026-04-25,Development Tour,0,Last 64,4.0,0.0,98.56,82.4
Maximilian Czerwinski,Ryan Searle,2026-04-28,Players Championship,PT,Last 64,4.0,6.0,90.14,94.31
Maximilian Czerwinski,Peter Wright,2026-04-28,Players Championship,PT,Last 128,6.0,3.0,92.74,83.74
Maximilian Czerwinski,Madars Razma,2026-04-27,Players Championship,PT,Last 128,2.0,6.0,91.79,93.18
Maximilian Czerwinski,Chris Landman,2026-04-15,European Tour Card Holder Qualifier,Q,Quarter Final,5.0,6.0,84.29,85.24
Maximilian Czerwinski,Raymond van Barneveld,2026-04-14,Players Championship,PT,Last 128,2.0,6.0,83.98,98.65
Maximilian Czerwinski,Steve Lennon,2026-04-13,Players Championship,PT,Last 128,1.0,6.0,76.7,88.86
Maximilian Czerwinski,Darius Labanauskas,2026-03-06,UK Open,MJ,Last 160 (UK Open),3.0,6.0,81.52,90.33
Maximilian Czerwinski,Paul Krohne,2026-03-01,European Tour Home Nation Qualifier,Q,Semi Final,4.0,6.0,79.09,81.24
Maximilian Czerwinski,Daniel Bauerdick,2026-03-01,European Tour Home Nation Qualifier,Q,Quarter Final,6.0,2.0,76.53,73.87
Marvin Kraft,Niko Springer,2026-04-28,Players Championship,PT,Last 128,1.0,6.0,86.47,95.83
Marvin Kraft,Michael Smith,2026-04-27,Players Championship,PT,Last 128,5.0,6.0,80.27,82.32
Marvin Kraft,Kim Huybrechts,2026-04-15,European Tour Card Holder Qualifier,Q,Quarter Final,3.0,6.0,92.31,88.7
Marvin Kraft,Sebastian Bialecki,2026-04-15,European Tour Card Holder Qualifier,Q,Quarter Final,5.0,6.0,88.1,98.85
Marvin Kraft,Cam Crabtree,2026-04-14,Players Championship,PT,Last 128,2.0,6.0,99.97,101.62
Marvin Kraft,Andrew Gilding,2026-04-13,Players Championship,PT,Last 128,4.0,6.0,89.0,89.17
Marvin Kraft,Maik Kuivenhoven,2026-04-01,European Tour Card Holder Qualifier,Q,Semi Final,3.0,6.0,86.28,93.65
Marvin Kraft,Ricky Evans,2026-04-01,European Tour Card Holder Qualifier,Q,Quarter Final,6.0,4.0,96.64,92.77
Marvin Kraft,Stefan Bellmont,2026-04-01,European Tour Card Holder Qualifier,Q,Semi Final,1.0,6.0,79.78,91.62
Marvin Kraft,Bradley Brooks,2026-04-01,European Tour Card Holder Qualifier,Q,Quarter Final,6.0,2.0,84.33,85.33
Rusty-Jake Rodriguez,Jimmy van Schie,2026-04-28,Players Championship,PT,Last 64,3.0,6.0,83.69,94.85
Rusty-Jake Rodriguez,Ian White,2026-04-28,Players Championship,PT,Last 128,6.0,4.0,89.17,87.04
Rusty-Jake Rodriguez,Niko Springer,2026-04-27,Players Championship,PT,Last 128,3.0,6.0,81.81,85.91
Rusty-Jake Rodriguez,Darius Labanauskas,2026-04-15,European Tour Card Holder Qualifier,Q,Last 16,1.0,6.0,84.05,87.28
Rusty-Jake Rodriguez,Ricky Evans,2026-04-15,European Tour Card Holder Qualifier,Q,Quarter Final,2.0,6.0,79.52,88.96
Rusty-Jake Rodriguez,Ted Evetts,2026-04-14,Players Championship,PT,Last 128,3.0,6.0,71.84,77.39
Rusty-Jake Rodriguez,Cor Dekker,2026-04-13,Players Championship,PT,Last 128,2.0,6.0,82.21,86.8
Rusty-Jake Rodriguez,Martin Lukeman,2026-04-01,European Tour Card Holder Qualifier,Q,Quarter Final,2.0,6.0,81.67,86.08
Rusty-Jake Rodriguez,Niko Springer,2026-03-31,Players Championship,PT,Last 128,1.0,6.0,85.6,91.23
Rusty-Jake Rodriguez,Jermaine Wattimena,2026-03-30,Players Championship,PT,Last 128,1.0,6.0,84.29,97.44
Matthias Ehlers,Marvin van Velzen,2026-04-28,Players Championship,PT,Last 128,1.0,6.0,82.18,83.21
Matthias Ehlers,Jeffrey Sparidaans,2026-04-27,Players Championship,PT,Last 128,3.0,6.0,80.72,84.33
Matthias Ehlers,Christian Kist,2026-04-15,European Tour Card Holder Qualifier,Q,Quarter Final,5.0,6.0,78.97,85.52
Matthias Ehlers,Justin Hood,2026-04-15,European Tour Card Holder Qualifier,Q,Quarter Final,0.0,6.0,67.24,79.11
Matthias Ehlers,Adam Lipscombe,2026-04-14,Players Championship,PT,Last 128,1.0,6.0,80.68,92.04
Matthias Ehlers,Rob Cross,2026-04-13,Players Championship,PT,Last 128,1.0,6.0,73.44,84.75
Matthias Ehlers,Rob Cross,2026-04-01,European Tour Card Holder Qualifier,Q,Quarter Final,3.0,6.0,85.02,98.4
Matthias Ehlers,Chris Landman,2026-04-01,European Tour Card Holder Qualifier,Q,Quarter Final,5.0,6.0,85.96,87.61
Matthias Ehlers,Shane McGuirk,2026-03-31,Players Championship,PT,Last 128,2.0,6.0,83.19,89.85
Matthias Ehlers,Michael van Gerwen,2026-03-30,Players Championship,PT,Last 64,3.0,6.0,78.06,85.49
Tytus Kanik,Sebastian Bialecki,2026-04-28,Players Championship,PT,Last 128,3.0,6.0,94.17,101.98
Tytus Kanik,Ricardo Pietreczko,2026-04-27,Players Championship,PT,Last 128,4.0,6.0,81.14,82.54
Tytus Kanik,Tom Bissell,2026-04-15,European Tour Card Holder Qualifier,Q,Quarter Final,2.0,6.0,77.05,90.87
Tytus Kanik,Jeffrey de Zwaan,2026-04-15,European Tour Card Holder Qualifier,Q,Quarter Final,1.0,6.0,72.14,91.57
Tytus Kanik,Marvin van Velzen,2026-04-14,Players Championship,PT,Last 128,4.0,6.0,85.42,77.98
Tytus Kanik,Callan Rydz,2026-04-13,Players Championship,PT,Last 128,2.0,6.0,78.02,87.91
Tytus Kanik,Cristo Reyes,2026-04-01,European Tour Card Holder Qualifier,Q,Quarter Final,2.0,6.0,90.73,91.29
Tytus Kanik,Wessel Nijman,2026-03-31,Players Championship,PT,Last 32,0.0,6.0,75.97,86.71
Tytus Kanik,Arno Merk,2026-03-31,Players Championship,PT,Last 64,6.0,5.0,89.39,92.73
Filip Bereza,Mervyn King,2026-04-28,Players Championship,PT,Last 128,3.0,6.0,81.7,85.4
Filip Bereza,Rob Cross,2026-04-27,Players Championship,PT,Last 64,1.0,6.0,85.43,93.83
Filip Bereza,Joe Cullen,2026-04-27,Players Championship,PT,Last 128,6.0,4.0,82.88,88.22
Filip Bereza,Jeffrey de Zwaan,2026-04-15,European Tour Card Holder Qualifier,Q,Semi Final,5.0,6.0,80.45,79.7
Filip Bereza,Beau Greaves,2026-04-15,European Tour Card Holder Qualifier,Q,Quarter Final,6.0,5.0,88.25,92.86
Filip Bereza,Ryan Meikle,2026-04-15,European Tour Card Holder Qualifier,Q,Quarter Final,4.0,6.0,83.64,86.48
Filip Bereza,Charlie Manby,2026-04-14,Players Championship,PT,Last 64,3.0,6.0,92.82,95.15
Filip Bereza,Connor Scutt,2026-04-14,Players Championship,PT,Last 128,6.0,4.0,90.39,91.34
Filip Bereza,Josh Rock,2026-04-13,Players Championship,PT,Last 128,2.0,6.0,89.3,110.8
Filip Bereza,Wesley Plaisier,2026-04-01,European Tour Card Holder Qualifier,Q,Quarter Final,2.0,6.0,79.22,95.14
Pero Ljubić,Tyler Thorpe,2026-03-06,UK Open,MJ,Last 128 (UK Open),0.0,6.0,81.42,92.97
Pero Ljubić,Kim Huybrechts,2026-02-25,Players Championship,PT,Last 128,2.0,6.0,75.63,92.93
Pero Ljubić,Niels Zonneveld,2026-02-24,Players Championship,PT,Last 128,2.0,6.0,85.98,92.79
Pero Ljubić,Stephen Rosney,2026-02-18,European Tour Card Holder Qualifier,Q,Last 16,4.0,6.0,93.79,97.67
Pero Ljubić,Tavis Dudeney,2026-02-18,European Tour Card Holder Qualifier,Q,Quarter Final,5.0,6.0,71.93,77.15
Pero Ljubić,Stephen Rosney,2026-02-17,Players Championship,PT,Last 128,0.0,6.0,83.17,94.93
Pero Ljubić,Stephen Rosney,2026-02-16,Players Championship,PT,Last 128,1.0,6.0,77.23,85.75
Pero Ljubić,Andy Boulton,2026-02-11,European Tour Card Holder Qualifier,Q,Last 16,4.0,6.0,86.51,93.48
Pero Ljubić,Sebastian Bialecki,2026-02-11,European Tour Card Holder Qualifier,Q,Quarter Final,1.0,6.0,77.89,91.49
Pero Ljubić,Bradley Brooks,2026-02-10,Players Championship,PT,Last 128,5.0,6.0,80.01,84.19
Tavis Dudeney,Kim Huybrechts,2026-04-28,Players Championship,PT,Last 128,2.0,6.0,80.5,95.42
Tavis Dudeney,Callan Rydz,2026-04-27,Players Championship,PT,Last 128,4.0,6.0,88.29,95.51
Tavis Dudeney,Jenson Walker,2026-04-26,Development Tour,0,Last 64,2.0,4.0,96.42,94.47
Tavis Dudeney,Niclas Wierling,2026-04-26,Development Tour,0,Last 128,4.0,2.0,85.98,77.44
Tavis Dudeney,Dan Outwin,2026-04-26,Development Tour,0,Last 256,4.0,2.0,79.3,80.25
Tavis Dudeney,Matthias Moors,2026-04-26,Development Tour,0,Last 512,4.0,0.0,95.43,81.1
Tavis Dudeney,Lewis Cook,2026-04-25,Development Tour,0,Last 64,2.0,4.0,85.73,83.58
Tavis Dudeney,Lukas Fraulob,2026-04-25,Development Tour,0,Last 128,4.0,0.0,70.73,62.63
Tavis Dudeney,Lee David Smith,2026-04-25,Development Tour,0,Last 256,4.0,2.0,74.77,64.49
Tavis Dudeney,Devin Sommerdijk,2026-04-25,Development Tour,0,Last 512,4.0,1.0,80.19,66.68
